ticker,name,sector,quarter,date,mode,alpha_base,alpha_eff,stock_price,gold_price,M_L_billions,M_H_billions,M_P_billions,M_M_billions,M_F_billions,substrate_billions,substrate_prod,retarded_productivity,tau_turnover,ccc_days,drucker_prager_phi,is_yield_ruptured,VAM,SDI,SDI_linear,PDR,MSI,manifold_SDI,macro_xi,aggregation_mode,prod_growth,mf_growth,sub_growth,regime,prediction,confidence,fwd_return_6m,fwd_return_12m,fwd_return_24m,fwd_drawdown_12m,fwd_drawdown_24m,has_crash_12m,has_crash_24m,is_correct
AAPL,Apple Inc.,Information Technology,2017-Q1,2017-03-31,usd,1.25,2.0784,33.16481399536133,1247.300048828125,8.09,25.98,27.16,82.36,690.6,35.9,1.55,1.58,0.0043,-52.5,0.4262,False,0.7132,0.1888,0.1278,3.265,0.8662,-0.0342,1.0,median,-0.0718,0.1842,0.0564,Regime 2 (Subcritical),CAUTION,0.55,0.0815,0.1864,0.3636,-0.0207,-0.0207,False,False,
AAPL,Apple Inc.,Information Technology,2017-Q2,2017-06-30,usd,1.25,2.0784,33.38515090942383,1240.699951171875,8.11,26.88,29.29,69.95,690.38,33.56,1.2455,1.6055,0.0052,-69.2,0.45,False,0.7185,0.1563,0.1094,2.212,0.84,-0.0019,1.0,median,-0.0558,0.1996,0.0902,Regime 2 (Subcritical),CAUTION,0.55,0.1839,0.3053,0.4169,-0.009,-0.009,False,False,
AAPL,Apple Inc.,Information Technology,2017-Q3,2017-09-30,usd,1.25,2.0784,35.86673355102539,1281.5,8.02,26.88,33.78,79.72,735.44,37.1,1.3142,1.5931,0.0049,-87.0,0.4219,False,0.7155,0.1424,0.1616,2.287,0.8398,0.0145,0.9786,median,0.0229,0.2872,0.1256,Regime 2 (Subcritical),CAUTION,0.55,0.0992,0.4898,0.5011,-0.0021,-0.0583,False,False,
AAPL,Apple Inc.,Information Technology,2017-Q4,2017-12-31,usd,1.25,2.0784,39.524696350097656,1306.300048828125,8.04,30.55,33.68,135.65,803.4,51.98,2.1119,1.5723,0.0032,-74.1,0.3526,False,0.6929,0.1952,0.2325,2.803,0.9512,0.134,0.8327,median,0.0439,0.3615,0.129,Regime 2 (Subcritical),CAUTION,0.55,0.0831,-0.0705,0.7563,-0.1348,-0.1622,False,False,
AAPL,Apple Inc.,Information Technology,2018-Q1,2018-03-31,usd,1.25,2.0784,39.34580993652344,1322.800048828125,8.04,30.11,35.08,93.69,777.99,41.73,1.4372,1.5844,0.0041,-43.1,0.4709,False,0.7102,-0.0338,-0.0313,0.792,0.9488,0.0628,0.9139,median,0.0028,0.1192,0.1505,Regime 2 (Subcritical),CAUTION,0.55,0.3643,0.157,0.5723,-0.1376,-0.1376,False,False,
AAPL,Apple Inc.,Information Technology,2018-Q2,2018-06-30,usd,1.25,2.0784,43.57723617553711,1251.300048828125,8.04,31.24,38.12,81.68,844.16,39.77,1.1778,1.586,0.0045,-66.3,0.4336,False,0.7211,0.0421,0.0312,1.184,0.8991,0.0421,0.9406,median,-0.0122,0.2011,0.1699,Regime 2 (Subcritical),CAUTION,0.55,-0.1595,0.0735,0.9856,-0.235,-0.235,True,True,
AAPL,Apple Inc.,Information Technology,2018-Q3,2018-09-30,usd,1.25,2.0784,53.32842254638672,1191.5,8.04,31.24,41.3,96.34,1014.3,44.23,1.328,1.5739,0.004,-82.3,0.3478,False,0.7273,0.1568,0.1457,1.829,0.8039,0.1073,0.8613,median,-0.0121,0.3215,0.1757,Regime 2 (Subcritical),CAUTION,0.55,-0.1577,0.0008,1.0595,-0.3721,-0.3721,True,True,
AAPL,Apple Inc.,Information Technology,2018-Q4,2018-12-31,usd,1.25,2.0784,37.394248962402344,1278.300048828125,8.04,34.74,39.6,128.12,707.47,52.62,1.7236,1.5592,0.003,-49.1,0.4199,False,0.6758,-0.1322,-0.1395,-10.303,1.0437,-0.0618,1.0,median,-0.0083,-0.1272,0.0123,Regime 2 (Subcritical),CAUTION,0.55,0.2882,0.8896,2.4716,-0.0986,-0.0986,False,False,
AAPL,Apple Inc.,Information Technology,2019-Q1,2019-03-31,usd,1.25,2.0784,45.2231559753418,1293.0,8.04,33.62,38.75,87.28,833.42,41.92,1.2061,1.5539,0.004,-40.7,0.4836,False,0.7156,0.0808,0.0642,14.82,0.9107,0.0813,0.8914,median,-0.0195,0.0688,0.0046,Regime 2 (Subcritical),CAUTION,0.55,0.153,0.3498,1.5604,-0.0903,-0.0903,False,False,
AAPL,Apple Inc.,Information Technology,2019-Q2,2019-06-30,usd,1.25,2.0784,47.30211639404297,1409.699951171875,8.04,34.73,37.64,80.91,857.38,40.33,1.118,1.5423,0.0041,-46.0,0.5283,False,0.7212,0.0243,0.0016,1.111,1.041,0.0206,0.97,median,-0.028,0.0155,0.014,Regime 2 (Subcritical),CAUTION,0.55,0.4477,0.8164,1.7564,-0.0407,-0.0407,False,False,
AAPL,Apple Inc.,Information Technology,2019-Q3,2019-09-30,usd,1.25,2.0784,53.73134994506836,1465.699951171875,8.04,34.73,37.38,97.25,954.96,44.35,1.3487,1.5253,0.0036,-59.7,0.5123,False,0.7225,-0.0385,-0.063,-21.975,1.2042,-0.001,1.0,median,-0.0314,-0.0603,0.0027,Regime 2 (Subcritical),CAUTION,0.55,0.1438,1.0578,1.5928,-0.0224,-0.0224,False,False,
AAPL,Apple Inc.,Information Technology,2019-Q4,2019-12-31,usd,1.25,2.0784,70.65937042236328,1519.5,8.04,38.59,37.03,140.87,1239.35,56.13,1.8628,1.5099,0.0025,-45.3,0.5045,False,0.725,0.5225,0.4961,8.689,0.9223,0.2442,0.7319,median,-0.0321,0.5607,0.0645,Regime 3 (Parasitic),DANGER,0.95,0.2486,0.8372,1.4634,-0.2341,-0.2341,True,True,True
AAPL,Apple Inc.,Information Technology,2020-Q1,2020-03-31,usd,1.25,2.0784,61.33359146118164,1583.4000244140625,8.04,38.07,35.89,89.48,1060.82,42.87,1.2099,1.5056,0.0038,-49.3,0.5399,False,0.7327,0.2414,0.2189,10.815,1.3633,-0.1008,1.0,median,-0.0316,0.2413,0.0223,Regime 3 (Parasitic),DANGER,0.841,0.8027,0.9363,1.7844,-0.0526,-0.0526,False,False,False
AAPL,Apple Inc.,Information Technology,2020-Q2,2020-06-30,usd,1.25,2.0784,88.22630310058594,1800.5,8.04,38.36,35.69,90.72,1511.82,43.2,1.2252,1.4973,0.0036,-50.0,0.5299,False,0.7529,0.5194,0.4984,8.246,1.2425,0.0122,0.982,median,-0.0296,0.5672,0.0688,Regime 3 (Parasitic),DANGER,0.95,0.4841,0.5119,0.5178,-0.0019,-0.0019,False,False,False
AAPL,Apple Inc.,Information Technology,2020-Q3,2020-09-30,usd,1.25,2.0784,112.23583221435547,1895.5,8.04,38.36,36.77,98.76,1905.4,45.48,1.3146,1.4868,0.0034,-60.3,0.4881,False,0.7608,0.6836,0.6656,27.479,1.1182,0.0992,0.8705,median,-0.0255,0.6908,0.0251,Regime 3 (Parasitic),DANGER,0.95,0.0581,0.2297,0.2077,-0.0608,-0.0608,False,False,False
AAPL,Apple Inc.,Information Technology,2020-Q4,2020-12-31,usd,1.25,2.0784,128.81680297851562,1895.0999755859375,8.04,43.18,37.93,177.31,2167.12,66.61,2.1861,1.4764,0.0022,-57.9,0.2839,False,0.7496,0.4046,0.3876,3.264,1.0728,0.1158,0.852,median,-0.0225,0.5588,0.1712,Regime 3 (Parasitic),DANGER,0.905,0.0378,0.3465,-0.009,-0.1218,-0.1218,False,False,False
AAPL,Apple Inc.,Information Technology,2021-Q1,2021-03-31,usd,1.25,2.0784,118.76161193847656,1713.800048828125,8.04,42.3,37.81,152.32,1981.69,60.12,1.9011,1.4792,0.0026,-43.0,0.3219,False,0.7502,0.3014,0.2867,1.848,0.7041,0.3339,0.6663,median,-0.0176,0.6249,0.3382,Regime 2 (Subcritical),CAUTION,0.55,0.173,0.438,0.3662,0.0,0.0,False,False,
AAPL,Apple Inc.,Information Technology,2021-Q2,2021-06-30,usd,1.25,2.0784,133.38699340820312,1771.5999755859375,8.04,44.52,38.62,141.02,2208.48,58.05,1.6964,1.4874,0.0028,-50.1,0.3083,False,0.7569,0.089,0.0836,1.283,0.7098,0.2339,0.7403,median,-0.0066,0.379,0.2954,Regime 2 (Subcritical),CAUTION,0.55,0.3136,0.004,0.4328,-0.045,-0.0792,False,False,
AAPL,Apple Inc.,Information Technology,2021-Q3,2021-09-30,usd,1.25,2.0784,138.0150146484375,1757.0,8.04,44.52,39.44,141.02,2267.14,58.25,1.6797,1.4964,0.002,-37.2,0.3708,False,0.7579,-0.079,-0.0737,0.702,0.7237,0.1319,0.8348,median,0.0065,0.1738,0.2476,Regime 2 (Subcritical),CAUTION,0.55,0.2374,-0.0178,0.224,-0.077,-0.11,False,False,
AAPL,Apple Inc.,Information Technology,2021-Q4,2021-12-31,usd,1.25,2.0784,173.449462890625,1828.5999755859375,8.04,51.02,39.24,216.97,2834.31,78.82,2.4037,1.5058,0.0021,-67.5,0.1414,False,0.7546,0.0831,0.1002,1.595,0.7604,0.1941,0.7745,median,0.0197,0.2684,0.1682,Regime 2 (Subcritical),CAUTION,0.55,-0.2155,-0.264,0.0966,-0.2861,-0.2919,True,True,
AAPL,Apple Inc.,Information Technology,2022-Q1,2022-03-31,usd,1.25,2.0784,170.77545166015625,1949.199951171875,8.04,50.32,39.3,170.24,2767.85,66.97,1.8994,1.5245,0.0025,-59.3,0.1675,False,0.7604,0.1976,0.2261,3.094,0.9974,0.0986,0.8711,median,0.0302,0.3341,0.108,Regime 2 (Subcritical),CAUTION,0.55,-0.1817,-0.0499,-0.0067,-0.2808,-0.2808,True,True,
AAPL,Apple Inc.,Information Technology,2022-Q2,2022-06-30,usd,1.25,2.0784,133.9139404296875,1807.300048828125,8.04,51.24,40.34,143.54,2155.4,60.79,1.5675,1.5437,0.0028,-59.2,0.1977,False,0.7537,-0.108,-0.0705,-0.528,1.1582,-0.1299,1.0,median,0.0371,-0.0243,0.0461,Regime 2 (Subcritical),CAUTION,0.55,-0.0491,0.4272,0.558,-0.0828,-0.0828,False,False,
AAPL,Apple Inc.,Information Technology,2022-Q3,2022-09-30,usd,1.25,2.0784,135.55160522460938,1672.0,8.04,51.24,42.12,143.54,2161.16,61.23,1.5376,1.5588,0.002,-48.0,0.2265,False,0.7534,-0.1417,-0.0978,-0.96,1.1432,-0.1785,1.0,median,0.0408,-0.0479,0.0499,Regime 2 (Subcritical),CAUTION,0.55,0.197,0.2462,0.6665,-0.0939,-0.0939,False,False,
AAPL,Apple Inc.,Information Technology,2022-Q4,2022-12-31,usd,1.25,2.0784,127.65151977539062,1826.199951171875,8.04,57.26,42.95,201.33,2022.31,77.4,2.009,1.5703,0.002,-51.3,0.098,False,0.737,-0.3667,-0.3193,1.0,1.2397,-0.1436,1.0,median,0.042,-0.3376,-0.0182,Regime 2 (Subcritical),CAUTION,0.55,0.5554,0.548,1.0377,-0.0004,-0.0004,False,False,
AAPL,Apple Inc.,Information Technology,2023-Q1,2023-03-31,usd,1.25,2.0784,162.25563049316406,1969.0,8.04,54.63,43.4,167.9,2551.21,68.49,1.7128,1.5844,0.0024,-44.0,0.2055,False,0.756,-0.1448,-0.1039,-3.635,1.1137,-0.0839,1.0,median,0.0385,-0.0815,0.0224,Regime 2 (Subcritical),CAUTION,0.55,0.0411,0.0455,0.3347,-0.0291,-0.0291,False,False,
AAPL,Apple Inc.,Information Technology,2023-Q2,2023-06-30,usd,1.25,2.0784,191.12342834472656,1929.4000244140625,8.04,53.66,43.55,145.65,2990.67,62.73,1.4983,1.597,0.0028,-57.3,0.3085,False,0.7657,0.2593,0.2961,10.437,0.908,0.0933,0.8772,median,0.0339,0.3275,0.0314,Regime 3 (Parasitic),DANGER,0.809,-0.0048,0.0916,0.047,-0.146,-0.146,False,False,False
AAPL,Apple Inc.,Information Technology,2023-Q3,2023-09-30,usd,1.25,2.0784,168.92527770996094,1866.0999755859375,8.04,53.66,43.72,145.65,2626.8,62.77,1.4958,1.6057,0.002,-42.9,0.3246,False,0.7608,0.1359,0.1704,7.888,0.9333,0.0803,0.8925,median,0.0297,0.1951,0.0247,Regime 3 (Parasitic),DANGER,0.686,-0.0105,0.3177,0.4787,-0.0479,-0.0479,False,False,False
AAPL,Apple Inc.,Information Technology,2023-Q4,2023-12-31,usd,1.25,2.0784,190.2110137939453,2071.800048828125,8.04,57.93,43.67,219.42,2940.7,82.26,2.1598,1.6114,0.002,-55.1,0.1892,False,0.7543,0.2843,0.3134,6.138,0.9132,0.0303,0.9566,median,0.0259,0.3744,0.061,Regime 3 (Parasitic),DANGER,0.834,0.1375,0.3652,0.4849,-0.11,-0.11,False,False,False
AAPL,Apple Inc.,Information Technology,2024-Q1,2024-03-31,usd,1.25,2.0784,169.6307373046875,2217.39990234375,8.04,57.48,43.55,169.08,2601.74,69.54,1.6736,1.6219,0.0025,-52.5,0.2798,False,0.7562,-0.0227,0.0045,1.295,0.8807,0.0926,0.878,median,0.0234,0.0196,0.0151,Regime 2 (Subcritical),CAUTION,0.55,0.3431,0.3126,0.5062,-0.0296,-0.0296,False,False,
AAPL,Apple Inc.,Information Technology,2024-Q2,2024-06-30,usd,1.25,2.0784,208.6312255859375,2339.60009765625,8.04,57.3,44.5,158.71,3175.84,67.14,1.559,1.6308,0.0026,-57.8,0.2585,False,0.7655,-0.0323,-0.0079,0.883,0.9883,0.0797,0.8932,median,0.021,0.0601,0.068,Regime 2 (Subcritical),CAUTION,0.55,0.1819,-0.049,0.3466,-0.2018,-0.2018,True,True,
AAPL,Apple Inc.,Information Technology,2024-Q3,2024-09-30,usd,1.25,2.0784,231.0670623779297,2659.39990234375,8.04,57.3,45.68,158.71,3492.99,67.43,1.5411,1.6371,0.0019,-42.4,0.2676,False,0.7685,0.1921,0.2133,3.973,1.0605,0.2344,0.7399,median,0.0193,0.285,0.0717,Regime 3 (Parasitic),DANGER,0.692,-0.0446,0.0979,0.467,-0.2584,-0.2584,True,True,True
AAPL,Apple Inc.,Information Technology,2024-Q4,2024-12-31,usd,1.25,2.0784,248.61578369140625,2641.0,8.04,61.77,46.07,233.1,3739.36,87.24,2.1615,1.6411,0.0019,-54.3,0.0306,False,0.762,0.1594,0.1815,4.086,1.0338,0.0849,0.887,median,0.0183,0.2403,0.0588,Regime 3 (Parasitic),DANGER,0.659,-0.1681,0.0905,0.3635,-0.3107,-0.3107,True,True,True
AAPL,Apple Inc.,Information Technology,2025-Q1,2025-03-31,usd,1.25,2.0784,220.77207946777344,3122.800048828125,8.04,61.11,46.88,179.47,3298.18,73.87,1.6619,1.6497,0.0024,-61.5,0.1062,False,0.7634,0.157,0.1767,3.922,1.3186,0.0475,0.9335,median,0.017,0.2372,0.0605,Regime 3 (Parasitic),DANGER,0.707,0.1482,0.1475,0.5354,-0.2238,-0.2238,True,True,True
AAPL,Apple Inc.,Information Technology,2025-Q2,2025-06-30,usd,1.25,2.0784,204.18316650390625,3307.699951171875,8.04,62.06,48.51,174.87,3033.49,73.37,1.5815,1.6567,0.0024,-53.9,0.1705,False,0.7604,-0.1527,-0.1346,-0.517,1.2442,0.0613,0.9158,median,0.0158,-0.0459,0.0888,Regime 2 (Subcritical),CAUTION,0.55,0.3371,0.4159,0.6602,-0.0136,-0.0136,False,False,
AAPL,Apple Inc.,Information Technology,2025-Q3,2025-09-30,usd,1.25,2.0784,253.69287109375,3873.199951171875,13.3,62.06,49.83,174.87,3747.87,75.02,1.5628,1.6616,0.0017,-36.9,0.2058,False,0.7673,-0.0529,-0.0362,0.661,1.2548,0.0277,0.9601,median,0.0148,0.0704,0.1066,Regime 2 (Subcritical),CAUTION,0.55,-0.0014,0.3362,0.3362,-0.0368,-0.0368,False,False,
AAPL,Apple Inc.,Information Technology,2025-Q4,2025-12-31,usd,1.25,2.0784,271.12200927734375,4341.10009765625,13.3,73.52,50.16,276.92,3986.23,103.47,2.2391,1.6645,0.0018,-53.9,0.0314,False,0.7576,-0.1238,-0.1067,0.375,1.4123,0.0216,0.9685,median,0.0141,0.0639,0.1706,Regime 2 (Subcritical),CAUTION,0.55,0.0848,0.2503,0.2503,-0.0925,-0.0925,False,False,
AAPL,Apple Inc.,Information Technology,2026-Q1,2026-03-31,usd,1.25,2.0784,253.337890625,4647.60009765625,25.8,75.58,50.12,219.12,3715.88,92.66,1.7432,1.6726,0.0023,-57.0,0.1949,False,0.7591,-0.1243,-0.1073,0.526,1.2793,0.0296,0.9575,median,0.0138,0.1192,0.2265,Regime 2 (Subcritical),CAUTION,0.55,0.3381,0.3381,0.3381,-0.0011,-0.0011,False,False,
AAPL,Apple Inc.,Information Technology,2026-Q2,2026-06-30,usd,1.25,2.0784,289.11065673828125,4038.5,25.42,76.3,51.43,219.08,4223.61,93.06,1.7152,1.6797,0.0024,-63.1,0.1539,False,0.764,0.0761,0.0933,1.392,1.0102,0.0203,0.9705,median,0.0138,0.331,0.2377,Regime 2 (Subcritical),CAUTION,0.55,0.1725,0.1725,0.1725,0.0,0.0,False,False,
MSFT,Microsoft Corporation,Information Technology,2017-Q1,2017-03-31,usd,1.25,2.0784,59.233543395996094,1247.300048828125,45.22,18.23,21.96,56.12,457.46,35.38,1.3964,1.4822,0.0177,2.7,0.6481,False,0.6667,-0.1245,-0.156,0.443,0.8662,-0.0342,1.0,median,-0.0371,0.1241,0.2801,Regime 2 (Subcritical),CAUTION,0.55,0.1436,0.4148,0.8591,-0.0138,-0.0138,False,False,
MSFT,Microsoft Corporation,Information Technology,2017-Q2,2017-06-30,usd,1.25,2.0784,62.350013732910156,1240.699951171875,45.23,18.23,23.73,59.44,480.59,36.66,1.4166,1.4743,0.2707,42.0,0.643,False,0.6686,-0.0983,-0.1339,0.575,0.84,-0.0019,1.0,median,-0.0424,0.1814,0.3153,Regime 2 (Subcritical),CAUTION,0.55,0.2538,0.4585,1.0135,-0.011,-0.011,False,False,
MSFT,Microsoft Corporation,Information Technology,2017-Q3,2017-09-30,usd,1.25,2.0784,67.73825073242188,1281.5,44.99,18.96,24.81,65.04,522.94,38.45,1.486,1.467,0.0964,13.9,0.6674,False,0.6737,-0.061,-0.0836,0.765,0.8398,0.0145,0.9786,median,-0.0269,0.2727,0.3563,Regime 2 (Subcritical),CAUTION,0.55,0.2352,0.5605,0.9268,-0.0047,-0.0047,False,False,
MSFT,Microsoft Corporation,Information Technology,2017-Q4,2017-12-31,usd,1.25,2.0784,78.17733001708984,1306.300048828125,44.39,18.45,26.3,71.42,602.36,40.14,1.5957,1.4644,0.0602,9.9,0.6885,False,0.6862,0.2082,0.1973,2.398,0.9512,0.134,0.8327,median,-0.0128,0.3384,0.1412,Regime 2 (Subcritical),CAUTION,0.55,0.1577,0.2022,0.8941,-0.0109,-0.0109,False,False,
MSFT,Microsoft Corporation,Information Technology,2018-Q1,2018-03-31,usd,1.25,2.0784,83.80594635009766,1322.800048828125,44.13,19.69,27.93,70.2,644.47,40.49,1.4741,1.4687,0.0252,4.0,0.6411,False,0.6928,0.216,0.2079,2.543,0.9488,0.0628,0.9139,median,-0.0091,0.3427,0.1348,Regime 2 (Subcritical),CAUTION,0.55,0.3026,0.3548,0.865,0.0,0.0,False,False,
MSFT,Microsoft Corporation,Information Technology,2018-Q2,2018-06-30,usd,1.25,2.0784,90.9381332397461,1251.300048828125,43.74,19.69,29.46,81.37,698.13,43.56,1.6555,1.4714,0.3096,52.6,0.6706,False,0.6938,0.2026,0.2008,2.163,0.8991,0.0421,0.9406,median,-0.002,0.3734,0.1726,Regime 2 (Subcritical),CAUTION,0.55,0.012,0.3612,1.0412,-0.0511,-0.0511,False,False,
MSFT,Microsoft Corporation,Information Technology,2018-Q3,2018-09-30,usd,1.25,2.0784,105.87792205810547,1191.5,43.43,20.5,31.43,76.72,813.14,43.02,1.4772,1.4789,0.0573,9.5,0.6843,False,0.7104,0.3217,0.3291,3.929,0.8039,0.1073,0.8613,median,0.0081,0.4414,0.1124,Regime 3 (Parasitic),DANGER,0.822,0.0289,0.2215,0.8417,-0.1823,-0.1823,False,False,False
MSFT,Microsoft Corporation,Information Technology,2018-Q4,2018-12-31,usd,1.25,2.0784,94.43452453613281,1278.300048828125,50.06,20.81,32.72,80.19,725.54,45.94,1.4982,1.4836,0.0773,14.2,0.6409,False,0.692,0.0396,0.051,1.378,1.0437,-0.0618,1.0,median,0.013,0.1861,0.135,Regime 2 (Subcritical),CAUTION,0.55,0.3465,0.5756,1.2383,-0.0411,-0.0411,False,False,
MSFT,Microsoft Corporation,Information Technology,2019-Q1,2019-03-31,usd,1.25,2.0784,110.12281799316406,1293.0,49.96,21.98,33.65,81.6,844.2,46.8,1.467,1.487,0.0433,7.3,0.6625,False,0.7059,0.1145,0.1251,1.863,0.9107,0.0813,0.8914,median,0.0124,0.27,0.1449,Regime 2 (Subcritical),CAUTION,0.55,0.1654,0.3641,0.9938,0.0,0.0,False,False,
MSFT,Microsoft Corporation,Information Technology,2019-Q2,2019-06-30,usd,1.25,2.0784,125.54399108886719,1409.699951171875,49.78,21.98,36.48,93.22,959.53,50.36,1.5947,1.4888,0.2877,49.5,0.676,False,0.7113,0.1634,0.173,2.193,1.041,0.0206,0.97,median,0.0118,0.318,0.145,Regime 2 (Subcritical),CAUTION,0.55,0.1795,0.4806,1.0445,-0.0256,-0.0256,False,False,
MSFT,Microsoft Corporation,Information Technology,2019-Q3,2019-09-30,usd,1.25,2.0784,130.72935485839844,1465.699951171875,49.62,22.5,38.41,90.6,997.99,50.28,1.4873,1.4923,0.0058,0.5,0.685,False,0.7149,0.0418,0.0489,1.313,1.2042,-0.001,1.0,median,0.0091,0.2048,0.156,Regime 2 (Subcritical),CAUTION,0.55,0.1596,0.5077,1.0849,-0.0315,-0.0315,False,False,
MSFT,Microsoft Corporation,Information Technology,2019-Q4,2019-12-31,usd,1.25,2.0784,148.7892608642578,1519.5,49.37,22.9,40.52,98.19,1132.44,52.75,1.5483,1.4947,0.0345,6.6,0.6758,False,0.7216,0.3011,0.3071,3.225,0.9223,0.2442,0.7319,median,0.0075,0.4452,0.1381,Regime 2 (Subcritical),CAUTION,0.55,0.2976,0.4206,1.1927,-0.1389,-0.1389,False,False,
MSFT,Microsoft Corporation,Information Technology,2020-Q1,2020-03-31,usd,1.25,2.0784,149.20513916015625,1583.4000244140625,48.92,24.64,41.22,96.18,1132.47,52.74,1.4604,1.4973,0.0056,-4.1,0.6722,False,0.7216,0.1695,0.1742,2.458,1.3633,-0.1008,1.0,median,0.0069,0.2938,0.1195,Regime 2 (Subcritical),CAUTION,0.55,0.321,0.5102,0.9909,-0.0355,-0.0355,False,False,
MSFT,Microsoft Corporation,Information Technology,2020-Q2,2020-06-30,usd,1.25,2.0784,193.07147216796875,1800.5,50.39,24.64,44.15,102.78,1461.74,55.49,1.494,1.4986,0.2037,37.6,0.6615,False,0.7366,0.3195,0.324,4.343,1.2425,0.0122,0.982,median,0.0065,0.4209,0.0969,Regime 3 (Parasitic),DANGER,0.87,0.107,0.344,0.2846,-0.013,-0.013,False,False,False
MSFT,Microsoft Corporation,Information Technology,2020-Q3,2020-09-30,usd,1.25,2.0784,200.02403259277344,1895.5,50.81,24.18,47.93,104.61,1512.98,56.88,1.4507,1.4995,0.0055,-25.2,0.6919,False,0.7372,0.2895,0.2928,3.374,1.1182,0.0992,0.8705,median,0.0048,0.4161,0.1233,Regime 2 (Subcritical),CAUTION,0.55,0.1265,0.3527,0.1268,-0.038,-0.038,False,False,
MSFT,Microsoft Corporation,Information Technology,2020-Q4,2020-12-31,usd,1.25,2.0784,212.07540893554688,1895.0999755859375,50.77,24.15,51.74,115.53,1600.32,60.55,1.5223,1.4993,0.0048,-11.9,0.6592,False,0.7369,0.2057,0.2079,2.507,1.0728,0.1158,0.852,median,0.0031,0.3458,0.1379,Regime 2 (Subcritical),CAUTION,0.55,0.2268,0.5248,0.0975,-0.0457,-0.0457,False,False,
MSFT,Microsoft Corporation,Information Technology,2021-Q1,2021-03-31,usd,1.25,2.0784,225.322265625,1713.800048828125,57.83,26.12,54.95,114.64,1697.58,63.38,1.4142,1.4996,0.0051,-20.5,0.6442,False,0.7376,0.2198,0.221,2.202,0.7041,0.3339,0.6663,median,0.0015,0.4048,0.1838,Regime 2 (Subcritical),CAUTION,0.55,0.2097,0.3183,0.2449,0.0,-0.0798,False,False,
MSFT,Microsoft Corporation,Information Technology,2021-Q2,2021-06-30,usd,1.25,2.0784,259.49322509765625,1771.5999755859375,57.51,26.12,59.72,114.64,1951.13,64.5,1.3356,1.4985,0.0429,17.9,0.5951,False,0.745,0.1384,0.1383,1.919,0.7098,0.2339,0.7403,median,-0.0001,0.2888,0.1505,Regime 2 (Subcritical),CAUTION,0.55,0.267,-0.0442,0.2796,-0.0984,-0.201,False,True,
MSFT,Microsoft Corporation,Information Technology,2021-Q3,2021-09-30,usd,1.25,2.0784,270.5662841796875,1757.0,58.25,27.54,63.77,126.68,2031.95,69.06,1.3873,1.4955,0.0051,-21.3,0.6365,False,0.7434,0.1029,0.1009,1.52,0.7237,0.1319,0.8348,median,-0.0027,0.2949,0.194,Regime 2 (Subcritical),CAUTION,0.55,0.0979,-0.167,0.1403,-0.167,-0.2337,False,True,
MSFT,Microsoft Corporation,Information Technology,2021-Q4,2021-12-31,usd,1.25,2.0784,323.3659973144531,1828.5999755859375,58.38,28.57,67.21,139.07,2425.24,73.31,1.452,1.4917,0.0045,-7.0,0.594,False,0.7499,0.2284,0.2245,2.174,0.7604,0.1941,0.7745,median,-0.0051,0.4157,0.1913,Regime 2 (Subcritical),CAUTION,0.55,-0.2248,-0.2802,0.1386,-0.3588,-0.3588,True,True,
MSFT,Microsoft Corporation,Information Technology,2022-Q1,2022-03-31,usd,1.25,2.0784,297.04779052734375,1949.199951171875,78.72,31.14,70.3,134.98,2222.81,78.79,1.3306,1.4883,0.0048,-14.5,0.5291,False,0.7409,0.0584,0.0521,1.239,0.9974,0.0986,0.8711,median,-0.0075,0.2696,0.2175,Regime 2 (Subcritical),CAUTION,0.55,-0.2262,-0.0557,0.3893,-0.302,-0.302,True,True,
MSFT,Microsoft Corporation,Information Technology,2022-Q2,2022-06-30,usd,1.25,2.0784,248.02462768554688,1807.300048828125,78.82,31.14,74.4,134.98,1851.26,79.84,1.2789,1.4838,0.0375,16.9,0.4884,False,0.7275,-0.2569,-0.2659,-0.246,1.1582,-0.1299,1.0,median,-0.0099,-0.0525,0.2133,Regime 2 (Subcritical),CAUTION,0.55,-0.057,0.3388,0.7708,-0.164,-0.164,False,False,
MSFT,Microsoft Corporation,Information Technology,2022-Q3,2022-09-30,usd,1.25,2.0784,225.39247131347656,1672.0,78.27,32.1,77.04,138.68,1680.75,81.52,1.2706,1.4777,0.0049,-15.9,0.5266,False,0.7181,-0.3439,-0.3556,-1.144,1.1432,-0.1785,1.0,median,-0.012,-0.1898,0.1659,Regime 2 (Subcritical),CAUTION,0.55,0.2445,0.3688,0.8695,-0.0801,-0.0801,False,False,
MSFT,Microsoft Corporation,Information Technology,2022-Q4,2022-12-31,usd,1.25,2.0784,232.74351501464844,1826.199951171875,78.26,36.72,82.75,141.04,1733.24,84.69,1.1804,1.4705,0.0047,-2.6,0.4904,False,0.7174,-0.4661,-0.4803,-2.327,1.2397,-0.1436,1.0,median,-0.0143,-0.3359,0.1444,Regime 2 (Subcritical),CAUTION,0.55,0.4281,0.5835,0.8023,-0.0721,-0.0721,False,False,
MSFT,Microsoft Corporation,Information Technology,2023-Q1,2023-03-31,usd,1.25,2.0784,280.4937438964844,1969.0,77.82,34.51,88.13,146.92,2086.03,86.84,1.1979,1.4615,0.0049,-5.7,0.491,False,0.7301,-0.1436,-0.1609,-0.652,1.1137,-0.0839,1.0,median,-0.0182,-0.0635,0.0974,Regime 2 (Subcritical),CAUTION,0.55,0.0999,0.4713,0.3348,-0.0447,-0.0447,False,False,
MSFT,Microsoft Corporation,Information Technology,2023-Q2,2023-06-30,usd,1.25,2.0784,332.04351806640625,1929.4000244140625,77.25,34.51,95.64,146.92,2467.75,88.58,1.1288,1.4515,0.0424,18.4,0.4677,False,0.7401,0.2051,0.1835,2.766,0.908,0.0933,0.8772,median,-0.022,0.2874,0.1039,Regime 2 (Subcritical),CAUTION,0.55,0.1088,0.3227,0.479,-0.0815,-0.0815,False,False,
MSFT,Microsoft Corporation,Information Technology,2023-Q3,2023-09-30,usd,1.25,2.0784,308.52386474609375,1866.0999755859375,76.69,32.53,102.5,160.86,2292.64,93.14,1.1913,1.4399,0.0054,-31.6,0.5654,False,0.7319,0.2045,0.1772,2.329,0.9333,0.0803,0.8925,median,-0.0259,0.3105,0.1333,Regime 2 (Subcritical),CAUTION,0.55,0.3125,0.3401,0.6232,-0.0261,-0.0261,False,False,
MSFT,Microsoft Corporation,Information Technology,2023-Q4,2023-12-31,usd,1.25,2.0784,368.17987060546875,2071.800048828125,148.83,36.48,112.31,169.59,2736.31,116.8,1.1398,1.4281,0.0052,-11.8,0.3047,False,0.7282,0.1641,0.1352,1.421,0.9132,0.0303,0.9566,median,-0.0293,0.4566,0.3214,Regime 2 (Subcritical),CAUTION,0.55,0.2095,0.1541,0.334,-0.0084,-0.0349,False,False,
MSFT,Microsoft Corporation,Information Technology,2024-Q1,2024-03-31,usd,1.25,2.0784,412.6877136230469,2217.39990234375,147.99,38.26,121.38,173.41,3067.51,120.26,1.0863,1.4156,0.0054,-17.8,0.2995,False,0.7343,0.0926,0.0601,1.184,0.8807,0.0926,0.878,median,-0.032,0.3856,0.3255,Regime 2 (Subcritical),CAUTION,0.55,0.0118,-0.1091,-0.1147,-0.1091,-0.1585,False,False,
MSFT,Microsoft Corporation,Information Technology,2024-Q2,2024-06-30,usd,1.25,2.0784,439.20770263671875,2339.60009765625,146.82,38.26,135.59,173.41,3265.07,123.52,0.9975,1.4021,0.0383,15.8,0.2659,False,0.7367,-0.0168,-0.0525,0.842,0.9883,0.0797,0.8932,median,-0.0346,0.28,0.3325,Regime 2 (Subcritical),CAUTION,0.55,-0.0538,0.0974,-0.1704,-0.2192,-0.2192,True,True,
MSFT,Microsoft Corporation,Information Technology,2024-Q3,2024-09-30,usd,1.25,2.0784,423.6082763671875,2659.39990234375,146.12,36.87,152.86,181.94,3149.95,129.45,0.959,1.3871,0.0055,-34.6,0.279,False,0.731,0.0252,-0.0115,0.965,1.0605,0.2344,0.7399,median,-0.0374,0.3177,0.3291,Regime 2 (Subcritical),CAUTION,0.55,-0.1241,0.2127,0.1841,-0.1727,-0.1727,False,False,
MSFT,Microsoft Corporation,Information Technology,2024-Q4,2024-12-31,usd,1.25,2.0784,415.77569580078125,2641.0,144.58,38.96,166.9,191.33,3091.29,135.44,0.9294,1.3707,0.0052,-27.7,0.2487,False,0.7262,0.0171,-0.0261,0.824,1.0338,0.0849,0.887,median,-0.041,0.122,0.1481,Regime 2 (Subcritical),CAUTION,0.55,0.1719,0.1558,0.2064,-0.1571,-0.1571,False,False,
MSFT,Microsoft Corporation,Information Technology,2025-Q1,2025-03-31,usd,1.25,2.0784,371.034423828125,3122.800048828125,143.3,39.74,183.94,192.59,2758.27,139.89,0.861,1.353,0.0055,-38.4,0.2751,False,0.7141,-0.2112,-0.2575,-0.703,1.3186,0.0475,0.9335,median,-0.0452,-0.1063,0.1512,Regime 2 (Subcritical),CAUTION,0.55,0.3756,-0.0064,0.3519,-0.0555,-0.0555,False,False,
MSFT,Microsoft Corporation,Information Technology,2025-Q2,2025-06-30,usd,1.25,2.0784,492.54119873046875,3307.699951171875,142.11,39.74,204.97,192.59,3661.55,144.85,0.787,1.3338,0.0431,16.3,0.2936,False,0.7337,0.0063,-0.0447,0.719,1.2442,0.0613,0.9158,median,-0.0499,0.1146,0.1593,Regime 2 (Subcritical),CAUTION,0.55,-0.0173,-0.2441,0.0184,-0.285,-0.285,True,True,
MSFT,Microsoft Corporation,Information Technology,2025-Q3,2025-09-30,usd,1.25,2.0784,513.7232666015625,3873.199951171875,140.73,39.81,230.86,214.52,3819.02,156.48,0.7926,1.3129,0.0056,-57.3,0.3004,False,0.7313,0.0587,0.003,1.016,1.2548,0.0277,0.9601,median,-0.055,0.1926,0.1896,Regime 2 (Subcritical),CAUTION,0.55,-0.2823,-0.0236,-0.0236,-0.3145,-0.3145,True,True,
MSFT,Microsoft Corporation,Information Technology,2025-Q4,2025-12-31,usd,1.25,2.0784,480.5711364746094,4341.10009765625,139.91,41.74,261.13,221.18,3570.16,165.99,0.7303,1.2909,0.0056,-64.0,0.264,False,0.7217,0.0015,-0.0594,0.708,1.4123,0.0216,0.9685,median,-0.06,0.144,0.2034,Regime 2 (Subcritical),CAUTION,0.55,-0.2019,0.0438,0.0438,-0.2672,-0.2672,True,True,
MSFT,Microsoft Corporation,Information Technology,2026-Q1,2026-03-31,usd,1.25,2.0784,368.67596435546875,4647.60009765625,138.99,43.38,283.23,224.23,2738.89,172.46,0.6865,1.2676,0.0057,-57.4,0.2244,False,0.6928,-0.1492,-0.2163,-0.034,1.2793,0.0296,0.9575,median,-0.0652,-0.007,0.2093,Regime 2 (Subcritical),CAUTION,0.55,0.3606,0.3606,0.3606,-0.0448,-0.0448,False,False,
MSFT,Microsoft Corporation,Information Technology,2026-Q2,2026-06-30,usd,1.25,2.0784,372.319091796875,4038.5,138.26,43.38,313.08,224.23,2765.21,179.74,0.6291,1.2431,0.0241,8.7,0.1973,False,0.6894,-0.4233,-0.4966,-1.301,1.0102,0.0203,0.9705,median,-0.0705,-0.2808,0.2158,Regime 2 (Subcritical),CAUTION,0.55,0.3473,0.3473,0.3473,0.0,0.0,False,False,
NVDA,NVIDIA Corporation,Information Technology,2017-Q1,2017-03-31,usd,1.25,2.0784,2.6797409057617188,1247.300048828125,0.71,2.38,0.54,4.6,63.1,2.06,1.5737,1.4486,0.3355,100.9,0.6671,False,0.7462,0.0772,0.3357,2.238,0.8662,-0.0342,1.0,median,0.1865,0.6069,0.2712,Regime 2 (Subcritical),CAUTION,0.55,0.6443,1.133,0.6591,-0.1234,-0.1234,False,False,
NVDA,NVIDIA Corporation,Information Technology,2017-Q2,2017-06-30,usd,1.25,2.0784,3.5600059032440186,1240.699951171875,0.69,2.46,0.58,5.21,84.75,2.23,1.7165,1.4968,0.2637,91.4,0.6532,False,0.7567,0.3057,0.6042,2.967,0.84,-0.0019,1.0,median,0.2193,0.9113,0.3071,Regime 2 (Subcritical),CAUTION,0.55,0.3407,0.6434,0.1435,-0.0362,-0.1171,False,False,
NVDA,NVIDIA Corporation,Information Technology,2017-Q3,2017-09-30,usd,1.25,2.0784,4.4063544273376465,1281.5,0.68,2.7,0.6,6.28,105.78,2.56,1.9041,1.5326,0.1788,70.0,0.681,False,0.7604,0.5592,0.8489,4.696,0.8398,0.0145,0.9786,median,0.2101,1.0786,0.2297,Regime 3 (Parasitic),DANGER,0.95,0.2955,0.5738,-0.0211,0.0,-0.2876,False,True,True
NVDA,NVIDIA Corporation,Information Technology,2017-Q4,2017-12-31,usd,1.25,2.0784,4.772735595703125,1306.300048828125,0.67,2.7,1.0,7.2,115.69,2.89,1.9507,1.5699,0.1484,56.1,0.6945,False,0.7591,0.152,0.3412,2.165,0.9512,0.134,0.8327,median,0.1524,0.634,0.2928,Regime 2 (Subcritical),CAUTION,0.55,0.1898,-0.3285,0.1883,-0.3607,-0.3607,True,True,
NVDA,NVIDIA Corporation,Information Technology,2018-Q1,2018-03-31,usd,1.25,2.0784,5.715787410736084,1322.800048828125,0.67,3.09,1.07,8.27,138.24,3.28,1.9894,1.6066,0.1191,48.7,0.6931,False,0.7613,0.1836,0.3194,1.687,0.9488,0.0628,0.9139,median,0.1036,0.7843,0.4649,Regime 2 (Subcritical),CAUTION,0.55,0.2728,-0.1851,0.2095,-0.4239,-0.4239,True,True,
NVDA,NVIDIA Corporation,Information Technology,2018-Q2,2018-06-30,usd,1.25,2.0784,5.850455284118652,1251.300048828125,0.67,3.27,1.16,7.9,142.28,3.25,1.7817,1.6419,0.2023,71.7,0.6655,False,0.7627,0.0212,0.1431,1.381,0.8991,0.0421,0.9406,median,0.0925,0.5182,0.3751,Regime 2 (Subcritical),CAUTION,0.55,-0.4474,-0.3195,0.5291,-0.4746,-0.4746,True,True,
NVDA,NVIDIA Corporation,Information Technology,2018-Q3,2018-09-30,usd,1.25,2.0784,6.943833351135254,1191.5,0.67,3.45,1.29,7.68,169.43,3.27,1.6197,1.6678,0.2969,101.0,0.5928,False,0.7685,0.1143,0.2264,1.925,0.8039,0.1073,0.8613,median,0.0845,0.4711,0.2447,Regime 2 (Subcritical),CAUTION,0.55,-0.3782,-0.3959,0.8397,-0.5604,-0.5604,True,True,
NVDA,NVIDIA Corporation,Information Technology,2018-Q4,2018-12-31,usd,1.25,2.0784,3.3020052909851074,1278.300048828125,0.66,3.45,1.4,4.83,80.04,2.59,0.9942,1.6827,0.645,156.3,0.6669,False,0.7464,-0.3434,-0.2569,1.0,1.0437,-0.0618,1.0,median,0.0694,-0.3684,-0.1115,Regime 2 (Subcritical),CAUTION,0.55,0.2474,0.7694,2.9607,-0.0413,-0.0413,False,False,
NVDA,NVIDIA Corporation,Information Technology,2019-Q1,2019-03-31,usd,1.25,2.0784,4.445835113525391,1293.0,0.67,3.75,1.47,5.18,108.3,2.77,0.9922,1.6748,0.6728,155.6,0.5272,False,0.7579,-0.1273,-0.0765,1.0,0.9107,0.0813,0.8914,median,0.0416,-0.2441,-0.1676,Regime 2 (Subcritical),CAUTION,0.55,-0.0557,0.4621,1.8384,-0.2652,-0.2652,True,True,
NVDA,NVIDIA Corporation,Information Technology,2019-Q2,2019-06-30,usd,1.25,2.0784,4.070913314819336,1409.699951171875,0.67,3.88,1.48,6.16,99.17,3.05,1.1491,1.6538,0.4813,122.7,0.5747,False,0.7492,-0.3053,-0.2969,1.0,1.041,0.0206,0.97,median,0.0072,-0.361,-0.0642,Regime 2 (Subcritical),CAUTION,0.55,0.4279,1.2208,3.8399,-0.1047,-0.1047,False,False,
NVDA,NVIDIA Corporation,Information Technology,2019-Q3,2019-09-30,usd,1.25,2.0784,4.31909704208374,1465.699951171875,0.66,3.96,1.52,7.66,105.73,3.45,1.4003,1.6286,0.2944,82.0,0.6551,False,0.7461,-0.4969,-0.5238,-9.017,1.2042,-0.001,1.0,median,-0.0238,-0.4715,0.0523,Regime 2 (Subcritical),CAUTION,0.55,0.5278,2.0455,3.7295,-0.0059,-0.0059,False,False,
NVDA,NVIDIA Corporation,Information Technology,2019-Q4,2019-12-31,usd,1.25,2.0784,5.842668533325195,1519.5,0.67,3.96,1.67,8.06,143.03,3.59,1.4316,1.6065,0.2794,73.2,0.7531,False,0.7588,0.3054,0.253,1.772,0.9223,0.2442,0.7319,median,-0.0463,0.5805,0.3275,Regime 2 (Subcritical),CAUTION,0.55,0.6163,1.2384,4.0422,-0.1648,-0.1648,False,False,
NVDA,NVIDIA Corporation,Information Technology,2020-Q1,2020-03-31,usd,1.25,2.0784,6.549293518066406,1583.4000244140625,0.71,4.11,1.72,8.02,161.11,3.64,1.3757,1.5876,0.4531,87.7,0.6638,False,0.763,0.1769,0.1248,1.458,1.3633,-0.1008,1.0,median,-0.0535,0.3972,0.2724,Regime 2 (Subcritical),CAUTION,0.55,1.0085,1.0284,3.1492,-0.0779,-0.0779,False,False,
NVDA,NVIDIA Corporation,Information Technology,2020-Q2,2020-06-30,usd,1.25,2.0784,9.443388938903809,1800.5,7.05,6.5,1.96,9.1,233.06,6.15,1.0757,1.5704,0.3494,78.4,0.4349,False,0.7563,0.207,0.1525,1.217,1.2425,0.0122,0.982,median,-0.0517,0.8545,0.702,Regime 2 (Subcritical),CAUTION,0.55,0.3636,1.1085,0.599,0.0,0.0,False,False,
NVDA,NVIDIA Corporation,Information Technology,2020-Q3,2020-09-30,usd,1.25,2.0784,13.457085609436035,1895.5,7.05,6.25,2.06,11.84,333.2,6.8,1.4253,1.5497,0.2716,69.8,0.514,False,0.7665,0.5205,0.4691,1.691,1.1182,0.0992,0.8705,median,-0.0496,1.1478,0.6787,Regime 3 (Parasitic),DANGER,0.95,-0.0128,0.5327,-0.1012,-0.1429,-0.1429,False,False,False
NVDA,NVIDIA Corporation,Information Technology,2020-Q4,2020-12-31,usd,1.25,2.0784,12.987998008728027,1895.0999755859375,6.93,6.25,2.15,11.84,322.1,6.79,1.41,1.5325,0.0627,31.4,0.5041,False,0.7654,0.2239,0.1741,1.273,1.0728,0.1158,0.852,median,-0.0471,0.8118,0.6378,Regime 2 (Subcritical),CAUTION,0.55,0.5491,1.2548,0.1214,-0.112,-0.1387,False,False,
NVDA,NVIDIA Corporation,Information Technology,2021-Q1,2021-03-31,usd,1.25,2.0784,13.284326553344727,1713.800048828125,6.81,6.69,2.27,14.52,329.45,7.57,1.6201,1.5179,0.3111,83.6,0.5483,False,0.7622,0.0353,-0.0176,0.976,0.7041,0.3339,0.6663,median,-0.0449,0.7153,0.7329,Regime 2 (Subcritical),CAUTION,0.55,0.5377,1.0456,1.0843,0.0,-0.1579,False,False,
NVDA,NVIDIA Corporation,Information Technology,2021-Q2,2021-06-30,usd,1.25,2.0784,19.911273956298828,1771.5999755859375,6.67,7.08,2.36,16.86,496.19,8.24,1.7845,1.5084,0.3082,75.8,0.6103,False,0.7729,0.5087,0.4628,2.58,0.7098,0.2339,0.7403,median,-0.0403,0.7556,0.2928,Regime 3 (Parasitic),DANGER,0.95,0.5003,-0.2416,1.118,-0.2416,-0.4382,True,True,True
NVDA,NVIDIA Corporation,Information Technology,2021-Q3,2021-09-30,usd,1.25,2.0784,20.625154495239258,1757.0,6.76,7.84,2.51,18.52,515.63,8.91,1.7899,1.505,0.2813,71.8,0.5644,False,0.7718,0.2008,0.1667,1.618,0.7237,0.1319,0.8348,median,-0.0292,0.4367,0.2699,Regime 2 (Subcritical),CAUTION,0.55,0.3175,-0.4136,1.1027,-0.4136,-0.4576,True,True,
NVDA,NVIDIA Corporation,Information Technology,2021-Q4,2021-12-31,usd,1.25,2.0784,29.285614013671875,1828.5999755859375,6.69,7.84,2.78,18.52,733.9,8.96,1.7446,1.5063,0.0685,35.0,0.5094,False,0.7802,0.5663,0.5467,2.975,0.7604,0.1941,0.7745,median,-0.0173,0.8235,0.2768,Regime 3 (Parasitic),DANGER,0.95,-0.506,-0.5026,0.6861,-0.618,-0.618,True,True,True
NVDA,NVIDIA Corporation,Information Technology,2022-Q1,2022-03-31,usd,1.25,2.0784,27.174293518066406,1949.199951171875,6.58,8.84,2.92,21.72,680.99,10.01,1.8479,1.5103,0.3626,97.1,0.502,False,0.7761,0.4528,0.4464,2.596,0.9974,0.0986,0.8711,median,-0.0051,0.7261,0.2797,Regime 3 (Parasitic),DANGER,0.95,-0.5519,0.0189,2.3156,-0.5883,-0.5883,True,True,True
NVDA,NVIDIA Corporation,Information Technology,2022-Q2,2022-06-30,usd,1.25,2.0784,15.100136756896973,1807.300048828125,6.41,9.66,3.23,11.66,377.5,7.74,0.9041,1.5176,0.4785,107.8,0.3863,False,0.7663,-0.2186,-0.2104,1.0,1.1582,-0.1299,1.0,median,0.0061,-0.2734,-0.063,Regime 2 (Subcritical),CAUTION,0.55,-0.0361,1.7929,7.1588,-0.2592,-0.2592,True,True,
NVDA,NVIDIA Corporation,Information Technology,2022-Q3,2022-09-30,usd,1.25,2.0784,12.09545612335205,1672.0,6.22,10.3,3.77,12.71,301.18,8.25,0.9027,1.5158,0.8121,173.8,0.3695,False,0.7546,-0.4715,-0.4613,1.0,1.1432,-0.1785,1.0,median,0.0071,-0.5377,-0.0764,Regime 2 (Subcritical),CAUTION,0.55,1.2892,2.5856,9.01,-0.0751,-0.0751,False,False,
NVDA,NVIDIA Corporation,Information Technology,2022-Q4,2022-12-31,usd,1.25,2.0784,14.565301895141602,1826.199951171875,6.05,10.3,3.81,12.71,359.18,8.22,0.9006,1.5071,0.2279,85.6,0.4478,False,0.7623,-0.629,-0.6282,1.0,1.2397,-0.1436,1.0,median,0.0005,-0.7145,-0.0863,Regime 2 (Subcritical),CAUTION,0.55,1.9559,2.461,8.6116,-0.0035,-0.0035,False,False,
NVDA,NVIDIA Corporation,Information Technology,2023-Q1,2023-03-31,usd,1.25,2.0784,27.68914222717285,1969.0,5.97,10.03,3.74,18.59,683.92,9.58,1.35,1.4932,0.7462,176.4,0.5167,False,0.7772,0.064,0.0482,100.0,1.1137,-0.0839,1.0,median,-0.0114,0.0043,-0.0439,Regime 2 (Subcritical),CAUTION,0.55,0.5663,2.254,2.9508,-0.0553,-0.0553,False,False,
NVDA,NVIDIA Corporation,Information Technology,2023-Q2,2023-06-30,usd,1.25,2.0784,42.172569274902344,1929.4000244140625,5.83,10.65,3.8,37.85,1041.66,14.53,2.6198,1.4806,0.2554,101.7,0.3542,False,0.7774,0.4211,0.3853,1.612,0.908,0.0933,0.8772,median,-0.0246,1.015,0.6297,Regime 3 (Parasitic),DANGER,0.921,0.1709,1.9213,2.7314,-0.0466,-0.0466,False,False,False
NVDA,NVIDIA Corporation,Information Technology,2023-Q3,2023-09-30,usd,1.25,2.0784,43.369476318359375,1866.0999755859375,5.68,11.93,3.84,53.6,1071.23,18.76,3.3976,1.4835,0.1806,88.3,0.2157,False,0.7716,0.4816,0.4474,1.545,0.9333,0.0803,0.8925,median,-0.0215,1.2689,0.8215,Regime 3 (Parasitic),DANGER,0.95,1.018,1.7117,3.0632,-0.0995,-0.0995,False,False,False
NVDA,NVIDIA Corporation,Information Technology,2023-Q4,2023-12-31,usd,1.25,2.0784,49.378883361816406,2071.800048828125,5.54,11.93,3.91,53.6,1216.7,18.75,3.3826,1.5069,0.0288,28.6,0.4603,False,0.7751,0.3953,0.3952,1.479,0.9132,0.0303,0.9566,median,-0.0001,1.2201,0.8249,Regime 3 (Parasitic),DANGER,0.895,1.5651,1.8552,2.8956,-0.0124,-0.0124,False,False,False
NVDA,NVIDIA Corporation,Information Technology,2024-Q1,2024-03-31,usd,1.25,2.0784,90.0990982055664,2217.39990234375,5.44,13.99,4.01,81.62,2252.48,26.26,4.5362,1.5458,0.1911,94.4,0.2437,False,0.7812,0.1289,0.1838,1.182,0.8807,0.0926,0.878,median,0.0346,1.1919,1.0081,Regime 2 (Subcritical),CAUTION,0.55,0.3437,0.1998,0.9311,-0.1567,-0.1567,False,False,
NVDA,NVIDIA Corporation,Information Technology,2024-Q2,2024-06-30,usd,1.25,2.0784,123.19886016845703,2339.60009765625,5.57,15.73,4.88,90.3,3030.69,29.12,4.3805,1.6086,0.1546,79.6,0.2471,False,0.7845,0.2422,0.3727,1.536,0.9883,0.0797,0.8932,median,0.0829,1.068,0.6952,Regime 2 (Subcritical),CAUTION,0.55,0.1024,0.2714,0.6124,-0.2411,-0.2411,True,True,
NVDA,NVIDIA Corporation,Information Technology,2024-Q3,2024-09-30,usd,1.25,2.0784,121.11502075195312,2659.39990234375,5.56,17.15,5.34,104.62,2970.95,33.17,4.6518,1.6879,0.1304,69.6,0.2062,False,0.782,0.2573,0.4504,1.791,1.0605,0.2344,0.7399,median,0.129,1.0201,0.5697,Regime 2 (Subcritical),CAUTION,0.55,-0.1074,0.5368,0.896,-0.2233,-0.2233,True,True,
NVDA,NVIDIA Corporation,Information Technology,2024-Q4,2024-12-31,usd,1.25,2.0784,133.9398651123047,2641.0,6.0,17.15,6.28,104.62,3278.45,33.51,4.4652,1.782,0.0265,30.2,0.3997,False,0.7835,0.1517,0.4103,1.706,1.0338,0.0849,0.887,median,0.1677,0.9912,0.5809,Regime 2 (Subcritical),CAUTION,0.55,0.1417,0.3892,0.7145,-0.2976,-0.2976,True,True,
NVDA,NVIDIA Corporation,Information Technology,2025-Q1,2025-03-31,usd,1.25,2.0784,108.10736083984375,3122.800048828125,6.27,20.12,7.14,106.67,2637.82,35.05,3.9137,1.8849,0.1301,66.9,0.3898,False,0.7786,-0.4302,-0.1306,0.547,1.3186,0.0475,0.9335,median,0.1984,0.1579,0.2885,Regime 2 (Subcritical),CAUTION,0.55,0.6781,0.6095,1.1242,-0.1298,-0.1298,False,False,
NVDA,NVIDIA Corporation,Information Technology,2025-Q2,2025-06-30,usd,1.25,2.0784,157.60350036621094,3307.699951171875,6.51,21.65,9.14,135.41,3845.53,43.18,4.3975,1.9881,0.1981,96.1,0.2868,False,0.7819,-0.4601,-0.1558,0.605,1.2442,0.0613,0.9158,median,0.2118,0.2381,0.3939,Regime 2 (Subcritical),CAUTION,0.55,0.1915,0.2682,0.4571,-0.0297,-0.0297,False,False,
NVDA,NVIDIA Corporation,Information Technology,2025-Q3,2025-09-30,usd,1.25,2.0784,186.13404846191406,3873.199951171875,7.2,23.36,9.78,167.4,4523.06,51.93,5.0518,2.0952,0.2336,120.7,0.1789,False,0.7815,-0.337,-0.028,0.938,1.2548,0.0277,0.9601,median,0.2162,0.4203,0.4483,Regime 2 (Subcritical),CAUTION,0.55,-0.0652,0.2337,0.2337,-0.1147,-0.1147,False,False,
NVDA,NVIDIA Corporation,Information Technology,2025-Q4,2025-12-31,usd,1.25,2.0784,186.06460571289062,4341.10009765625,24.14,23.36,10.38,167.4,4522.11,56.32,4.9615,2.2109,0.0374,36.9,-0.076,True,0.7799,-0.5006,-0.1975,0.62,1.4123,0.0216,0.9685,median,0.2157,0.3216,0.5191,Regime 2 (Subcritical),CAUTION,0.55,0.0607,0.2342,0.2342,-0.1143,-0.1143,False,False,
NVDA,NVIDIA Corporation,Information Technology,2026-Q1,2026-03-31,usd,1.25,2.0784,174.0022735595703,4647.60009765625,24.01,30.48,12.4,244.63,4228.26,77.88,5.704,2.3314,0.2225,102.2,-0.3748,True,0.7702,-0.6376,-0.3266,0.591,1.2793,0.0296,0.9575,median,0.2126,0.4718,0.7985,Regime 2 (Subcritical),CAUTION,0.55,0.3198,0.3198,0.3198,0.0,0.0,False,False,
NVDA,NVIDIA Corporation,Information Technology,2026-Q2,2026-06-30,usd,1.25,2.0784,199.86634826660156,4038.5,24.12,33.63,14.29,288.57,4836.77,90.15,6.0222,2.4617,0.279,122.5,-0.2693,True,0.7699,-0.8185,-0.5068,0.312,1.0102,0.0203,0.9705,median,0.2137,0.2293,0.7361,Regime 2 (Subcritical),CAUTION,0.55,0.149,0.149,0.149,-0.0504,-0.0504,False,False,
AVGO,Broadcom Inc.,Information Technology,2017-Q1,2017-03-31,usd,1.25,2.0784,16.977806091308594,1247.300048828125,24.73,4.13,1.0,7.9,74.7,9.44,1.5401,0.9256,0.0003,0.0,2.06,False,0.5967,-2.9358,-2.0933,0.157,0.8662,-0.0342,1.0,median,0.6158,0.3908,2.4841,Regime 2 (Subcritical),CAUTION,0.55,0.117,0.1084,0.4724,-0.0446,-0.0446,False,False,
AVGO,Broadcom Inc.,Information Technology,2017-Q2,2017-06-30,usd,1.25,2.0784,18.14727020263672,1240.699951171875,24.73,4.11,1.0,8.6,80.21,9.61,1.6829,1.1371,0.0003,0.0,2.4991,False,0.6055,-3.1508,-2.0397,0.185,0.84,-0.0019,1.0,median,0.8216,0.4619,2.5016,Regime 2 (Subcritical),CAUTION,0.55,0.1142,0.0821,0.3313,-0.0141,-0.0971,False,False,
AVGO,Broadcom Inc.,Information Technology,2017-Q3,2017-09-30,usd,1.25,2.0784,18.963443756103516,1281.5,35.54,4.11,2.6,9.53,77.51,12.94,1.4212,1.2665,0.4311,56.1,0.1881,False,0.5473,-1.16,-0.2001,0.679,0.8398,0.0145,0.9786,median,0.9294,0.4242,0.6244,Regime 2 (Subcritical),CAUTION,0.55,0.0009,0.07,0.2437,-0.1285,-0.1285,False,False,
AVGO,Broadcom Inc.,Information Technology,2017-Q4,2017-12-31,usd,1.25,2.0784,20.219364166259766,1306.300048828125,35.54,4.86,2.6,10.51,86.13,13.38,1.4085,1.3391,0.007,0.0,0.1894,False,0.5579,-1.0245,0.0676,1.156,0.9512,0.134,0.8327,median,0.9851,0.4997,0.4321,Regime 2 (Subcritical),CAUTION,0.55,-0.0656,-0.003,0.2866,-0.2203,-0.2203,True,True,
AVGO,Broadcom Inc.,Information Technology,2018-Q1,2018-03-31,usd,1.25,2.0784,18.818645477294922,1322.800048828125,39.25,4.92,2.72,10.2,82.09,14.27,1.3356,1.3813,0.4864,64.9,0.233,False,0.5396,-0.7738,-0.319,0.228,0.9488,0.0628,0.9139,median,0.4004,0.0943,0.4133,Regime 2 (Subcritical),CAUTION,0.55,0.1064,0.3749,0.1491,-0.0988,-0.2101,False,True,
AVGO,Broadcom Inc.,Information Technology,2018-Q2,2018-06-30,usd,1.25,2.0784,19.636701583862305,1251.300048828125,38.52,4.77,2.69,10.48,81.16,14.12,1.403,1.404,0.4793,70.4,0.2051,False,0.5386,-0.6133,-0.3728,0.031,0.8991,0.0421,0.9406,median,0.2109,0.0117,0.3846,Regime 2 (Subcritical),CAUTION,0.55,0.0667,0.2333,0.3902,-0.1636,-0.2668,False,True,
AVGO,Broadcom Inc.,Information Technology,2018-Q3,2018-09-30,usd,1.25,2.0784,20.117618560791016,1191.5,37.67,4.77,2.63,11.74,82.01,14.21,1.585,1.4177,0.4252,67.5,0.2253,False,0.5363,-0.169,-0.0366,0.607,0.8039,0.1073,0.8613,median,0.1127,0.0564,0.093,Regime 2 (Subcritical),CAUTION,0.55,0.2288,0.1494,0.5884,-0.1523,-0.294,False,True,
AVGO,Broadcom Inc.,Information Technology,2018-Q4,2018-12-31,usd,1.25,2.0784,20.95170021057129,1278.300048828125,58.14,6.42,2.68,12.83,83.0,20.02,1.4101,1.431,0.6669,73.6,-0.2211,True,0.4926,-0.5222,-0.4401,-0.092,1.0437,-0.0618,1.0,median,0.0664,-0.0371,0.403,Regime 2 (Subcritical),CAUTION,0.55,0.2032,0.2905,0.8568,-0.0917,-0.3145,False,True,
AVGO,Broadcom Inc.,Information Technology,2019-Q1,2019-03-31,usd,1.25,2.0784,24.998687744140625,1293.0,56.85,6.28,2.65,12.36,99.62,19.54,1.383,1.4392,0.5983,68.0,-0.0686,True,0.5268,-0.1693,-0.1202,0.617,0.9107,0.0813,0.8914,median,0.0411,0.1935,0.3137,Regime 2 (Subcritical),CAUTION,0.55,-0.0866,-0.1781,0.618,-0.435,-0.435,True,True,
AVGO,Broadcom Inc.,Information Technology,2019-Q2,2019-06-30,usd,1.25,2.0784,24.15987205505371,1409.699951171875,55.56,6.58,2.61,12.14,96.06,19.22,1.3204,1.4434,0.5376,62.1,-0.1021,True,0.5219,-0.1724,-0.1402,0.546,1.041,0.0206,0.97,median,0.0277,0.1686,0.3089,Regime 2 (Subcritical),CAUTION,0.55,0.0743,0.0803,0.7201,-0.4302,-0.4302,True,True,
AVGO,Broadcom Inc.,Information Technology,2019-Q3,2019-09-30,usd,1.25,2.0784,23.383556365966797,1465.699951171875,54.27,6.58,2.56,12.61,92.96,19.01,1.3787,1.4436,0.4177,52.2,-0.0098,True,0.5158,-0.1861,-0.1657,0.431,1.2042,-0.001,1.0,median,0.0181,0.1254,0.2911,Regime 2 (Subcritical),CAUTION,0.55,-0.1065,0.3819,0.9162,-0.3858,-0.3858,True,True,
AVGO,Broadcom Inc.,Information Technology,2019-Q4,2019-12-31,usd,1.25,2.0784,27.03851890563965,1519.5,64.94,7.56,2.62,13.06,108.0,22.04,1.283,1.4425,0.525,55.5,-0.2526,True,0.5224,0.1574,0.167,2.733,0.9223,0.2442,0.7319,median,0.008,0.2633,0.0963,Regime 3 (Parasitic),DANGER,0.757,0.0261,0.4388,1.266,-0.4688,-0.4688,True,True,True
AVGO,Broadcom Inc.,Information Technology,2020-Q1,2020-03-31,usd,1.25,2.0784,20.630983352661133,1583.4000244140625,63.37,7.08,2.62,12.76,82.96,21.45,1.3153,1.4387,0.4001,41.2,-0.2612,True,0.4875,-0.2765,-0.2768,-1.953,1.3633,-0.1008,1.0,median,-0.0003,-0.1831,0.0937,Regime 2 (Subcritical),CAUTION,0.55,0.5663,1.0264,1.8307,-0.0568,-0.0568,False,False,
AVGO,Broadcom Inc.,Information Technology,2020-Q2,2020-06-30,usd,1.25,2.0784,27.74536895751953,1800.5,61.8,6.62,2.57,13.26,112.09,21.06,1.4432,1.4339,0.3888,41.7,-0.1488,True,0.5358,0.0693,0.0628,1.687,1.2425,0.0122,0.982,median,-0.0066,0.1543,0.0915,Regime 2 (Subcritical),CAUTION,0.55,0.3835,0.5618,0.6374,-0.0311,-0.0311,False,False,
AVGO,Broadcom Inc.,Information Technology,2020-Q3,2020-09-30,usd,1.25,2.0784,32.31947708129883,1895.5,60.23,6.62,2.51,14.99,131.54,21.09,1.6411,1.4305,0.3096,38.5,0.0042,False,0.5604,0.2522,0.2431,3.339,1.1182,0.0992,0.8705,median,-0.0091,0.3471,0.104,Regime 2 (Subcritical),CAUTION,0.55,0.2935,0.3735,0.2955,-0.047,-0.047,False,False,
AVGO,Broadcom Inc.,Information Technology,2020-Q4,2020-12-31,usd,1.25,2.0784,39.17341995239258,1895.0999755859375,58.88,6.2,2.5,15.81,159.83,20.84,1.8178,1.4313,0.2886,36.5,0.042,False,0.5963,0.4557,0.4478,100.0,1.0728,0.1158,0.852,median,-0.0078,0.392,-0.0558,Regime 3 (Parasitic),DANGER,0.95,0.0895,0.5648,0.3572,-0.0379,-0.0379,False,False,False
AVGO,Broadcom Inc.,Information Technology,2021-Q1,2021-03-31,usd,1.25,2.0784,41.80682373046875,1713.800048828125,57.52,6.25,2.42,16.23,171.41,20.61,1.8722,1.4377,0.3107,39.7,0.1128,False,0.6095,0.7669,0.7661,100.0,0.7041,0.3339,0.6663,median,-0.0007,0.7257,-0.0404,Regime 3 (Parasitic),DANGER,0.95,0.0717,0.3969,0.4696,-0.089,-0.089,False,False,False
AVGO,Broadcom Inc.,Information Technology,2021-Q2,2021-06-30,usd,1.25,2.0784,43.331787109375,1771.5999755859375,56.18,6.2,2.37,16.79,178.53,20.38,1.958,1.4487,0.2827,36.9,0.1729,False,0.6174,0.487,0.4983,100.0,0.7098,0.2339,0.7403,median,0.0103,0.4654,-0.0328,Regime 3 (Parasitic),DANGER,0.95,0.43,0.0484,0.9274,-0.0234,-0.0705,False,False,False
AVGO,Broadcom Inc.,Information Technology,2021-Q3,2021-09-30,usd,1.25,2.0784,44.38990783691406,1757.0,54.82,6.2,2.35,16.79,183.33,20.04,1.963,1.464,0.2699,35.4,0.1869,False,0.6241,0.3571,0.3829,100.0,0.7237,0.1319,0.8348,median,0.0231,0.332,-0.0509,Regime 3 (Parasitic),DANGER,0.907,0.3156,-0.0568,0.8113,-0.0568,-0.0927,False,False,True
AVGO,Broadcom Inc.,Information Technology,2021-Q4,2021-12-31,usd,1.25,2.0784,61.30046463012695,1828.5999755859375,53.69,6.11,2.3,20.2,251.33,20.58,2.4011,1.4823,0.2945,45.3,0.2835,False,0.6652,0.4267,0.4657,100.0,0.7604,0.1941,0.7745,median,0.035,0.4527,-0.013,Regime 3 (Parasitic),DANGER,0.95,-0.271,-0.1327,0.7709,-0.343,-0.343,True,True,True
AVGO,Broadcom Inc.,Information Technology,2022-Q1,2022-03-31,usd,1.25,2.0784,58.401126861572266,1949.199951171875,52.84,6.52,2.26,21.76,237.11,20.84,2.4785,1.5082,0.3349,55.3,0.2645,False,0.6549,0.253,0.3129,28.107,0.9974,0.0986,0.8711,median,0.0479,0.3245,0.0115,Regime 3 (Parasitic),DANGER,0.803,-0.2732,0.0521,1.2165,-0.3104,-0.3104,True,True,True
AVGO,Broadcom Inc.,Information Technology,2022-Q2,2022-06-30,usd,1.25,2.0784,45.431121826171875,1807.300048828125,51.78,6.31,2.25,22.72,184.0,20.77,2.6541,1.5404,0.3816,66.2,0.3368,False,0.6155,-0.0702,0.0116,1.623,1.1582,-0.1299,1.0,median,0.0613,0.0302,0.0186,Regime 2 (Subcritical),CAUTION,0.55,0.1675,0.8383,2.4624,-0.1135,-0.1135,False,False,
AVGO,Broadcom Inc.,Information Technology,2022-Q3,2022-09-30,usd,1.25,2.0784,41.87030792236328,1672.0,50.73,6.31,2.22,22.72,175.02,20.5,2.6624,1.5788,0.056,21.1,0.2319,False,0.6088,-0.1785,-0.0689,-2.067,1.1432,-0.1785,1.0,median,0.0755,-0.0464,0.0224,Regime 2 (Subcritical),CAUTION,0.55,0.4674,0.9203,3.0542,-0.0381,-0.0381,False,False,
AVGO,Broadcom Inc.,Information Technology,2022-Q4,2022-12-31,usd,1.25,2.0784,53.166107177734375,1826.199951171875,49.84,6.17,2.2,24.02,221.7,20.56,2.8683,1.6217,0.3571,63.7,0.3847,False,0.6465,-0.2555,-0.1245,1.0,1.2397,-0.1436,1.0,median,0.0898,-0.1254,-0.0009,Regime 2 (Subcritical),CAUTION,0.55,0.5869,1.0627,3.4118,0.0,0.0,False,False,
AVGO,Broadcom Inc.,Information Technology,2023-Q1,2023-03-31,usd,1.25,2.0784,61.441314697265625,1969.0,49.05,7.0,2.21,24.46,254.37,20.68,2.6561,1.6697,0.3847,68.5,0.376,False,0.6646,-0.0691,0.0782,100.0,1.1137,-0.0839,1.0,median,0.1017,0.0703,-0.008,Regime 2 (Subcritical),CAUTION,0.55,0.3087,1.1068,1.7212,-0.0489,-0.0489,False,False,
AVGO,Broadcom Inc.,Information Technology,2023-Q2,2023-06-30,usd,1.25,2.0784,83.51773071289062,1929.4000244140625,48.27,6.98,2.18,24.66,344.93,20.52,2.6905,1.7187,0.3235,58.6,0.3636,False,0.701,0.4761,0.6402,100.0,0.908,0.0933,0.8772,median,0.1095,0.6284,-0.0118,Regime 3 (Parasitic),DANGER,0.95,0.2998,0.8835,2.1958,-0.063,-0.063,False,False,False
AVGO,Broadcom Inc.,Information Technology,2023-Q3,2023-09-30,usd,1.25,2.0784,80.40528869628906,1866.0999755859375,47.52,6.98,2.15,24.66,332.88,20.33,2.6982,1.7681,0.0454,18.7,0.2698,False,0.6983,0.4687,0.6511,100.0,0.9333,0.0803,0.8925,median,0.1132,0.6429,-0.0082,Regime 3 (Parasitic),DANGER,0.95,0.6015,1.1001,3.0268,-0.0241,-0.0241,False,False,False
AVGO,Broadcom Inc.,Information Technology,2023-Q4,2023-12-31,usd,1.25,2.0784,108.55680084228516,2071.800048828125,144.77,15.52,2.66,29.5,502.62,48.11,1.6225,1.8174,0.472,46.4,0.1152,False,0.6483,-0.2239,-0.0319,0.963,0.9132,0.0303,0.9566,median,0.1139,0.8185,0.8504,Regime 2 (Subcritical),CAUTION,0.55,0.4902,1.1997,2.2962,-0.0335,-0.0335,False,False,
AVGO,Broadcom Inc.,Information Technology,2024-Q1,2024-03-31,usd,1.25,2.0784,129.44683837890625,2217.39990234375,143.28,14.77,2.67,31.1,601.93,47.95,1.7839,1.8543,0.4609,48.0,0.1572,False,0.6719,-0.1608,0.0202,1.024,0.8807,0.0926,0.878,median,0.1049,0.8614,0.8411,Regime 2 (Subcritical),CAUTION,0.55,0.2872,0.2551,1.339,-0.1078,-0.1078,False,False,
AVGO,Broadcom Inc.,Information Technology,2024-Q2,2024-06-30,usd,1.25,2.0784,157.3028106689453,2339.60009765625,140.91,13.81,2.6,33.42,734.76,47.69,2.0363,1.8829,0.3099,35.2,0.2073,False,0.6947,-0.2454,-0.0869,0.897,0.9883,0.0797,0.8932,median,0.0913,0.7562,0.8431,Regime 2 (Subcritical),CAUTION,0.55,0.4822,0.6991,1.3455,-0.1695,-0.1695,False,False,
AVGO,Broadcom Inc.,Information Technology,2024-Q3,2024-09-30,usd,1.25,2.0784,169.56382751464844,2659.39990234375,138.46,13.81,2.52,33.42,794.58,47.05,2.0464,1.9073,0.284,32.7,0.1847,False,0.7036,-0.095,0.0308,1.037,1.0605,0.2344,0.7399,median,0.0758,0.87,0.8393,Regime 2 (Subcritical),CAUTION,0.55,-0.0238,0.9313,1.1532,-0.1471,-0.1471,False,False,
AVGO,Broadcom Inc.,Information Technology,2024-Q4,2024-12-31,usd,1.25,2.0784,228.50439453125,2641.0,136.45,12.81,2.46,40.58,1074.43,48.08,2.657,1.9282,0.2306,30.4,0.1525,False,0.7268,0.6559,0.7605,100.0,1.0338,0.0849,0.887,median,0.0592,0.7597,-0.0008,Regime 3 (Parasitic),DANGER,0.95,0.1481,0.5063,0.5978,-0.3671,-0.3671,True,True,True
AVGO,Broadcom Inc.,Information Technology,2025-Q1,2025-03-31,usd,1.25,2.0784,165.5204315185547,3122.800048828125,134.19,15.1,2.46,40.79,778.44,48.14,2.322,1.9524,0.357,47.5,0.1586,False,0.6987,0.1627,0.2534,67.887,1.3186,0.0475,0.9335,median,0.0516,0.2572,0.0038,Regime 3 (Parasitic),DANGER,0.763,0.9664,0.8636,1.2058,-0.1263,-0.1263,False,False,False
AVGO,Broadcom Inc.,Information Technology,2025-Q2,2025-06-30,usd,1.25,2.0784,273.1475830078125,3307.699951171875,132.15,16.49,2.45,42.81,1289.8,48.47,2.2605,1.9756,0.3566,50.2,0.1812,False,0.7384,0.4608,0.5463,34.343,1.2442,0.0613,0.9158,median,0.0481,0.5627,0.0164,Regime 3 (Parasitic),DANGER,0.95,0.2721,0.3804,0.3366,-0.0396,-0.0396,False,False,False
AVGO,Broadcom Inc.,Information Technology,2025-Q3,2025-09-30,usd,1.25,2.0784,327.4751281738281,3873.199951171875,130.07,16.49,2.53,42.81,1552.56,47.98,2.2511,1.9971,0.3909,53.3,0.3053,False,0.7495,0.5696,0.6504,34.491,1.2548,0.0277,0.9601,median,0.046,0.6699,0.0194,Regime 3 (Parasitic),DANGER,0.95,-0.0581,0.1149,0.1149,-0.1071,-0.1071,False,False,False
AVGO,Broadcom Inc.,Information Technology,2025-Q4,2025-12-31,usd,1.25,2.0784,344.2029724121094,4341.10009765625,128.1,15.94,2.6,52.63,1630.15,49.82,2.8394,2.0169,0.3169,52.6,0.3184,False,0.7499,0.3028,0.3813,11.727,1.4123,0.0216,0.9685,median,0.045,0.4169,0.0355,Regime 3 (Parasitic),DANGER,0.903,0.0711,0.0607,0.0607,-0.1505,-0.1505,False,False,False
AVGO,Broadcom Inc.,Information Technology,2026-Q1,2026-03-31,usd,1.25,2.0784,308.459228515625,4647.60009765625,126.13,16.2,2.79,61.66,1467.65,51.7,3.2473,2.041,0.3947,71.4,0.3215,False,0.7421,0.4849,0.5628,8.891,1.2793,0.0296,0.9575,median,0.0444,0.6341,0.0713,Regime 3 (Parasitic),DANGER,0.95,0.1836,0.1836,0.1836,0.0,0.0,False,False,False
AVGO,Broadcom Inc.,Information Technology,2026-Q2,2026-06-30,usd,1.25,2.0784,377.0633850097656,4038.5,124.13,15.56,3.14,81.82,1800.1,56.16,4.3737,2.0723,0.2068,47.5,0.2586,False,0.7487,0.1034,0.1861,2.264,1.0102,0.0203,0.9705,median,0.0478,0.3334,0.1473,Regime 2 (Subcritical),CAUTION,0.55,-0.0317,-0.0317,-0.0317,-0.1019,-0.1019,False,False,
CRM,"Salesforce, Inc.",Information Technology,2017-Q1,2017-03-31,usd,1.25,2.0784,80.94475555419922,1247.300048828125,8.33,2.55,1.85,6.95,57.27,4.92,1.582,1.576,0.2518,49.5,0.057,False,0.6525,-0.1926,-0.1938,0.442,0.8662,-0.0342,1.0,median,-0.0013,0.1537,0.3475,Regime 2 (Subcritical),CAUTION,0.55,0.1325,0.4099,0.9199,-0.0022,-0.0022,False,False,
CRM,"Salesforce, Inc.",Information Technology,2017-Q2,2017-06-30,usd,1.25,2.0784,84.9777603149414,1240.699951171875,8.26,2.68,1.87,7.56,61.07,5.09,1.6645,1.5805,0.1638,35.4,0.0512,False,0.6569,-0.0471,-0.0455,0.813,0.84,-0.0019,1.0,median,0.0016,0.1973,0.2428,Regime 2 (Subcritical),CAUTION,0.55,0.1805,0.5751,0.7521,-0.0058,-0.0058,False,False,
CRM,"Salesforce, Inc.",Information Technology,2017-Q3,2017-09-30,usd,1.25,2.0784,91.67000579833984,1281.5,8.19,2.66,1.86,7.86,66.21,5.14,1.7379,1.588,0.1597,36.0,0.0816,False,0.667,0.093,0.1058,1.529,0.8398,0.0145,0.9786,median,0.0129,0.3059,0.2001,Regime 2 (Subcritical),CAUTION,0.55,0.238,0.6929,0.5802,0.0,0.0,False,False,
CRM,"Salesforce, Inc.",Information Technology,2017-Q4,2017-12-31,usd,1.25,2.0784,100.31497192382812,1306.300048828125,8.14,2.66,1.95,8.45,70.97,5.3,1.8356,1.5996,0.6079,121.1,0.0475,False,0.6723,0.2738,0.2952,3.789,0.9512,0.134,0.8327,median,0.0218,0.401,0.1058,Regime 3 (Parasitic),DANGER,0.774,0.3064,0.3118,0.5577,-0.0036,-0.0036,False,False,False
CRM,"Salesforce, Inc.",Information Technology,2018-Q1,2018-03-31,usd,1.25,2.0784,114.12140655517578,1322.800048828125,8.26,2.88,1.95,8.96,80.74,5.51,1.8558,1.6162,0.1966,37.6,0.4997,False,0.6837,0.2033,0.2298,3.02,0.9488,0.0628,0.9139,median,0.0252,0.3435,0.1137,Regime 2 (Subcritical),CAUTION,0.55,0.3793,0.3735,0.2997,0.0,0.0,False,False,
CRM,"Salesforce, Inc.",Information Technology,2018-Q2,2018-06-30,usd,1.25,2.0784,133.84487915039062,1251.300048828125,14.23,3.25,1.99,9.73,101.28,7.3,1.8572,1.6345,0.1804,33.5,0.0975,False,0.6779,0.1085,0.1458,1.405,0.8991,0.0421,0.9406,median,0.0336,0.5058,0.3601,Regime 2 (Subcritical),CAUTION,0.55,-0.0409,0.0805,0.3055,-0.1407,-0.1407,False,False,
CRM,"Salesforce, Inc.",Information Technology,2018-Q3,2018-09-30,usd,1.25,2.0784,156.0509490966797,1191.5,14.9,3.29,2.0,10.01,119.38,7.55,1.8926,1.6528,0.206,38.4,0.093,False,0.6933,0.1602,0.2055,1.535,0.8039,0.1073,0.8613,median,0.04,0.5894,0.3839,Regime 2 (Subcritical),CAUTION,0.55,-0.0093,-0.0714,0.5479,-0.2452,-0.2452,True,True,
CRM,"Salesforce, Inc.",Information Technology,2018-Q4,2018-12-31,usd,1.25,2.0784,134.40420532226562,1278.300048828125,14.77,3.29,2.05,10.63,103.49,7.69,1.9891,1.6711,0.6911,118.4,0.0902,False,0.6741,-0.0418,0.0054,1.015,1.0437,-0.0618,1.0,median,0.0437,0.3772,0.3718,Regime 2 (Subcritical),CAUTION,0.55,0.1248,0.1874,0.6237,-0.048,-0.0925,False,False,
CRM,"Salesforce, Inc.",Information Technology,2019-Q1,2019-03-31,usd,1.25,2.0784,155.4033203125,1293.0,14.65,3.66,2.24,11.29,119.66,7.96,1.9116,1.6912,0.2194,36.1,0.1851,False,0.6873,-0.0225,0.0254,1.069,0.9107,0.0813,0.8914,median,0.0454,0.3935,0.368,Regime 2 (Subcritical),CAUTION,0.55,-0.0802,-0.0703,0.3029,-0.2288,-0.2288,True,True,
CRM,"Salesforce, Inc.",Information Technology,2019-Q2,2019-06-30,usd,1.25,2.0784,148.88771057128906,1409.699951171875,14.92,3.93,2.28,12.12,115.54,8.31,1.9514,1.7097,0.3041,53.3,0.1458,False,0.6777,-0.0447,0.0015,1.012,1.041,0.0206,0.97,median,0.045,0.1317,0.1302,Regime 2 (Subcritical),CAUTION,0.55,0.0709,0.19,0.5955,-0.1932,-0.1932,False,False,
CRM,"Salesforce, Inc.",Information Technology,2019-Q3,2019-09-30,usd,1.25,2.0784,145.65931701660156,1465.699951171875,30.01,5.0,2.37,13.52,127.74,12.72,1.8342,1.7275,0.3943,52.1,0.1625,False,0.6339,-0.501,-0.4541,0.13,1.2042,-0.001,1.0,median,0.0442,0.0677,0.5218,Regime 2 (Subcritical),CAUTION,0.55,0.0095,0.667,0.8223,-0.1626,-0.1626,False,False,
CRM,"Salesforce, Inc.",Information Technology,2019-Q4,2019-12-31,usd,1.25,2.0784,159.5933074951172,1519.5,29.86,5.0,2.38,14.52,142.52,12.94,1.9683,1.742,0.9039,116.2,0.1341,False,0.648,-0.2463,-0.2009,0.614,0.9223,0.2442,0.7319,median,0.0415,0.32,0.5209,Regime 2 (Subcritical),CAUTION,0.55,0.1518,0.3674,0.5699,-0.2357,-0.2357,True,True,
CRM,"Salesforce, Inc.",Information Technology,2020-Q1,2020-03-31,usd,1.25,2.0784,141.28286743164062,1583.4000244140625,29.75,5.44,2.52,14.44,126.17,13.04,1.8141,1.7565,0.4356,57.7,0.2166,False,0.6269,-0.4762,-0.4404,0.107,1.3633,-0.1008,1.0,median,0.0379,0.0529,0.4934,Regime 2 (Subcritical),CAUTION,0.55,0.7186,0.4715,0.4746,-0.0689,-0.0689,False,False,
CRM,"Salesforce, Inc.",Information Technology,2020-Q2,2020-06-30,usd,1.25,2.0784,183.82080078125,1800.5,30.98,5.55,2.53,15.36,165.62,13.6,1.9019,1.7679,0.4689,61.1,0.1301,False,0.6622,-0.1638,-0.1323,0.731,1.2425,0.0122,0.982,median,0.0335,0.3601,0.4924,Regime 2 (Subcritical),CAUTION,0.55,0.1875,0.304,-0.119,-0.0097,-0.1694,False,False,
CRM,"Salesforce, Inc.",Information Technology,2020-Q3,2020-09-30,usd,1.25,2.0784,246.6121368408203,1895.5,30.71,5.7,2.56,16.1,224.42,13.77,1.9492,1.7784,0.4174,55.9,0.1281,False,0.6973,0.457,0.4846,7.144,1.1182,0.0992,0.8705,median,0.029,0.5635,0.0789,Regime 3 (Parasitic),DANGER,0.95,-0.157,0.0792,-0.4277,-0.183,-0.4277,False,True,True
CRM,"Salesforce, Inc.",Information Technology,2020-Q4,2020-12-31,usd,1.25,2.0784,218.3614501953125,1895.0999755859375,30.43,5.7,2.46,16.1,200.67,13.67,1.9742,1.7888,0.1792,53.0,0.1226,False,0.6857,0.2609,0.2872,6.223,1.0728,0.1158,0.852,median,0.0265,0.3422,0.055,Regime 3 (Parasitic),DANGER,0.811,0.1009,0.142,-0.4042,-0.0773,-0.4236,False,True,True
CRM,"Salesforce, Inc.",Information Technology,2021-Q1,2021-03-31,usd,1.25,2.0784,207.901123046875,1713.800048828125,30.57,6.04,2.49,17.63,191.06,14.18,2.0671,1.7993,0.362,48.6,0.2694,False,0.6751,0.3042,0.3311,4.944,0.7041,0.3339,0.6663,median,0.0241,0.415,0.0839,Regime 3 (Parasitic),DANGER,0.804,0.2767,0.0021,-0.0571,-0.1007,-0.3946,False,True,True
CRM,"Salesforce, Inc.",Information Technology,2021-Q2,2021-06-30,usd,1.25,2.0784,239.6941680908203,1771.5999755859375,57.85,6.64,2.71,18.91,221.96,21.53,2.0229,1.811,0.5616,58.7,0.1639,False,0.642,-0.1922,-0.1662,0.638,0.7098,0.2339,0.7403,median,0.0241,0.2928,0.459,Regime 2 (Subcritical),CAUTION,0.55,0.042,-0.3244,-0.1351,-0.363,-0.4749,True,True,
CRM,"Salesforce, Inc.",Information Technology,2021-Q3,2021-09-30,usd,1.25,2.0784,266.1393127441406,1757.0,57.42,7.48,2.77,20.08,260.55,21.94,1.959,1.8228,0.4663,53.5,0.109,False,0.6614,-0.3442,-0.3165,0.32,0.7237,0.1319,0.8348,median,0.0247,0.1493,0.4658,Regime 2 (Subcritical),CAUTION,0.55,-0.2172,-0.4697,-0.2523,-0.4697,-0.5271,True,True,
CRM,"Salesforce, Inc.",Information Technology,2021-Q4,2021-12-31,usd,1.25,2.0784,249.36947631835938,1828.5999755859375,56.91,7.48,2.77,20.08,246.63,21.81,1.959,1.8336,0.2071,53.2,0.0934,False,0.6545,-0.2885,-0.2608,0.442,0.7604,0.1941,0.7745,median,0.0247,0.2062,0.467,Regime 2 (Subcritical),CAUTION,0.55,-0.3381,-0.4783,0.0355,-0.4953,-0.4953,True,True,
CRM,"Salesforce, Inc.",Information Technology,2022-Q1,2022-03-31,usd,1.25,2.0784,208.3426971435547,1949.199951171875,56.88,7.9,2.77,21.46,206.05,22.25,2.0128,1.8435,0.4183,48.7,0.1382,False,0.6233,-0.4052,-0.3749,0.168,0.9974,0.0986,0.8711,median,0.0242,0.0755,0.4505,Regime 2 (Subcritical),CAUTION,0.55,-0.3085,-0.0591,0.4204,-0.3959,-0.3959,True,True,
CRM,"Salesforce, Inc.",Information Technology,2022-Q2,2022-06-30,usd,1.25,2.0784,161.94837951660156,1807.300048828125,56.64,7.9,2.77,22.37,161.14,22.42,2.0963,1.8532,0.4685,56.1,0.1428,False,0.577,-0.3918,-0.361,-7.861,1.1582,-0.1299,1.0,median,0.023,-0.3202,0.0407,Regime 2 (Subcritical),CAUTION,0.55,-0.1969,0.2801,0.5598,-0.2228,-0.2228,True,True,
CRM,"Salesforce, Inc.",Information Technology,2022-Q3,2022-09-30,usd,1.25,2.0784,141.1455078125,1672.0,56.15,7.78,2.77,23.0,141.15,22.42,2.181,1.8637,0.3997,49.8,0.1496,False,0.5498,-0.6671,-0.6349,-27.946,1.1432,-0.1785,1.0,median,0.0222,-0.613,0.0219,Regime 2 (Subcritical),CAUTION,0.55,0.3889,0.4098,0.9318,-0.1082,-0.1082,False,False,
CRM,"Salesforce, Inc.",Information Technology,2022-Q4,2022-12-31,usd,1.25,2.0784,130.10626220703125,1826.199951171875,55.69,7.78,2.77,23.0,131.28,22.31,2.181,1.8757,0.1809,51.2,0.0849,False,0.5354,-0.6863,-0.6532,-27.902,1.2397,-0.1436,1.0,median,0.0227,-0.6306,0.0226,Regime 2 (Subcritical),CAUTION,0.55,0.5674,0.9524,1.5049,0.0,0.0,False,False,
CRM,"Salesforce, Inc.",Information Technology,2023-Q1,2023-03-31,usd,1.25,2.0784,196.03759765625,1969.0,55.22,7.38,2.77,24.49,197.8,22.46,2.4131,1.8886,0.3982,51.3,0.1971,False,0.6137,-0.0839,-0.0504,-4.294,1.1137,-0.0839,1.0,median,0.0242,-0.0409,0.0095,Regime 2 (Subcritical),CAUTION,0.55,0.015,0.5095,0.3589,-0.0545,-0.0545,False,False,
CRM,"Salesforce, Inc.",Information Technology,2023-Q2,2023-06-30,usd,1.25,2.0784,207.30255126953125,1929.4000244140625,54.75,7.41,2.77,25.96,201.91,22.72,2.5511,1.9047,0.4216,57.3,0.1428,False,0.6147,0.1731,0.2123,16.971,0.908,0.0933,0.8772,median,0.0274,0.2256,0.0133,Regime 3 (Parasitic),DANGER,0.723,0.2456,0.2186,0.3056,-0.0711,-0.0711,False,False,False
CRM,"Salesforce, Inc.",Information Technology,2023-Q3,2023-09-30,usd,1.25,2.0784,198.9813995361328,1866.0999755859375,54.35,7.34,2.77,26.26,193.61,22.68,2.5969,1.9247,0.3629,50.8,0.1459,False,0.6075,0.2554,0.3046,27.679,0.9333,0.0803,0.8925,median,0.0322,0.316,0.0114,Regime 3 (Parasitic),DANGER,0.805,0.4804,0.364,0.2158,-0.0366,-0.0366,False,False,False
CRM,"Salesforce, Inc.",Information Technology,2023-Q4,2023-12-31,usd,1.25,2.0784,258.210693359375,2071.800048828125,53.9,7.34,2.77,26.26,250.72,22.57,2.5969,1.9478,0.1487,47.6,0.1029,False,0.6504,0.5814,0.6355,56.0,0.9132,0.0303,0.9566,median,0.0377,0.647,0.0116,Regime 3 (Parasitic),DANGER,0.95,0.0051,0.3181,0.0508,-0.1477,-0.1477,False,False,False
CRM,"Salesforce, Inc.",Information Technology,2024-Q1,2024-03-31,usd,1.25,2.0784,295.9241638183594,2217.39990234375,53.81,8.06,2.77,27.88,287.34,23.13,2.5752,1.9732,0.3079,42.7,0.193,False,0.6656,0.2777,0.3442,12.781,0.8807,0.0926,0.878,median,0.0438,0.3734,0.0292,Regime 3 (Parasitic),DANGER,0.828,-0.0819,-0.1084,-0.3757,-0.2787,-0.4042,True,True,True
CRM,"Salesforce, Inc.",Information Technology,2024-Q2,2024-06-30,usd,1.25,2.0784,252.6134033203125,2339.60009765625,53.36,8.24,2.77,28.66,244.78,23.26,2.6039,1.9998,0.3572,52.8,0.1593,False,0.6415,0.094,0.1692,8.257,0.9883,0.0797,0.8932,median,0.0487,0.1925,0.0233,Regime 2 (Subcritical),CAUTION,0.55,0.3266,0.0722,-0.3788,-0.0725,-0.4047,False,True,
CRM,"Salesforce, Inc.",Information Technology,2024-Q3,2024-09-30,usd,1.25,2.0784,269.7750244140625,2659.39990234375,53.21,8.27,2.77,29.36,257.9,23.4,2.66,2.0273,0.3036,45.8,0.1807,False,0.6484,0.1791,0.2555,9.172,1.0605,0.2344,0.7399,median,0.052,0.2868,0.0313,Regime 3 (Parasitic),DANGER,0.729,-0.0184,-0.1289,-0.1389,-0.15,-0.4445,False,True,True
CRM,"Salesforce, Inc.",Information Technology,2024-Q4,2024-12-31,usd,1.25,2.0784,329.8995056152344,2641.0,55.71,8.27,2.77,29.36,317.36,24.03,2.66,2.0559,0.1284,44.6,0.0919,False,0.6736,0.0878,0.1731,3.764,1.0338,0.0849,0.887,median,0.054,0.2357,0.0626,Regime 2 (Subcritical),CAUTION,0.55,-0.1841,-0.2025,-0.2958,-0.3226,-0.5458,True,True,
CRM,"Salesforce, Inc.",Information Technology,2025-Q1,2025-03-31,usd,1.25,2.0784,264.8037109375,3122.800048828125,55.31,8.63,2.77,30.26,254.74,24.24,2.655,2.085,0.2778,40.4,0.2023,False,0.6412,-0.2527,-0.1674,-2.566,1.3186,0.0475,0.9335,median,0.0551,-0.1204,0.0469,Regime 2 (Subcritical),CAUTION,0.55,-0.0822,-0.2999,-0.1227,-0.3318,-0.4341,True,True,
CRM,"Salesforce, Inc.",Information Technology,2025-Q2,2025-06-30,usd,1.25,2.0784,269.926513671875,3307.699951171875,55.11,8.86,2.77,31.98,258.05,24.68,2.7499,2.1141,0.3257,49.9,0.2056,False,0.6401,-0.093,-0.0065,0.89,1.2442,0.0613,0.9158,median,0.0556,0.0528,0.0593,Regime 2 (Subcritical),CAUTION,0.55,-0.0204,-0.4206,-0.1394,-0.4448,-0.4448,True,True,
CRM,"Salesforce, Inc.",Information Technology,2025-Q3,2025-09-30,usd,1.25,2.0784,235.0067138671875,3873.199951171875,55.95,8.4,2.77,32.02,223.73,24.78,2.8668,2.1439,0.3093,48.7,0.1824,False,0.616,-0.2848,-0.1995,-2.478,1.2548,0.0277,0.9601,median,0.0559,-0.1422,0.0574,Regime 2 (Subcritical),CAUTION,0.55,-0.2111,-0.0115,-0.0115,-0.3623,-0.3623,True,True,
CRM,"Salesforce, Inc.",Information Technology,2025-Q4,2025-12-31,usd,1.25,2.0784,263.1059875488281,4341.10009765625,64.76,8.4,2.77,32.02,244.43,26.98,2.8668,2.1751,0.1414,49.1,-0.0096,True,0.6182,-0.4633,-0.3773,-2.248,1.4123,0.0216,0.9685,median,0.0563,-0.2611,0.1162,Regime 2 (Subcritical),CAUTION,0.55,-0.3807,-0.1171,-0.1171,-0.4304,-0.4304,True,True,
CRM,"Salesforce, Inc.",Information Technology,2026-Q1,2026-03-31,usd,1.25,2.0784,185.39878845214844,4647.60009765625,65.94,9.47,2.77,34.25,172.24,28.11,2.7993,2.207,0.2733,41.7,0.1337,False,0.5407,-0.6299,-0.5393,-2.645,1.2793,0.0296,0.9575,median,0.0569,-0.3914,0.148,Regime 2 (Subcritical),CAUTION,0.55,0.253,0.253,0.253,-0.1917,-0.1917,False,False,
CRM,"Salesforce, Inc.",Information Technology,2026-Q2,2026-06-30,usd,1.25,2.0784,156.38487243652344,4038.5,65.39,9.65,2.77,34.78,128.08,28.15,2.8015,2.2386,0.3364,50.9,0.1324,False,0.4732,-0.9245,-0.8321,-5.324,1.0102,0.0203,0.9705,median,0.0572,-0.7005,0.1316,Regime 2 (Subcritical),CAUTION,0.55,0.4855,0.4855,0.4855,0.0,0.0,False,False,
JNJ,Johnson & Johnson,Health Care,2017-Q1,2017-03-31,usd,1.25,2.0784,96.18497467041016,1247.300048828125,54.31,27.19,16.19,49.52,259.11,36.8,1.1416,1.1395,0.6176,110.6,0.5035,False,0.551,-0.0252,-0.0226,0.604,0.8662,-0.0342,1.0,median,0.0025,0.0343,0.0569,Regime 2 (Subcritical),CAUTION,0.55,0.0574,0.0554,0.1828,-0.0255,-0.0255,False,False,
JNJ,Johnson & Johnson,Health Care,2017-Q2,2017-06-30,usd,1.25,2.0784,102.83975219726562,1240.699951171875,86.18,30.19,16.46,52.06,276.02,46.22,1.1162,1.1399,0.6677,120.3,0.1662,False,0.5145,-0.1355,-0.1324,0.437,0.84,-0.0019,1.0,median,0.0029,0.103,0.2354,Regime 2 (Subcritical),CAUTION,0.55,0.0694,-0.0584,0.1097,-0.0735,-0.0735,False,False,
JNJ,Johnson & Johnson,Health Care,2017-Q3,2017-09-30,usd,1.25,2.0784,101.7102279663086,1281.5,85.88,31.88,16.63,50.99,273.25,46.34,1.0512,1.1385,0.5553,102.4,0.2006,False,0.5105,-0.1399,-0.1426,0.435,0.8398,0.0145,0.9786,median,-0.0025,0.1097,0.2523,Regime 2 (Subcritical),CAUTION,0.55,-0.0111,0.0813,0.0404,-0.0718,-0.0718,False,False,
JNJ,Johnson & Johnson,Health Care,2017-Q4,2017-12-31,usd,1.25,2.0784,109.97603607177734,1306.300048828125,85.13,31.88,17.0,51.81,295.05,46.46,1.0598,1.1333,0.3792,71.1,0.2389,False,0.5295,-0.0446,-0.05,0.806,0.9512,0.134,0.8327,median,-0.0048,0.2073,0.2572,Regime 2 (Subcritical),CAUTION,0.55,-0.1164,-0.048,0.1064,-0.1305,-0.1305,False,False,
JNJ,Johnson & Johnson,Health Care,2018-Q1,2018-03-31,usd,1.25,2.0784,101.51495361328125,1322.800048828125,83.51,30.67,17.04,53.58,272.28,46.2,1.1231,1.1272,0.5365,100.1,0.201,False,0.5096,-0.1656,-0.1778,0.218,0.9488,0.0628,0.9139,median,-0.0108,0.0496,0.2274,Regime 2 (Subcritical),CAUTION,0.55,0.1249,0.153,0.1277,-0.0343,-0.0577,False,False,
JNJ,Johnson & Johnson,Health Care,2018-Q2,2018-06-30,usd,1.25,2.0784,96.83326721191406,1251.300048828125,80.4,33.53,16.63,55.61,259.78,46.54,1.1087,1.1236,0.4702,92.1,0.223,False,0.4929,-0.0504,-0.0676,-8.736,0.8991,0.0421,0.9406,median,-0.0144,-0.0606,0.0069,Regime 2 (Subcritical),CAUTION,0.55,0.0605,0.1763,0.2071,0.0,-0.0417,False,False,
JNJ,Johnson & Johnson,Health Care,2018-Q3,2018-09-30,usd,1.25,2.0784,110.99897766113281,1191.5,79.34,32.2,16.63,55.04,297.7,45.8,1.127,1.1209,0.452,86.3,0.245,False,0.534,0.1162,0.0975,100.0,0.8039,0.1073,0.8613,median,-0.0156,0.0857,-0.0118,Regime 2 (Subcritical),CAUTION,0.55,0.0138,-0.0482,0.1112,-0.115,-0.1715,False,False,
JNJ,Johnson & Johnson,Health Care,2018-Q4,2018-12-31,usd,1.25,2.0784,104.3326187133789,1278.300048828125,78.06,32.2,17.04,53.73,277.85,45.26,1.0912,1.1194,0.3616,70.4,0.2408,False,0.5187,-0.0198,-0.0339,1.0,1.0437,-0.0618,1.0,median,-0.0123,-0.0601,-0.0261,Regime 2 (Subcritical),CAUTION,0.55,0.0945,0.1622,0.2771,-0.0258,-0.1089,False,False,
JNJ,Johnson & Johnson,Health Care,2019-Q1,2019-03-31,usd,1.25,2.0784,113.76509094238281,1293.0,78.35,32.31,17.0,53.62,302.05,45.32,1.0875,1.1177,0.4833,94.2,0.1825,False,0.5401,0.1325,0.123,100.0,0.9107,0.0813,0.8914,median,-0.0085,0.1038,-0.0192,Regime 3 (Parasitic),DANGER,0.682,-0.0614,-0.0162,0.2535,-0.178,-0.178,False,False,True
JNJ,Johnson & Johnson,Health Care,2019-Q2,2019-06-30,usd,1.25,2.0784,114.12561798095703,1409.699951171875,82.99,32.85,17.25,54.49,301.2,46.89,1.0877,1.1159,0.4957,96.0,0.1713,False,0.5314,0.1478,0.1404,19.703,1.041,0.0206,0.97,median,-0.0069,0.1479,0.0075,Regime 2 (Subcritical),CAUTION,0.55,0.061,0.0257,0.2419,-0.1858,-0.1858,False,False,
JNJ,Johnson & Johnson,Health Care,2019-Q3,2019-09-30,usd,1.25,2.0784,106.80799865722656,1465.699951171875,81.14,31.89,17.05,55.45,281.11,46.38,1.133,1.114,0.4497,87.6,0.1874,False,0.516,-0.0636,-0.0699,-4.563,1.2042,-0.001,1.0,median,-0.0062,-0.0573,0.0126,Regime 2 (Subcritical),CAUTION,0.55,0.0418,0.1675,0.3355,-0.1295,-0.1295,False,False,
JNJ,Johnson & Johnson,Health Care,2019-Q4,2019-12-31,usd,1.25,2.0784,121.25538635253906,1519.5,81.28,31.89,17.66,54.45,319.47,46.32,1.0989,1.1131,0.3484,67.0,0.2195,False,0.5489,0.1223,0.1164,6.017,0.9223,0.2442,0.7319,median,-0.0057,0.1396,0.0232,Regime 3 (Parasitic),DANGER,0.672,-0.023,0.0989,0.244,-0.2332,-0.2332,True,True,True
JNJ,Johnson & Johnson,Health Care,2020-Q1,2020-03-31,usd,1.25,2.0784,109.69776153564453,1583.4000244140625,80.81,31.13,17.4,54.52,289.01,45.96,1.1233,1.1122,0.4332,84.5,0.1925,False,0.5258,-0.0539,-0.0583,-3.126,1.3633,-0.1008,1.0,median,-0.005,-0.0441,0.0141,Regime 2 (Subcritical),CAUTION,0.55,0.1368,0.2872,0.4234,-0.0177,-0.0177,False,False,
JNJ,Johnson & Johnson,Health Care,2020-Q2,2020-06-30,usd,1.25,2.0784,118.46055603027344,1800.5,81.3,30.8,17.6,47.03,311.89,44.18,0.9717,1.1117,0.6494,109.8,0.2382,False,0.5552,0.0977,0.0944,100.0,1.2425,0.0122,0.982,median,-0.0037,0.0349,-0.0596,Regime 2 (Subcritical),CAUTION,0.55,0.111,0.2023,0.3286,-0.0185,-0.0185,False,False,
JNJ,Johnson & Johnson,Health Care,2020-Q3,2020-09-30,usd,1.25,2.0784,126.24470520019531,1895.5,81.31,33.08,17.86,56.44,332.34,47.17,1.108,1.1091,0.5354,96.6,0.3372,False,0.5537,0.1545,0.1505,9.892,1.1182,0.0992,0.8705,median,-0.0044,0.1674,0.0169,Regime 3 (Parasitic),DANGER,0.754,0.1185,0.1125,0.155,-0.0791,-0.0791,False,False,False
JNJ,Johnson & Johnson,Health Care,2020-Q4,2020-12-31,usd,1.25,2.0784,134.37977600097656,1895.0999755859375,89.8,33.08,18.77,56.44,353.24,49.52,1.0885,1.1071,0.0659,25.9,0.3354,False,0.5578,0.0386,0.0337,1.504,1.0728,0.1158,0.852,median,-0.0054,0.1005,0.0668,Regime 2 (Subcritical),CAUTION,0.55,0.0677,0.1144,0.181,-0.0213,-0.0213,False,False,
JNJ,Johnson & Johnson,Health Care,2021-Q1,2021-03-31,usd,1.25,2.0784,141.2061309814453,1713.800048828125,86.8,34.44,18.37,61.03,371.85,50.16,1.1558,1.1054,0.4225,79.8,0.2422,False,0.5661,0.171,0.1647,2.886,0.7041,0.3339,0.6663,median,-0.0061,0.252,0.0873,Regime 2 (Subcritical),CAUTION,0.55,0.0102,0.1057,-0.0068,-0.0333,-0.0333,False,False,
JNJ,Johnson & Johnson,Health Care,2021-Q2,2021-06-30,usd,1.25,2.0784,142.42433166503906,1771.5999755859375,86.06,37.87,18.63,62.9,374.93,51.37,1.1133,1.1048,0.3888,75.1,0.2455,False,0.5617,0.0398,0.0335,1.222,0.7098,0.2339,0.7403,median,-0.0062,0.1841,0.1506,Regime 2 (Subcritical),CAUTION,0.55,0.0544,0.1051,0.0595,-0.0416,-0.0416,False,False,
JNJ,Johnson & Johnson,Health Care,2021-Q3,2021-09-30,usd,1.25,2.0784,140.45289611816406,1757.0,83.34,37.69,18.48,64.35,369.76,50.97,1.1457,1.1045,0.4011,76.3,0.2877,False,0.56,0.0336,0.0293,1.379,0.7237,0.1319,0.8348,median,-0.0042,0.1067,0.0773,Regime 2 (Subcritical),CAUTION,0.55,0.1117,0.0382,0.0183,-0.0282,-0.0282,False,False,
JNJ,Johnson & Johnson,Health Care,2021-Q4,2021-12-31,usd,1.25,2.0784,149.7501983642578,1828.5999755859375,81.64,37.69,18.96,64.35,393.73,50.66,1.136,1.1048,0.0564,24.3,0.3707,False,0.5756,0.0879,0.0858,4.773,0.7604,0.1941,0.7745,median,-0.0021,0.1085,0.0227,Regime 2 (Subcritical),CAUTION,0.55,0.0629,0.0597,-0.0312,-0.0696,-0.1072,False,False,
JNJ,Johnson & Johnson,Health Care,2022-Q1,2022-03-31,usd,1.25,2.0784,156.13836669921875,1949.199951171875,79.36,37.6,18.7,63.31,410.86,49.74,1.1245,1.1054,0.422,81.0,0.2859,False,0.5888,0.1081,0.1081,100.0,0.9974,0.0986,0.8711,median,0.0,0.0998,-0.0084,Regime 2 (Subcritical),CAUTION,0.55,-0.0594,-0.1018,-0.0551,-0.1247,-0.1437,False,False,
JNJ,Johnson & Johnson,Health Care,2022-Q2,2022-06-30,usd,1.25,2.0784,157.3899688720703,1807.300048828125,76.57,39.72,18.35,64.4,413.81,49.76,1.1091,1.1061,0.4083,80.6,0.3055,False,0.5899,0.1289,0.1304,100.0,1.1582,-0.1299,1.0,median,0.0012,0.0987,-0.0317,Regime 2 (Subcritical),CAUTION,0.55,0.0135,-0.0412,-0.1269,-0.1316,-0.1505,False,False,
JNJ,Johnson & Johnson,Health Care,2022-Q3,2022-09-30,usd,1.25,2.0784,145.8170166015625,1672.0,73.72,38.74,18.15,63.94,381.24,48.64,1.1237,1.1067,0.397,78.8,0.3245,False,0.5768,0.0746,0.0773,100.0,1.1432,-0.1785,1.0,median,0.0021,0.0306,-0.0468,Regime 2 (Subcritical),CAUTION,0.55,-0.0382,-0.0192,0.0486,-0.0627,-0.0831,False,False,
JNJ,Johnson & Johnson,Health Care,2022-Q4,2022-12-31,usd,1.25,2.0784,158.6975555419922,1826.199951171875,93.56,38.74,19.8,55.42,413.29,51.88,0.9466,1.1074,0.5114,79.5,0.2326,False,0.5823,0.0216,0.0247,2.036,1.2397,-0.1436,1.0,median,0.0024,0.0485,0.0238,Regime 2 (Subcritical),CAUTION,0.55,-0.0574,-0.0937,-0.1449,-0.1648,-0.1648,False,False,
JNJ,Johnson & Johnson,Health Care,2023-Q1,2023-03-31,usd,1.25,2.0784,140.2493133544922,1969.0,93.02,38.8,20.17,65.4,364.47,54.35,1.109,1.1061,0.498,91.9,0.1793,False,0.5415,-0.2092,-0.2084,-1.352,1.1137,-0.0839,1.0,median,0.0006,-0.1198,0.0886,Regime 2 (Subcritical),CAUTION,0.55,0.0198,0.052,0.1236,-0.0467,-0.0467,False,False,
JNJ,Johnson & Johnson,Health Care,2023-Q2,2023-06-30,usd,1.25,2.0784,150.898193359375,1929.4000244140625,91.69,41.98,20.58,69.27,392.18,55.88,1.1074,1.105,0.4481,87.2,0.2335,False,0.5519,-0.1683,-0.1696,-0.463,0.908,0.0933,0.8772,median,-0.001,-0.0537,0.1159,Regime 2 (Subcritical),CAUTION,0.55,-0.0385,-0.0893,-0.0194,-0.114,-0.114,False,False,
JNJ,Johnson & Johnson,Health Care,2023-Q3,2023-09-30,usd,1.25,2.0784,143.02215576171875,1866.0999755859375,71.14,35.39,18.82,58.98,344.29,46.08,1.088,1.1043,0.5461,102.6,0.2277,False,0.5657,-0.0449,-0.048,1.0,0.9333,0.0803,0.8925,median,-0.0023,-0.1019,-0.0539,Regime 2 (Subcritical),CAUTION,0.55,0.0356,0.0732,0.2467,-0.0616,-0.0616,False,False,
JNJ,Johnson & Johnson,Health Care,2023-Q4,2023-12-31,usd,1.25,2.0784,145.0839080810547,2071.800048828125,70.73,35.39,19.9,58.39,349.47,46.1,1.0561,1.1035,0.3948,73.6,0.222,False,0.5688,-0.0451,-0.0496,1.0,0.9132,0.0303,0.9566,median,-0.0036,-0.1677,-0.1181,Regime 2 (Subcritical),CAUTION,0.55,-0.0719,-0.0756,0.3752,-0.0902,-0.0902,False,False,
JNJ,Johnson & Johnson,Health Care,2024-Q1,2024-03-31,usd,1.25,2.0784,147.537841796875,2217.39990234375,70.9,35.2,19.63,59.49,355.08,46.3,1.085,1.1023,0.5991,108.8,0.2437,False,0.5716,0.1386,0.1341,1.0,0.8807,0.0926,0.878,median,-0.0034,-0.0261,-0.1602,Regime 2 (Subcritical),CAUTION,0.55,0.039,0.0848,0.6435,-0.0845,-0.0845,False,False,
JNJ,Johnson & Johnson,Health Care,2024-Q2,2024-06-30,usd,1.25,2.0784,137.4198455810547,2339.60009765625,83.97,36.48,19.75,62.31,330.8,50.63,1.1081,1.1012,0.5985,108.4,0.221,False,0.534,-0.0669,-0.0716,1.0,0.9883,0.0797,0.8932,median,-0.0035,-0.1702,-0.0986,Regime 2 (Subcritical),CAUTION,0.55,0.006,0.0771,0.8355,-0.0147,-0.0147,False,False,
JNJ,Johnson & Johnson,Health Care,2024-Q3,2024-09-30,usd,1.25,2.0784,153.52552795410156,2659.39990234375,84.29,41.72,20.48,62.03,369.63,52.13,0.9973,1.1004,0.6168,113.6,0.1666,False,0.5535,-0.0477,-0.0523,0.576,1.0605,0.2344,0.7399,median,-0.0035,0.071,0.1233,Regime 2 (Subcritical),CAUTION,0.55,0.0398,0.1811,0.7542,-0.1164,-0.1164,False,False,
JNJ,Johnson & Johnson,Health Care,2024-Q4,2024-12-31,usd,1.25,2.0784,138.10324096679688,2641.0,81.82,41.72,20.52,62.03,332.5,51.52,0.9967,1.0987,0.0763,32.0,0.2836,False,0.5293,-0.1549,-0.1609,-0.448,1.0338,0.0849,0.887,median,-0.0043,-0.0498,0.1112,Regime 2 (Subcritical),CAUTION,0.55,0.0961,0.4748,0.9501,-0.0177,-0.0177,False,False,
JNJ,Johnson & Johnson,Health Care,2025-Q1,2025-03-31,usd,1.25,2.0784,159.63470458984375,3122.800048828125,81.22,33.35,20.87,58.14,384.09,48.4,1.0724,1.0963,0.6386,105.5,0.3892,False,0.5804,0.0413,0.0344,1.778,1.3186,0.0475,0.9335,median,-0.0055,0.0786,0.0442,Regime 2 (Subcritical),CAUTION,0.55,0.1126,0.515,0.6871,-0.1175,-0.1175,False,False,
JNJ,Johnson & Johnson,Health Care,2025-Q2,2025-06-30,usd,1.25,2.0784,148.29501342773438,3307.699951171875,97.95,37.62,21.95,64.46,357.14,55.5,1.0821,1.0941,0.6461,115.9,0.1552,False,0.5316,-0.0068,-0.0151,0.835,1.2442,0.0613,0.9158,median,-0.0065,0.0766,0.0918,Regime 2 (Subcritical),CAUTION,0.55,0.3775,0.7042,0.8161,0.0,0.0,False,False,
JNJ,Johnson & Johnson,Health Care,2025-Q3,2025-09-30,usd,1.25,2.0784,181.33352661132812,3873.199951171875,96.78,38.38,22.34,66.76,436.89,56.06,1.0996,1.0922,0.6796,123.6,0.1576,False,0.577,0.104,0.0944,2.297,1.2548,0.0277,0.9601,median,-0.0075,0.1672,0.0728,Regime 2 (Subcritical),CAUTION,0.55,0.3337,0.4852,0.4852,0.0,0.0,False,False,
JNJ,Johnson & Johnson,Health Care,2025-Q4,2025-12-31,usd,1.25,2.0784,203.6740264892578,4341.10009765625,99.17,38.38,23.17,66.76,490.83,56.87,1.0847,1.0908,0.0827,33.7,0.2268,False,0.5988,0.2999,0.2907,3.944,1.4123,0.0216,0.9685,median,-0.0072,0.3895,0.0988,Regime 3 (Parasitic),DANGER,0.85,0.2409,0.3223,0.3223,-0.0128,-0.0128,False,False,False
JNJ,Johnson & Johnson,Health Care,2026-Q1,2026-03-31,usd,1.25,2.0784,241.84947204589844,4647.60009765625,97.62,38.24,23.27,63.82,582.18,55.74,1.0376,1.0896,0.6497,113.7,0.1839,False,0.6343,0.2825,0.2746,2.944,1.2793,0.0296,0.9575,median,-0.0061,0.4159,0.1413,Regime 2 (Subcritical),CAUTION,0.55,0.1136,0.1136,0.1136,-0.0946,-0.0946,False,False,
JNJ,Johnson & Johnson,Health Care,2026-Q2,2026-06-30,usd,1.25,2.0784,252.7235870361328,4038.5,96.71,40.34,23.58,69.04,609.04,57.42,1.08,1.0881,0.7388,135.9,0.1592,False,0.6367,0.5069,0.4997,15.682,1.0102,0.0203,0.9705,median,-0.0055,0.5337,0.034,Regime 3 (Parasitic),DANGER,0.95,0.0657,0.0657,0.0657,-0.0274,-0.0274,False,False,False
UNH,UnitedHealth Group Inc.,Health Care,2017-Q1,2017-03-31,usd,1.25,2.0784,139.92214965820312,1247.300048828125,60.99,28.09,6.33,13.65,135.02,27.27,0.3967,0.3961,0.0019,-198.8,0.2306,False,0.4812,-0.0215,0.0733,1.757,0.8662,-0.0342,1.0,median,0.0683,0.17,0.0968,Regime 2 (Subcritical),CAUTION,0.55,0.2036,0.324,0.5512,0.0,0.0,False,False,
UNH,UnitedHealth Group Inc.,Health Care,2017-Q2,2017-06-30,usd,1.25,2.0784,158.84092712402344,1240.699951171875,60.84,29.31,6.32,14.92,153.28,27.85,0.4188,0.3986,0.0019,-205.8,0.2171,False,0.5052,0.098,0.2014,3.041,0.84,-0.0019,1.0,median,0.0747,0.3,0.0986,Regime 2 (Subcritical),CAUTION,0.55,0.1975,0.3418,0.3544,0.0,0.0,False,False,
UNH,UnitedHealth Group Inc.,Health Care,2017-Q3,2017-09-30,usd,1.25,2.0784,168.41256713867188,1281.5,61.86,29.55,6.56,16.35,163.19,28.58,0.4528,0.4011,0.0019,-223.3,0.2379,False,0.5132,0.1958,0.2732,3.852,0.8398,0.0145,0.9786,median,0.0561,0.369,0.0958,Regime 3 (Parasitic),DANGER,0.696,0.0911,0.3659,0.1339,-0.0249,-0.0249,False,False,False
UNH,UnitedHealth Group Inc.,Health Care,2017-Q4,2017-12-31,usd,1.25,2.0784,190.21493530273438,1306.300048828125,63.05,29.55,7.01,16.35,184.32,28.99,0.4473,0.405,0.007,-92.4,0.2645,False,0.5392,0.1948,0.2487,3.386,0.9512,0.134,0.8327,median,0.0393,0.353,0.1043,Regime 2 (Subcritical),CAUTION,0.55,0.1169,0.1416,0.37,-0.0357,-0.0357,False,False,
UNH,UnitedHealth Group Inc.,Health Care,2018-Q1,2018-03-31,usd,1.25,2.0784,185.25253295898438,1322.800048828125,65.88,34.02,8.14,16.21,178.21,31.07,0.3845,0.409,0.0019,-249.8,0.235,False,0.5132,0.1015,0.147,2.127,0.9488,0.0628,0.9139,median,0.032,0.2775,0.1305,Regime 2 (Subcritical),CAUTION,0.55,0.2333,0.1543,0.1935,0.0,-0.0744,False,False,
UNH,UnitedHealth Group Inc.,Health Care,2018-Q2,2018-06-30,usd,1.25,2.0784,213.1337890625,1251.300048828125,64.95,33.54,7.91,16.82,205.03,30.8,0.4057,0.4103,0.0019,-229.6,0.2703,False,0.5485,0.1482,0.19,2.884,0.8991,0.0421,0.9406,median,0.029,0.2909,0.1009,Regime 2 (Subcritical),CAUTION,0.55,0.0015,0.0007,0.2089,-0.1147,-0.1905,False,False,
UNH,UnitedHealth Group Inc.,Health Care,2018-Q3,2018-09-30,usd,1.25,2.0784,231.8962860107422,1191.5,68.2,33.92,8.04,18.36,223.08,32.13,0.4376,0.411,0.0018,-240.4,0.1814,False,0.5582,0.1594,0.1956,2.67,0.8039,0.1073,0.8613,median,0.0245,0.3126,0.1171,Regime 2 (Subcritical),CAUTION,0.55,-0.0747,-0.1793,0.1678,-0.1885,-0.2581,False,True,
UNH,UnitedHealth Group Inc.,Health Care,2018-Q4,2018-12-31,usd,1.25,2.0784,217.8416290283203,1278.300048828125,68.23,33.92,8.46,18.36,209.13,32.24,0.4333,0.4122,0.0068,-85.4,0.2388,False,0.5423,-0.0049,0.0199,1.187,1.0437,-0.0618,1.0,median,0.0177,0.1263,0.1063,Regime 2 (Subcritical),CAUTION,0.55,-0.018,0.2,0.4314,-0.1263,-0.2011,False,True,
UNH,UnitedHealth Group Inc.,Health Care,2019-Q1,2019-03-31,usd,1.25,2.0784,217.04043579101562,1293.0,68.62,34.07,8.23,19.33,206.84,32.56,0.4569,0.4135,0.0018,-189.7,0.1873,False,0.5371,0.0867,0.1019,3.166,0.9107,0.0813,0.8914,median,0.0111,0.149,0.0471,Regime 2 (Subcritical),CAUTION,0.55,-0.1153,0.0412,0.5722,-0.1926,-0.1926,False,False,
UNH,UnitedHealth Group Inc.,Health Care,2019-Q2,2019-06-30,usd,1.25,2.0784,215.1361541748047,1409.699951171875,72.0,33.66,8.68,18.98,203.95,33.33,0.4482,0.4154,0.0019,-191.2,0.181,False,0.5295,-0.0999,-0.0841,-0.067,1.041,0.0206,0.97,median,0.0123,-0.0053,0.0788,Regime 2 (Subcritical),CAUTION,0.55,0.2303,0.2149,0.6942,-0.1865,-0.1865,False,False,
UNH,UnitedHealth Group Inc.,Health Care,2019-Q3,2019-09-30,usd,1.25,2.0784,192.50794982910156,1465.699951171875,75.73,35.84,8.5,20.06,182.31,35.03,0.4523,0.4174,0.002,-239.3,0.1745,False,0.4895,-0.3077,-0.2883,-2.335,1.2042,-0.001,1.0,median,0.0154,-0.2019,0.0864,Regime 2 (Subcritical),CAUTION,0.55,0.1657,0.4229,0.9002,-0.096,-0.096,False,False,
UNH,UnitedHealth Group Inc.,Health Care,2019-Q4,2019-12-31,usd,1.25,2.0784,261.41656494140625,1519.5,76.01,35.84,8.7,20.06,247.82,35.15,0.4503,0.4195,0.0071,-95.2,0.198,False,0.5624,0.0608,0.0834,1.965,0.9223,0.2442,0.7319,median,0.0174,0.1698,0.0864,Regime 2 (Subcritical),CAUTION,0.55,0.012,0.1928,0.7686,-0.3343,-0.3343,True,True,
UNH,UnitedHealth Group Inc.,Health Care,2020-Q1,2020-03-31,usd,1.25,2.0784,222.71743774414062,1583.4000244140625,75.5,40.06,8.17,19.98,210.91,35.93,0.4143,0.4215,0.002,-250.7,0.2243,False,0.5187,-0.1008,-0.0789,0.198,1.3633,-0.1008,1.0,median,0.0191,0.0195,0.0984,Regime 2 (Subcritical),CAUTION,0.55,0.2299,0.5154,1.105,-0.0798,-0.0798,False,False,
UNH,UnitedHealth Group Inc.,Health Care,2020-Q2,2020-06-30,usd,1.25,2.0784,264.5498352050781,1800.5,78.42,40.0,8.13,36.96,251.32,40.88,0.768,0.4228,0.0021,-291.0,0.2439,False,0.5243,-0.0156,0.0047,1.023,1.2425,0.0122,0.982,median,0.0178,0.2089,0.2042,Regime 2 (Subcritical),CAUTION,0.55,0.1868,0.378,0.7912,-0.0128,-0.0128,False,False,
UNH,UnitedHealth Group Inc.,Health Care,2020-Q3,2020-09-30,usd,1.25,2.0784,280.7884521484375,1895.5,78.46,40.7,8.15,18.6,266.47,36.48,0.3809,0.4295,0.002,-226.6,0.2432,False,0.5707,0.3063,0.3391,9.376,1.1182,0.0992,0.8705,median,0.0286,0.3796,0.0405,Regime 3 (Parasitic),DANGER,0.906,0.202,0.2713,0.6646,-0.0259,-0.0259,False,False,False
UNH,UnitedHealth Group Inc.,Health Care,2020-Q4,2020-12-31,usd,1.25,2.0784,316.9682312011719,1895.0999755859375,82.19,40.7,8.63,18.6,299.85,37.53,0.3772,0.4336,0.0087,-128.0,0.2344,False,0.5899,0.0862,0.1251,2.912,1.0728,0.1158,0.852,median,0.0332,0.1906,0.0655,Regime 2 (Subcritical),CAUTION,0.55,0.1629,0.452,0.5528,-0.0751,-0.0751,False,False,
UNH,UnitedHealth Group Inc.,Health Care,2021-Q1,2021-03-31,usd,1.25,2.0784,337.4967041015625,1713.800048828125,83.0,40.89,8.5,26.96,318.6,39.84,0.5458,0.4359,0.002,-256.5,0.1838,False,0.5879,0.2655,0.3092,3.995,0.7041,0.3339,0.6663,median,0.0335,0.4125,0.1032,Regime 3 (Parasitic),DANGER,0.766,0.0839,0.3891,0.3045,-0.0207,-0.0207,False,False,False
UNH,UnitedHealth Group Inc.,Health Care,2021-Q2,2021-06-30,usd,1.25,2.0784,364.5607604980469,1771.5999755859375,86.63,41.44,8.73,23.91,343.78,40.18,0.4766,0.4391,0.002,-255.7,0.2148,False,0.6025,0.2832,0.3306,100.0,0.7098,0.2339,0.7403,median,0.0377,0.3133,-0.0173,Regime 3 (Parasitic),DANGER,0.833,0.2711,0.2998,0.2333,-0.0301,-0.0301,False,False,False
UNH,UnitedHealth Group Inc.,Health Care,2021-Q3,2021-09-30,usd,1.25,2.0784,356.9785461425781,1757.0,85.87,42.9,8.73,22.85,336.27,40.09,0.4425,0.4421,0.002,-266.4,0.2227,False,0.5986,0.1014,0.1383,2.466,0.7237,0.1319,0.8348,median,0.0289,0.2327,0.0943,Regime 2 (Subcritical),CAUTION,0.55,0.3133,0.3093,0.3263,-0.0095,-0.0095,False,False,
UNH,UnitedHealth Group Inc.,Health Care,2021-Q4,2021-12-31,usd,1.25,2.0784,460.2494201660156,1828.5999755859375,85.84,42.9,8.97,22.85,433.09,40.14,0.4405,0.4444,0.0076,-92.2,0.2714,False,0.6429,0.2695,0.3005,5.47,0.7604,0.1941,0.7745,median,0.0244,0.3677,0.0672,Regime 3 (Parasitic),DANGER,0.819,0.0371,0.0694,0.0779,-0.0938,-0.0938,False,False,False
UNH,UnitedHealth Group Inc.,Health Care,2022-Q1,2022-03-31,usd,1.25,2.0784,468.80938720703125,1949.199951171875,87.47,45.6,9.18,27.8,440.21,42.51,0.5074,0.446,0.0019,-248.1,0.2294,False,0.6355,0.2259,0.2583,4.973,0.9974,0.0986,0.8711,median,0.0231,0.3233,0.065,Regime 3 (Parasitic),DANGER,0.726,0.0045,-0.0609,-0.0018,-0.1104,-0.1104,False,False,True
UNH,UnitedHealth Group Inc.,Health Care,2022-Q2,2022-06-30,usd,1.25,2.0784,473.85784912109375,1807.300048828125,95.44,46.84,9.42,28.53,443.06,45.06,0.5071,0.4481,0.002,-245.8,0.2255,False,0.6274,0.1085,0.1391,2.214,1.1582,-0.1299,1.0,median,0.0203,0.2537,0.1146,Regime 2 (Subcritical),CAUTION,0.55,0.0381,-0.0512,0.021,-0.0959,-0.1232,False,False,
UNH,UnitedHealth Group Inc.,Health Care,2022-Q3,2022-09-30,usd,1.25,2.0784,467.3949890136719,1672.0,94.69,46.65,9.47,29.85,437.01,45.16,0.5319,0.4504,0.0021,-280.1,0.3267,False,0.6243,0.1122,0.1428,2.197,1.1432,-0.1785,1.0,median,0.0187,0.262,0.1193,Regime 2 (Subcritical),CAUTION,0.55,-0.058,0.013,0.1869,-0.1039,-0.1111,False,False,
UNH,UnitedHealth Group Inc.,Health Care,2022-Q4,2022-12-31,usd,1.25,2.0784,492.1736145019531,1826.199951171875,107.75,46.65,10.13,29.85,459.69,48.6,0.5257,0.4532,0.0068,-71.9,0.2791,False,0.6216,-0.1637,-0.1316,0.312,1.2397,-0.1436,1.0,median,0.0198,0.0596,0.1912,Regime 2 (Subcritical),CAUTION,0.55,-0.0661,0.0304,0.0094,-0.1301,-0.137,False,False,
UNH,UnitedHealth Group Inc.,Health Care,2023-Q1,2023-03-31,usd,1.25,2.0784,440.27459716796875,1969.0,116.57,54.5,10.64,32.34,410.34,53.51,0.4966,0.4562,0.0021,-267.6,0.3151,False,0.581,-0.3364,-0.3004,-0.305,1.1137,-0.0839,1.0,median,0.0226,-0.0703,0.2301,Regime 2 (Subcritical),CAUTION,0.55,0.0754,0.0629,0.1265,-0.0487,-0.0563,False,False,
UNH,UnitedHealth Group Inc.,Health Care,2023-Q2,2023-06-30,usd,1.25,2.0784,449.6122741699219,1929.4000244140625,117.31,55.24,10.93,32.23,416.79,53.93,0.4871,0.4591,0.0021,-258.8,0.3201,False,0.5826,-0.2804,-0.2408,-0.34,0.908,0.0933,0.8772,median,0.0241,-0.0611,0.1797,Regime 2 (Subcritical),CAUTION,0.55,0.1034,0.0761,-0.3345,-0.0759,-0.4135,False,True,
UNH,UnitedHealth Group Inc.,Health Care,2023-Q3,2023-09-30,usd,1.25,2.0784,473.4780578613281,1866.0999755859375,116.9,55.42,11.07,34.1,437.97,54.37,0.5129,0.4616,0.0021,-281.6,0.3018,False,0.5905,-0.2264,-0.1834,0.012,0.9333,0.0803,0.8925,median,0.0245,0.0022,0.1856,Regime 2 (Subcritical),CAUTION,0.55,-0.0315,0.148,-0.3042,-0.1402,-0.5237,False,True,
UNH,UnitedHealth Group Inc.,Health Care,2023-Q4,2023-12-31,usd,1.25,2.0784,496.0874328613281,2071.800048828125,118.93,55.42,11.45,34.1,458.38,54.98,0.51,0.4642,0.0066,-75.8,0.2729,False,0.5975,-0.1653,-0.1262,-0.023,0.9132,0.0303,0.9566,median,0.0239,-0.0028,0.1234,Regime 2 (Subcritical),CAUTION,0.55,-0.048,-0.0437,-0.3591,-0.1825,-0.5471,False,True,
UNH,UnitedHealth Group Inc.,Health Care,2024-Q1,2024-03-31,usd,1.25,2.0784,467.98858642578125,2217.39990234375,121.21,56.31,10.43,31.72,430.55,54.92,0.4754,0.4667,0.0019,-229.0,0.252,False,0.5862,-0.0169,0.0222,1.857,0.8807,0.0926,0.878,median,0.0227,0.0481,0.0259,Regime 2 (Subcritical),CAUTION,0.55,0.1974,0.0866,-0.4228,-0.1031,-0.5032,False,True,
UNH,UnitedHealth Group Inc.,Health Care,2024-Q2,2024-06-30,usd,1.25,2.0784,483.8061828613281,2339.60009765625,120.17,52.65,9.8,31.5,445.59,53.53,0.5044,0.4688,0.002,-227.4,0.233,False,0.5986,0.0376,0.0742,100.0,0.9883,0.0797,0.8932,median,0.021,0.0668,-0.0074,Regime 2 (Subcritical),CAUTION,0.55,0.0386,-0.3574,-0.121,-0.4389,-0.5102,True,True,
UNH,UnitedHealth Group Inc.,Health Care,2024-Q3,2024-09-30,usd,1.25,2.0784,557.4261474609375,2659.39990234375,129.57,53.12,10.14,34.83,514.5,56.92,0.5506,0.4709,0.002,-237.1,0.3014,False,0.6143,0.0826,0.1154,3.526,1.0605,0.2344,0.7399,median,0.0199,0.1611,0.0457,Regime 2 (Subcritical),CAUTION,0.55,-0.0969,-0.3966,-0.3289,-0.5871,-0.5871,True,True,
UNH,UnitedHealth Group Inc.,Health Care,2024-Q4,2024-12-31,usd,1.25,2.0784,484.1300048828125,2641.0,130.0,53.12,10.55,34.83,442.98,57.13,0.547,0.4733,0.007,-77.4,0.253,False,0.585,-0.1069,-0.0726,-0.89,1.0338,0.0849,0.887,median,0.0195,-0.0342,0.0384,Regime 2 (Subcritical),CAUTION,0.55,-0.3479,-0.3314,-0.2273,-0.5246,-0.5246,True,True,
UNH,UnitedHealth Group Inc.,Health Care,2025-Q1,2025-03-31,usd,1.25,2.0784,503.3937072753906,3122.800048828125,130.51,54.38,10.73,36.48,458.09,58.02,0.5602,0.4761,0.0019,-224.9,0.2371,False,0.5881,-0.027,0.007,1.126,1.3186,0.0475,0.9335,median,0.0199,0.062,0.055,Regime 2 (Subcritical),CAUTION,0.55,-0.3321,-0.4688,-0.2569,-0.5428,-0.5428,True,True,
UNH,UnitedHealth Group Inc.,Health Care,2025-Q2,2025-06-30,usd,1.25,2.0784,301.9733581542969,3307.699951171875,130.19,55.11,10.92,20.6,273.29,54.21,0.312,0.4791,0.0019,-221.0,0.2353,False,0.4954,-0.5385,-0.5014,-38.898,1.2442,0.0613,0.9158,median,0.0217,-0.4889,0.0126,Regime 2 (Subcritical),CAUTION,0.55,0.0682,0.368,0.2388,-0.2378,-0.2378,True,True,
UNH,UnitedHealth Group Inc.,Health Care,2025-Q3,2025-09-30,usd,1.25,2.0784,336.343994140625,3873.199951171875,133.12,60.89,11.1,17.26,304.73,55.6,0.2397,0.4799,0.0019,-243.5,0.2059,False,0.5156,-0.5328,-0.5003,1.0,1.2548,0.0277,0.9601,median,0.019,-0.5238,-0.0235,Regime 2 (Subcritical),CAUTION,0.55,-0.205,0.1122,0.1122,-0.239,-0.239,True,True,
UNH,UnitedHealth Group Inc.,Health Care,2025-Q4,2025-12-31,usd,1.25,2.0784,323.70989990234375,4341.10009765625,130.97,60.89,10.76,17.26,293.28,54.97,0.2409,0.4781,0.0147,-193.1,0.1814,False,0.5091,-0.3912,-0.3739,1.0,1.4123,0.0216,0.9685,median,0.01,-0.4124,-0.0385,Regime 2 (Subcritical),CAUTION,0.55,0.3096,0.1556,0.1556,-0.2093,-0.2093,True,True,
UNH,UnitedHealth Group Inc.,Health Care,2026-Q1,2026-03-31,usd,1.25,2.0784,267.40673828125,4647.60009765625,130.6,61.56,10.67,35.96,242.81,59.7,0.4979,0.4743,0.0019,-253.4,0.2275,False,0.4288,-0.6566,-0.6632,-22.329,1.2793,0.0296,0.9575,median,-0.0038,-0.6348,0.0284,Regime 1 (Virtuous),HEALTHY,0.614,0.3989,0.3989,0.3989,0.0,0.0,False,False,True
UNH,UnitedHealth Group Inc.,Health Care,2026-Q2,2026-06-30,usd,1.25,2.0784,413.0863952636719,4038.5,130.39,57.07,10.76,31.96,373.84,57.55,0.4712,0.4715,0.0019,-253.7,0.239,False,0.5472,0.2817,0.2535,5.236,1.0102,0.0203,0.9705,median,-0.0161,0.3133,0.0598,Regime 3 (Parasitic),DANGER,0.832,-0.0945,-0.0945,-0.0945,-0.0945,-0.0945,False,False,True
PFE,Pfizer Inc.,Health Care,2017-Q1,2017-03-31,usd,1.25,2.0784,21.023679733276367,1247.300048828125,107.08,20.06,13.24,12.48,131.89,38.22,0.3749,0.2489,8.7491,333.2,0.4,False,0.452,0.2153,-0.1462,-0.127,0.8662,-0.0342,1.0,median,-0.3531,-0.0165,0.1297,Regime 2 (Subcritical),CAUTION,0.55,0.0639,0.0772,0.3345,-0.0629,-0.0629,False,False,
PFE,Pfizer Inc.,Health Care,2017-Q2,2017-06-30,usd,1.25,2.0784,20.842466354370117,1240.699951171875,106.36,20.82,13.39,12.29,130.65,38.22,0.3594,0.2503,1.8732,209.4,0.3044,False,0.4484,0.2339,-0.1218,-0.057,0.84,-0.0019,1.0,median,-0.3475,-0.0065,0.1153,Regime 2 (Subcritical),CAUTION,0.55,0.0988,0.1216,0.3852,-0.0208,-0.0208,False,False,
PFE,Pfizer Inc.,Health Care,2017-Q3,2017-09-30,usd,1.25,2.0784,22.368091583251953,1281.5,105.8,21.44,13.51,11.36,140.53,38.02,0.3251,0.2581,1.8977,212.1,0.3177,False,0.46,0.2606,0.0658,8.934,0.8398,0.0145,0.9786,median,-0.1883,0.0741,0.0083,Regime 3 (Parasitic),DANGER,0.811,0.0021,0.2672,0.0695,-0.0504,-0.0504,False,False,False
PFE,Pfizer Inc.,Health Care,2017-Q4,2017-12-31,usd,1.25,2.0784,22.90127182006836,1306.300048828125,104.69,21.44,13.87,11.36,143.69,37.84,0.3218,0.2655,1.5236,122.7,0.2576,False,0.4625,0.1556,0.1216,5.661,0.9512,0.134,0.8327,median,-0.0329,0.1477,0.0261,Regime 3 (Parasitic),DANGER,0.706,0.0146,0.2407,0.155,-0.0686,-0.0686,False,False,False
PFE,Pfizer Inc.,Health Care,2018-Q1,2018-03-31,usd,1.25,2.0784,22.647594451904297,1322.800048828125,104.08,20.62,13.97,14.24,139.63,38.23,0.4118,0.2719,1.9116,219.0,0.2791,False,0.4506,-0.0362,0.0567,178.064,0.9488,0.0628,0.9139,median,0.0884,0.0571,0.0003,Regime 2 (Subcritical),CAUTION,0.55,0.2804,0.2543,0.0022,-0.0083,-0.126,False,False,
PFE,Pfizer Inc.,Health Care,2018-Q2,2018-06-30,usd,1.25,2.0784,23.37772560119629,1251.300048828125,102.42,21.36,13.92,15.49,144.44,38.3,0.4391,0.2808,1.5798,188.4,0.2745,False,0.4505,-0.0259,0.0982,47.543,0.8991,0.0421,0.9406,median,0.1149,0.1004,0.0021,Regime 2 (Subcritical),CAUTION,0.55,0.2018,0.2333,-0.0338,0.0,-0.165,False,False,
PFE,Pfizer Inc.,Health Care,2018-Q3,2018-09-30,usd,1.25,2.0784,28.639169692993164,1191.5,100.92,22.01,14.04,16.46,174.49,38.35,0.4566,0.2913,1.7328,200.6,0.3556,False,0.4828,0.0732,0.2078,25.047,0.8039,0.1073,0.8613,median,0.1209,0.2164,0.0086,Regime 2 (Subcritical),CAUTION,0.55,-0.0248,-0.1599,-0.1203,-0.1994,-0.3205,False,True,
PFE,Pfizer Inc.,Health Care,2018-Q4,2018-12-31,usd,1.25,2.0784,28.585121154785156,1278.300048828125,88.62,22.01,13.38,16.46,174.16,35.12,0.465,0.3026,0.6562,82.5,0.3094,False,0.4939,0.1244,0.2669,100.0,1.0437,-0.0618,1.0,median,0.1307,0.1923,-0.0746,Regime 2 (Subcritical),CAUTION,0.55,0.0205,-0.0691,-0.0423,-0.1942,-0.3162,False,True,
PFE,Pfizer Inc.,Health Care,2019-Q1,2019-03-31,usd,1.25,2.0784,28.05527687072754,1293.0,87.53,20.17,13.47,15.54,164.17,34.17,0.4619,0.314,1.7206,212.2,0.2788,False,0.4892,0.127,0.274,100.0,0.9107,0.0813,0.8914,median,0.144,0.1619,-0.1121,Regime 3 (Parasitic),DANGER,0.677,-0.139,-0.2079,-0.0389,-0.3093,-0.3093,True,True,True
PFE,Pfizer Inc.,Health Care,2019-Q2,2019-06-30,usd,1.25,2.0784,28.870588302612305,1409.699951171875,86.38,21.41,13.52,20.18,168.31,35.37,0.5778,0.3251,1.7523,217.4,0.2808,False,0.4789,0.0863,0.2323,100.0,1.041,0.0206,0.97,median,0.1466,0.1529,-0.0794,Regime 2 (Subcritical),CAUTION,0.55,-0.0845,-0.2246,0.0195,-0.3299,-0.3299,True,True,
PFE,Pfizer Inc.,Health Care,2019-Q3,2019-09-30,usd,1.25,2.0784,24.169544219970703,1465.699951171875,97.66,22.17,13.7,30.72,140.98,41.06,0.8564,0.3381,2.0073,218.2,0.1848,False,0.3996,-0.4257,-0.2815,-3.125,1.2042,-0.001,1.0,median,0.1492,-0.2132,0.0682,Regime 1 (Virtuous),HEALTHY,0.634,-0.0726,0.0472,0.3823,-0.1912,-0.1912,False,False,True
PFE,Pfizer Inc.,Health Care,2019-Q4,2019-12-31,usd,1.25,2.0784,26.610483169555664,1519.5,94.02,22.17,13.97,30.72,155.6,40.22,0.8501,0.3574,0.2392,53.4,0.164,False,0.4224,-0.413,-0.2484,-0.831,0.9223,0.2442,0.7319,median,0.1667,-0.1127,0.1357,Regime 1 (Virtuous),HEALTHY,0.668,-0.1485,0.0287,0.6992,-0.2654,-0.2654,True,True,True
PFE,Pfizer Inc.,Health Care,2020-Q1,2020-03-31,usd,1.25,2.0784,22.39506721496582,1583.4000244140625,92.97,18.39,14.04,13.6,131.12,34.75,0.4195,0.3802,2.3278,245.9,0.2151,False,0.4505,-0.3912,-0.2415,-13.466,1.3633,-0.1008,1.0,median,0.1911,-0.2248,0.0167,Regime 2 (Subcritical),CAUTION,0.55,0.1301,0.2185,0.8034,-0.0273,-0.0273,False,False,
PFE,Pfizer Inc.,Health Care,2020-Q2,2020-06-30,usd,1.25,2.0784,22.659828186035156,1800.5,91.99,20.65,14.11,13.7,132.72,35.11,0.3942,0.3972,2.6674,258.5,0.3482,False,0.445,-0.3935,-0.2302,1.0,1.2425,0.0122,0.982,median,0.2003,-0.2376,-0.0074,Regime 2 (Subcritical),CAUTION,0.55,0.2183,0.3145,0.8198,0.0,0.0,False,False,
PFE,Pfizer Inc.,Health Care,2020-Q3,2020-09-30,usd,1.25,2.0784,25.680234909057617,1895.5,90.83,21.5,14.4,8.78,150.45,33.88,0.2444,0.4096,2.6403,261.5,0.2615,False,0.483,0.0992,0.2574,100.0,1.1182,0.0992,0.8705,median,0.1918,0.065,-0.1923,Regime 2 (Subcritical),CAUTION,0.55,0.0626,0.2855,0.3506,-0.0387,-0.0387,False,False,
PFE,Pfizer Inc.,Health Care,2020-Q4,2020-12-31,usd,1.25,2.0784,27.427289962768555,1895.0999755859375,78.05,21.5,13.9,8.78,152.98,30.56,0.2479,0.4162,2.4653,170.8,0.1659,False,0.4989,0.1264,0.2578,1.0,1.0728,0.1158,0.852,median,0.1521,-0.017,-0.2748,Regime 3 (Parasitic),DANGER,0.626,0.0971,0.667,0.4935,-0.0803,-0.0803,False,False,False
PFE,Pfizer Inc.,Health Care,2021-Q1,2021-03-31,usd,1.25,2.0784,27.28879165649414,1713.800048828125,77.77,19.19,14.01,19.51,152.21,32.62,0.5876,0.4185,1.1764,157.8,0.3223,False,0.4701,0.1249,0.2124,100.0,0.7041,0.3339,0.6663,median,0.096,0.1491,-0.0633,Regime 2 (Subcritical),CAUTION,0.55,0.2243,0.48,0.2062,-0.0088,-0.0088,False,False,
PFE,Pfizer Inc.,Health Care,2021-Q2,2021-06-30,usd,1.25,2.0784,29.78633689880371,1771.5999755859375,77.19,21.55,14.22,22.25,167.0,33.8,0.6221,0.4227,0.6791,110.8,0.3626,False,0.4782,0.211,0.2678,100.0,0.7098,0.2339,0.7403,median,0.0621,0.2298,-0.038,Regime 3 (Parasitic),DANGER,0.761,0.4967,0.3844,0.0042,0.0,-0.0111,False,False,False
PFE,Pfizer Inc.,Health Care,2021-Q3,2021-09-30,usd,1.25,2.0784,33.01108169555664,1757.0,75.8,25.41,14.44,32.58,185.29,37.06,0.8178,0.4286,0.4132,81.2,0.3854,False,0.4702,0.0742,0.1186,2.323,0.7237,0.1319,0.8348,median,0.0453,0.2083,0.0897,Regime 2 (Subcritical),CAUTION,0.55,0.2235,0.0507,-0.1715,-0.0393,-0.1984,False,False,
PFE,Pfizer Inc.,Health Care,2021-Q4,2021-12-31,usd,1.25,2.0784,45.71994400024414,1828.5999755859375,74.35,25.41,14.88,32.58,256.62,36.81,0.8087,0.4383,0.259,56.6,0.0566,False,0.5551,0.2811,0.3312,2.78,0.7604,0.1941,0.7745,median,0.0518,0.5173,0.1861,Regime 2 (Subcritical),CAUTION,0.55,-0.1001,-0.1041,-0.4738,-0.2762,-0.5224,True,True,
PFE,Pfizer Inc.,Health Care,2022-Q1,2022-03-31,usd,1.25,2.0784,40.38810348510742,1949.199951171875,80.03,19.58,15.11,31.46,226.61,36.54,0.9069,0.4505,0.4314,88.0,0.0573,False,0.5318,0.2143,0.2844,3.504,0.9974,0.0986,0.8711,median,0.0736,0.398,0.1136,Regime 3 (Parasitic),DANGER,0.714,-0.1334,-0.185,-0.4172,-0.2132,-0.4593,True,True,True
PFE,Pfizer Inc.,Health Care,2022-Q2,2022-06-30,usd,1.25,2.0784,41.23656463623047,1807.300048828125,78.96,23.45,15.24,39.62,231.43,39.32,1.024,0.4656,0.4564,94.7,0.0004,False,0.5138,0.0692,0.1751,2.159,1.1582,-0.1299,1.0,median,0.0967,0.3263,0.1511,Regime 2 (Subcritical),CAUTION,0.55,-0.0049,-0.2746,-0.4158,-0.2857,-0.4804,True,True,
PFE,Pfizer Inc.,Health Care,2022-Q3,2022-09-30,usd,1.25,2.0784,34.684608459472656,1672.0,77.59,24.35,15.44,34.43,194.7,37.95,0.8654,0.4841,0.6717,113.7,0.036,False,0.4773,-0.1208,0.0256,2.07,1.1432,-0.1785,1.0,median,0.1218,0.0495,0.0239,Regime 2 (Subcritical),CAUTION,0.55,-0.051,-0.2114,-0.2677,-0.2371,-0.3822,True,True,
PFE,Pfizer Inc.,Health Care,2022-Q4,2022-12-31,usd,1.25,2.0784,40.961421966552734,1826.199951171875,94.75,24.35,16.27,34.43,230.17,42.45,0.8476,0.5031,0.214,45.5,0.0496,False,0.5001,-0.4149,-0.2514,-0.763,1.2397,-0.1436,1.0,median,0.1379,-0.1088,0.1426,Regime 2 (Subcritical),CAUTION,0.55,-0.27,-0.4129,-0.4283,-0.4671,-0.4771,True,True,
PFE,Pfizer Inc.,Health Care,2023-Q1,2023-03-31,usd,1.25,2.0784,32.91507339477539,1969.0,93.48,23.69,17.05,22.17,185.82,39.1,0.5442,0.5219,0.9179,125.3,0.1105,False,0.475,-0.4292,-0.2661,-2.935,1.1137,-0.0839,1.0,median,0.1472,-0.1985,0.0676,Regime 2 (Subcritical),CAUTION,0.55,-0.1691,-0.2849,-0.3096,-0.3366,-0.349,True,True,
PFE,Pfizer Inc.,Health Care,2023-Q2,2023-06-30,usd,1.25,2.0784,29.911500930786133,1929.4000244140625,92.98,24.58,17.49,9.31,168.88,36.09,0.2213,0.537,2.28,192.7,0.1018,False,0.4858,-0.3932,-0.2294,1.0,0.908,0.0933,0.8772,median,0.1426,-0.3151,-0.0857,Regime 2 (Subcritical),CAUTION,0.55,-0.1957,-0.1946,-0.2571,-0.2837,-0.3494,True,True,
PFE,Pfizer Inc.,Health Care,2023-Q3,2023-09-30,usd,1.25,2.0784,27.350557327270508,1866.0999755859375,91.75,23.97,17.86,15.88,154.43,37.36,0.3796,0.5453,1.3841,124.4,-0.2374,True,0.4472,-0.3597,-0.2161,1.0,0.9333,0.0803,0.8925,median,0.1189,-0.2317,-0.0156,Regime 2 (Subcritical),CAUTION,0.55,-0.1589,-0.0923,-0.2036,-0.2344,-0.3046,True,True,
PFE,Pfizer Inc.,Health Care,2023-Q4,2023-12-31,usd,1.25,2.0784,24.059057235717773,2071.800048828125,132.68,23.97,18.94,15.88,135.86,47.87,0.3701,0.55,1.3365,114.1,0.0413,False,0.4247,-0.7457,-0.6473,-4.389,0.9132,0.0303,0.9566,median,0.0891,-0.5272,0.1201,Regime 1 (Virtuous),HEALTHY,0.66,-0.0303,-0.057,-0.0435,-0.1376,-0.2167,False,True,False
PFE,Pfizer Inc.,Health Care,2024-Q1,2024-03-31,usd,1.25,2.0784,23.53892707824707,2217.39990234375,132.13,23.95,18.8,12.46,133.39,46.84,0.2914,0.5518,2.1429,210.7,0.0725,False,0.4337,-0.5756,-0.5121,-1.836,0.8807,0.0926,0.878,median,0.0556,-0.3315,0.1806,Regime 1 (Virtuous),HEALTHY,0.69,0.0803,-0.0286,0.1546,-0.0887,-0.1723,False,False,False
PFE,Pfizer Inc.,Health Care,2024-Q2,2024-06-30,usd,1.25,2.0784,24.091951370239258,2339.60009765625,129.69,25.65,18.96,0.16,136.52,43.61,0.0037,0.5505,2.8272,253.8,-0.0576,True,0.4697,-0.4315,-0.4021,-1.123,0.9883,0.0797,0.8932,median,0.0248,-0.2127,0.1894,Regime 2 (Subcritical),CAUTION,0.55,-0.0285,-0.0836,-0.026,-0.1991,-0.1991,False,False,
PFE,Pfizer Inc.,Health Care,2024-Q3,2024-09-30,usd,1.25,2.0784,25.270225524902344,2659.39990234375,128.56,23.37,18.54,17.86,143.21,47.08,0.4262,0.5436,1.5759,185.7,0.1015,False,0.4252,-0.3033,-0.3066,-0.327,1.0605,0.2344,0.7399,median,-0.0031,-0.0755,0.2311,Regime 1 (Virtuous),HEALTHY,0.716,-0.0961,-0.0578,0.1051,-0.2299,-0.2299,True,True,False
PFE,Pfizer Inc.,Health Care,2024-Q4,2024-12-31,usd,1.25,2.0784,23.525651931762695,2641.0,123.94,23.37,18.39,17.86,133.33,45.89,0.4277,0.5369,1.1735,119.6,0.0541,False,0.4152,0.0518,0.0234,1.0,1.0338,0.0849,0.887,median,-0.0241,-0.0188,-0.0422,Regime 2 (Subcritical),CAUTION,0.55,-0.0223,0.0065,0.187,-0.1728,-0.1728,False,False,
PFE,Pfizer Inc.,Health Care,2025-Q1,2025-03-31,usd,1.25,2.0784,22.84189796447754,3122.800048828125,122.42,20.94,18.35,11.87,129.86,43.39,0.3021,0.5304,2.6887,259.0,0.1013,False,0.438,0.0926,0.0496,1.0,1.3186,0.0475,0.9335,median,-0.0395,-0.0268,-0.0763,Regime 2 (Subcritical),CAUTION,0.55,-0.0243,0.1886,0.2225,-0.148,-0.148,False,False,
PFE,Pfizer Inc.,Health Care,2025-Q2,2025-06-30,usd,1.25,2.0784,22.267179489135742,3307.699951171875,121.7,23.59,18.78,11.64,126.6,43.93,0.2748,0.5229,2.2377,232.4,0.0954,False,0.4267,-0.0242,-0.0826,-10.609,1.2442,0.0613,0.9158,median,-0.0513,-0.0754,0.0071,Regime 2 (Subcritical),CAUTION,0.55,0.0676,0.0628,0.2541,-0.0226,-0.0226,False,False,
PFE,Pfizer Inc.,Health Care,2025-Q3,2025-09-30,usd,1.25,2.0784,23.810142517089844,3873.199951171875,120.42,22.93,18.88,14.16,135.38,44.1,0.3388,0.5144,1.8807,219.2,0.1179,False,0.4267,0.0706,0.0092,1.0,1.2548,0.0277,0.9601,median,-0.0552,-0.0562,-0.0654,Regime 2 (Subcritical),CAUTION,0.55,0.1402,0.1728,0.1728,-0.0491,-0.0491,False,False,
PFE,Pfizer Inc.,Health Care,2025-Q4,2025-12-31,usd,1.25,2.0784,23.67786979675293,4341.10009765625,125.0,22.93,19.32,14.16,134.64,45.35,0.3353,0.5058,1.8866,156.3,0.0219,False,0.4268,0.0874,0.0216,100.0,1.4123,0.0216,0.9685,median,-0.0598,0.0098,-0.0118,Regime 2 (Subcritical),CAUTION,0.55,-0.0088,0.1794,0.1794,-0.0175,-0.0175,False,False,
PFE,Pfizer Inc.,Health Care,2026-Q1,2026-03-31,usd,1.25,2.0784,27.149072647094727,4647.60009765625,123.97,21.8,19.4,10.75,154.73,43.98,0.2608,0.4971,2.3412,238.1,0.0849,False,0.4571,0.2324,0.1618,13.024,1.2793,0.0296,0.9575,median,-0.0648,0.1752,0.0135,Regime 3 (Parasitic),DANGER,0.832,0.0286,0.0286,0.0286,-0.1431,-0.1431,False,False,False
PFE,Pfizer Inc.,Health Care,2026-Q2,2026-06-30,usd,1.25,2.0784,23.66598892211914,4038.5,118.47,24.88,19.03,18.04,134.89,45.11,0.4109,0.4879,1.7907,195.6,-0.0849,True,0.4071,0.1187,0.0369,2.392,1.0102,0.0203,0.9705,median,-0.0694,0.0634,0.0265,Regime 2 (Subcritical),CAUTION,0.6,0.18,0.18,0.18,-0.015,-0.015,False,False,
ABT,Abbott Laboratories,Health Care,2017-Q1,2017-03-31,usd,1.25,2.0784,37.262351989746094,1247.300048828125,40.76,11.88,7.26,11.0,64.66,17.73,0.5747,0.7982,1.4157,184.8,-0.0378,True,0.403,-0.4343,-0.3482,0.398,0.8662,-0.0342,1.0,median,0.0817,0.2298,0.578,Regime 2 (Subcritical),CAUTION,0.6,0.2156,0.3782,0.8722,-0.0333,-0.0333,False,False,
ABT,Abbott Laboratories,Health Care,2017-Q2,2017-06-30,usd,1.25,2.0784,41.03584289550781,1240.699951171875,40.78,10.58,7.29,12.22,71.3,17.72,0.6842,0.7839,1.2247,166.9,0.0439,False,0.4275,-0.2878,-0.2245,0.593,0.84,-0.0019,1.0,median,0.0636,0.327,0.5514,Regime 1 (Virtuous),HEALTHY,0.876,0.1863,0.28,0.7958,-0.0138,-0.0138,False,False,True
ABT,Abbott Laboratories,Health Care,2017-Q3,2017-09-30,usd,1.25,2.0784,45.295005798339844,1281.5,40.64,10.64,7.22,13.81,78.84,18.08,0.773,0.771,1.2655,174.8,0.2011,False,0.4443,-0.2359,-0.2285,0.65,0.8398,0.0145,0.9786,median,0.0074,0.4243,0.6528,Regime 1 (Virtuous),HEALTHY,0.926,0.1271,0.3927,0.615,0.0,0.0,False,False,True
ABT,Abbott Laboratories,Health Care,2017-Q4,2017-12-31,usd,1.25,2.0784,48.68123245239258,1306.300048828125,45.49,10.64,7.61,14.99,85.01,19.68,0.8212,0.7647,0.8928,129.8,0.4104,False,0.4467,-0.2882,-0.3137,0.578,0.9512,0.134,0.8327,median,-0.0257,0.4295,0.7431,Regime 1 (Virtuous),HEALTHY,0.95,0.0474,0.2529,0.5295,-0.0383,-0.0383,False,False,True
ABT,Abbott Laboratories,Health Care,2018-Q1,2018-03-31,usd,1.25,2.0784,51.356727600097656,1322.800048828125,45.17,12.52,7.66,14.96,90.04,20.08,0.741,0.7638,1.1827,180.1,0.0719,False,0.4518,0.2548,0.2066,2.66,0.9488,0.0628,0.9139,median,-0.044,0.3311,0.1245,Regime 2 (Subcritical),CAUTION,0.55,0.272,0.3983,0.4102,-0.011,-0.011,False,False,
ABT,Abbott Laboratories,Health Care,2018-Q2,2018-06-30,usd,1.25,2.0784,52.52543640136719,1251.300048828125,43.8,12.16,7.43,15.69,92.15,19.77,0.8008,0.7624,0.991,164.4,0.144,False,0.46,0.1778,0.1469,2.341,0.8991,0.0421,0.9406,median,-0.0278,0.2565,0.1096,Regime 2 (Subcritical),CAUTION,0.55,0.1755,0.4027,0.5089,-0.0031,-0.0031,False,False,
ABT,Abbott Laboratories,Health Care,2018-Q3,2018-09-30,usd,1.25,2.0784,63.46263885498047,1191.5,42.89,11.8,7.45,15.78,111.46,19.48,0.8199,0.7628,1.101,171.9,0.2619,False,0.5122,0.2835,0.2715,4.631,0.8039,0.1073,0.8613,median,-0.0108,0.3463,0.0748,Regime 3 (Parasitic),DANGER,0.784,0.088,0.1477,0.4666,-0.1119,-0.1312,False,False,False
ABT,Abbott Laboratories,Health Care,2018-Q4,2018-12-31,usd,1.25,2.0784,62.82890701293945,1278.300048828125,42.2,11.8,7.56,16.34,110.36,19.48,0.8439,0.7647,0.7675,129.6,0.2208,False,0.5085,0.2716,0.2714,100.0,1.0437,-0.0618,1.0,median,-0.0001,0.2609,-0.0105,Regime 3 (Parasitic),DANGER,0.822,0.1783,0.2208,0.5481,-0.0845,-0.1133,False,False,False
ABT,Abbott Laboratories,Health Care,2019-Q1,2019-03-31,usd,1.25,2.0784,69.76126098632812,1293.0,41.68,12.6,7.63,15.56,123.07,19.37,0.7691,0.7679,1.1228,182.8,0.1439,False,0.5362,0.3429,0.3486,100.0,0.9107,0.0813,0.8914,median,0.0054,0.3125,-0.0361,Regime 3 (Parasitic),DANGER,0.893,0.0354,0.0121,0.5513,-0.1986,-0.1986,False,False,False
ABT,Abbott Laboratories,Health Care,2019-Q2,2019-06-30,usd,1.25,2.0784,73.6919174194336,1409.699951171875,41.42,12.04,7.83,16.87,130.24,19.54,0.849,0.7701,1.0841,184.7,0.2192,False,0.5469,0.3479,0.3578,100.0,1.041,0.0206,0.97,median,0.01,0.346,-0.0118,Regime 3 (Parasitic),DANGER,0.898,0.0425,0.0707,0.431,-0.2475,-0.2475,True,True,True
ABT,Abbott Laboratories,Health Care,2019-Q3,2019-09-30,usd,1.25,2.0784,73.58967590332031,1465.699951171875,40.51,12.14,7.83,16.94,130.14,19.35,0.8481,0.7733,1.0517,181.1,0.2469,False,0.5483,0.1486,0.1615,100.0,1.2042,-0.001,1.0,median,0.0136,0.1549,-0.0066,Regime 2 (Subcritical),CAUTION,0.55,-0.0439,0.2779,0.4729,-0.243,-0.243,True,True,
ABT,Abbott Laboratories,Health Care,2019-Q4,2019-12-31,usd,1.25,2.0784,76.70162963867188,1519.5,40.22,12.14,8.04,17.59,135.26,19.5,0.8715,0.777,0.7406,132.5,0.1752,False,0.5549,0.1869,0.2024,191.081,0.9223,0.2442,0.7319,median,0.016,0.2035,0.0011,Regime 3 (Parasitic),DANGER,0.737,0.0615,0.2681,0.6744,-0.2737,-0.2737,True,True,True
ABT,Abbott Laboratories,Health Care,2020-Q1,2020-03-31,usd,1.25,2.0784,69.97735595703125,1583.4000244140625,39.19,12.5,7.91,3.03,123.78,15.66,0.1485,0.7813,1.1221,189.7,0.189,False,0.5932,0.2035,0.2182,100.0,1.3633,-0.1008,1.0,median,0.0173,0.0057,-0.2125,Regime 3 (Parasitic),DANGER,0.804,0.3438,0.5423,0.546,-0.0297,-0.0297,False,False,False
ABT,Abbott Laboratories,Health Care,2020-Q2,2020-06-30,usd,1.25,2.0784,81.42150115966797,1800.5,38.87,11.36,8.34,2.69,144.16,15.31,0.1364,0.7735,1.3466,209.6,0.1961,False,0.6249,0.3417,0.3452,100.0,1.2425,0.0122,0.982,median,0.0044,0.1015,-0.2437,Regime 3 (Parasitic),DANGER,0.942,0.1934,0.287,0.2246,0.0,0.0,False,False,False
ABT,Abbott Laboratories,Health Care,2020-Q3,2020-09-30,usd,1.25,2.0784,97.29305267333984,1895.5,38.55,11.53,8.62,5.98,172.44,16.17,0.2968,0.7573,0.9442,176.9,0.2894,False,0.6426,0.4777,0.4613,100.0,1.1182,0.0992,0.8705,median,-0.0208,0.2814,-0.1798,Regime 3 (Parasitic),DANGER,0.95,0.1093,0.1017,-0.0833,-0.032,-0.0833,False,False,False
ABT,Abbott Laboratories,Health Care,2020-Q4,2020-12-31,usd,1.25,2.0784,98.20933532714844,1895.0999755859375,38.53,11.53,9.03,5.98,173.98,16.27,0.2909,0.7382,2.579,258.8,0.2255,False,0.6429,0.4738,0.433,100.0,1.0728,0.1158,0.852,median,-0.0512,0.2518,-0.1812,Regime 3 (Parasitic),DANGER,0.95,0.0783,0.3053,0.0353,-0.0263,-0.1036,False,False,False
ABT,Abbott Laboratories,Health Care,2021-Q1,2021-03-31,usd,1.25,2.0784,107.92603302001953,1713.800048828125,37.56,13.75,8.83,8.44,191.77,17.15,0.3736,0.7173,0.7862,165.0,0.3646,False,0.6481,0.4292,0.3471,4.827,0.7041,0.3339,0.6663,median,-0.0855,0.4378,0.0907,Regime 3 (Parasitic),DANGER,0.929,0.0043,0.0024,-0.1271,-0.114,-0.1843,False,False,False
ABT,Abbott Laboratories,Health Care,2021-Q2,2021-06-30,usd,1.25,2.0784,104.78807830810547,1771.5999755859375,37.17,13.52,8.82,5.57,185.77,16.27,0.2493,0.6967,0.7603,155.0,0.3577,False,0.6522,0.2894,0.1932,4.198,0.7098,0.2339,0.7403,median,-0.1045,0.2536,0.0604,Regime 3 (Parasitic),DANGER,0.789,0.2272,-0.0485,-0.0273,-0.1061,-0.1599,False,False,True
ABT,Abbott Laboratories,Health Care,2021-Q3,2021-09-30,usd,1.25,2.0784,107.18315124511719,1757.0,36.61,13.76,8.83,10.18,189.53,17.35,0.4509,0.675,0.7494,162.1,0.375,False,0.6437,0.1319,0.0242,1.345,0.7237,0.1319,0.8348,median,-0.1151,0.0945,0.0703,Regime 2 (Subcritical),CAUTION,0.55,0.0094,-0.1679,-0.1511,-0.1679,-0.1786,False,False,
ABT,Abbott Laboratories,Health Care,2021-Q4,2021-12-31,usd,1.25,2.0784,128.1909942626953,1828.5999755859375,35.97,13.76,8.96,10.18,226.06,17.22,0.4483,0.6555,0.941,155.2,0.3364,False,0.6703,0.3154,0.205,4.609,0.7604,0.1941,0.7745,median,-0.1189,0.2619,0.0568,Regime 3 (Parasitic),DANGER,0.815,-0.211,-0.2068,-0.1889,-0.3132,-0.3354,True,True,True
ABT,Abbott Laboratories,Health Care,2022-Q1,2022-03-31,usd,1.25,2.0784,108.18673706054688,1949.199951171875,35.4,13.94,8.91,11.65,189.43,17.47,0.5099,0.6378,0.6784,159.3,0.319,False,0.6418,0.0896,-0.0313,-0.645,0.9974,0.0986,0.8711,median,-0.1175,-0.0123,0.019,Regime 2 (Subcritical),CAUTION,0.55,-0.1626,-0.1293,-0.0028,-0.1863,-0.2125,False,True,
ABT,Abbott Laboratories,Health Care,2022-Q2,2022-06-30,usd,1.25,2.0784,99.7071533203125,1807.300048828125,34.34,13.76,8.82,9.5,174.61,16.61,0.4209,0.6226,0.7561,167.6,0.3696,False,0.6372,0.0414,-0.0825,-3.013,1.1582,-0.1299,1.0,median,-0.1125,-0.062,0.0206,Regime 2 (Subcritical),CAUTION,0.55,0.0246,0.0223,-0.0059,-0.117,-0.1455,False,False,
ABT,Abbott Laboratories,Health Care,2022-Q3,2022-09-30,usd,1.25,2.0784,89.19051361083984,1672.0,33.13,14.05,8.69,7.08,155.51,15.74,0.3113,0.6084,0.8105,169.3,0.3988,False,0.6272,0.0254,-0.1006,1.0,1.1432,-0.1785,1.0,median,-0.1039,-0.1978,-0.0972,Regime 2 (Subcritical),CAUTION,0.55,0.0562,0.0201,0.2088,-0.0129,-0.0448,False,False,
ABT,Abbott Laboratories,Health Care,2022-Q4,2022-12-31,usd,1.25,2.0784,101.67867279052734,1826.199951171875,33.25,14.05,9.16,7.08,176.71,15.89,0.305,0.5938,2.1003,243.2,0.3498,False,0.6466,-0.0475,-0.1659,1.0,1.2397,-0.1436,1.0,median,-0.0989,-0.2463,-0.0804,Regime 2 (Subcritical),CAUTION,0.55,0.0044,0.0246,0.0709,-0.1605,-0.1605,False,False,
ABT,Abbott Laboratories,Health Care,2023-Q1,2023-03-31,usd,1.25,2.0784,94.20347595214844,1969.0,32.93,13.66,9.28,6.04,163.81,15.48,0.2631,0.579,1.0213,197.1,0.3783,False,0.639,0.0858,-0.024,1.0,1.1137,-0.0839,1.0,median,-0.0968,-0.1453,-0.1212,Regime 2 (Subcritical),CAUTION,0.55,-0.0342,0.1453,0.345,-0.0956,-0.0956,False,False,
ABT,Abbott Laboratories,Health Care,2023-Q2,2023-06-30,usd,1.25,2.0784,101.92957305908203,1929.4000244140625,33.09,13.82,9.45,6.17,176.88,15.63,0.2651,0.5637,0.9884,196.4,0.3432,False,0.6494,0.1893,0.0733,100.0,0.908,0.0933,0.8772,median,-0.0993,0.0129,-0.0604,Regime 3 (Parasitic),DANGER,0.739,0.0201,-0.0275,0.2828,-0.1642,-0.1642,False,False,True
ABT,Abbott Laboratories,Health Care,2023-Q3,2023-09-30,usd,1.25,2.0784,90.98535919189453,1866.0999755859375,32.56,13.58,9.55,6.59,157.96,15.57,0.2848,0.5484,0.9261,190.4,0.3328,False,0.6316,0.1548,0.0264,100.0,0.9333,0.0803,0.8925,median,-0.1038,0.0156,-0.0108,Regime 3 (Parasitic),DANGER,0.705,0.1996,0.1989,0.4467,-0.0527,-0.0527,False,False,False
ABT,Abbott Laboratories,Health Care,2023-Q4,2023-12-31,usd,1.25,2.0784,103.97724914550781,2071.800048828125,32.49,13.58,10.15,6.59,180.42,15.7,0.2776,0.5334,2.5313,277.3,0.3028,False,0.6513,0.1535,0.0323,100.0,0.9132,0.0303,0.9566,median,-0.1072,0.0208,-0.0116,Regime 3 (Parasitic),DANGER,0.703,-0.0448,0.0473,0.19,-0.0752,-0.0752,False,False,False
ABT,Abbott Laboratories,Health Care,2024-Q1,2024-03-31,usd,1.25,2.0784,107.88722229003906,2217.39990234375,31.68,14.57,10.11,5.54,187.68,15.48,0.2246,0.5187,0.9966,200.2,0.3002,False,0.6594,0.2685,0.1362,100.0,0.8807,0.0926,0.878,median,-0.1098,0.136,-0.0002,Regime 3 (Parasitic),DANGER,0.818,0.0134,0.2075,-0.0478,-0.098,-0.098,False,False,False
ABT,Abbott Laboratories,Health Care,2024-Q2,2024-06-30,usd,1.25,2.0784,99.12158966064453,2339.60009765625,31.14,14.54,10.23,6.68,172.46,15.64,0.2695,0.5039,0.9415,195.5,0.319,False,0.6444,0.1097,-0.0261,-31.06,0.9883,0.0797,0.8932,median,-0.1121,-0.0253,0.0008,Regime 2 (Subcritical),CAUTION,0.55,0.1254,0.3443,-0.0848,-0.0252,-0.1673,False,False,
ABT,Abbott Laboratories,Health Care,2024-Q3,2024-09-30,usd,1.25,2.0784,109.3331298828125,2659.39990234375,31.01,14.43,10.62,7.44,189.63,15.87,0.2968,0.4897,0.9234,193.0,0.3133,False,0.6564,0.2914,0.1634,9.422,1.0605,0.2344,0.7399,median,-0.1133,0.1828,0.0194,Regime 3 (Parasitic),DANGER,0.841,0.1751,0.1974,-0.047,-0.0158,-0.2502,False,True,True
ABT,Abbott Laboratories,Health Care,2024-Q4,2024-12-31,usd,1.25,2.0784,108.98126220703125,2641.0,29.75,14.43,10.66,7.44,189.01,15.57,0.2964,0.4763,2.1804,242.5,0.3212,False,0.6585,0.1923,0.0551,100.0,1.0338,0.0849,0.887,median,-0.1132,0.0465,-0.0086,Regime 3 (Parasitic),DANGER,0.742,0.2166,0.1287,-0.044,-0.0126,-0.2478,False,True,True
ABT,Abbott Laboratories,Health Care,2025-Q1,2025-03-31,usd,1.25,2.0784,128.47869873046875,3122.800048828125,29.62,15.11,10.93,6.77,223.53,15.61,0.2601,0.4637,1.0779,200.3,0.3064,False,0.6808,0.2993,0.1663,20.502,1.3186,0.0475,0.9335,median,-0.1121,0.1748,0.0085,Regime 3 (Parasitic),DANGER,0.899,0.0126,-0.2115,-0.189,-0.2176,-0.362,True,True,True
ABT,Abbott Laboratories,Health Care,2025-Q2,2025-06-30,usd,1.25,2.0784,132.34326171875,3307.699951171875,29.87,15.26,11.39,8.21,230.34,16.18,0.3079,0.4516,1.0122,196.2,0.3015,False,0.6798,0.3837,0.2555,8.532,1.2442,0.0613,0.9158,median,-0.1096,0.2894,0.0339,Regime 3 (Parasitic),DANGER,0.95,-0.0759,-0.3192,-0.2127,-0.3806,-0.3806,True,True,True
ABT,Abbott Laboratories,Health Care,2025-Q3,2025-09-30,usd,1.25,2.0784,130.91409301757812,3873.199951171875,29.57,15.27,11.5,8.23,227.64,16.14,0.3073,0.4404,0.9429,186.1,0.2959,False,0.6786,0.2886,0.166,10.933,1.2548,0.0277,0.9601,median,-0.106,0.1827,0.0167,Regime 3 (Parasitic),DANGER,0.889,-0.2262,-0.2041,-0.2041,-0.3738,-0.3738,True,True,True
ABT,Abbott Laboratories,Health Care,2025-Q4,2025-12-31,usd,1.25,2.0784,123.0040512084961,4341.10009765625,29.56,15.27,11.82,8.23,213.74,16.22,0.3038,0.4301,2.0647,238.5,0.326,False,0.6697,0.199,0.0822,3.016,1.4123,0.0216,0.9685,median,-0.1021,0.123,0.0408,Regime 2 (Subcritical),CAUTION,0.55,-0.2559,-0.153,-0.153,-0.3336,-0.3336,True,True,
ABT,Abbott Laboratories,Health Care,2026-Q1,2026-03-31,usd,1.25,2.0784,101.30734252929688,4647.60009765625,53.1,18.03,12.38,5.38,176.46,22.22,0.1769,0.4205,1.3382,197.7,0.1828,False,0.5914,-0.4703,-0.5897,-0.669,1.2793,0.0296,0.9575,median,-0.0979,-0.2365,0.3532,Regime 2 (Subcritical),CAUTION,0.55,0.0285,0.0285,0.0285,-0.1908,-0.1908,False,False,
ABT,Abbott Laboratories,Health Care,2026-Q2,2026-06-30,usd,1.25,2.0784,90.09739685058594,4038.5,53.1,18.03,12.38,5.38,156.93,22.22,0.1769,0.4104,0.0169,0.0,0.0699,False,0.5677,-0.5828,-0.7007,-1.211,1.0102,0.0203,0.9705,median,-0.0957,-0.3837,0.3169,Regime 2 (Subcritical),CAUTION,0.55,0.1564,0.1564,0.1564,-0.0196,-0.0196,False,False,
TMO,Thermo Fisher Scientific Inc.,Health Care,2017-Q1,2017-03-31,usd,1.25,2.0784,149.607666015625,1247.300048828125,35.38,6.19,2.56,8.77,58.53,13.23,1.0025,1.0041,0.7628,114.9,0.1566,False,0.4825,-0.1483,-0.1119,-0.366,0.8662,-0.0342,1.0,median,0.0304,-0.03,0.0819,Regime 2 (Subcritical),CAUTION,0.55,0.2338,0.3485,0.793,-0.0092,-0.0092,False,False,
TMO,Thermo Fisher Scientific Inc.,Health Care,2017-Q2,2017-06-30,usd,1.25,2.0784,170.0823516845703,1240.699951171875,35.42,6.04,2.6,9.14,66.35,13.3,1.0579,1.008,0.7542,118.2,0.1546,False,0.5058,-0.0334,0.0069,1.079,0.84,-0.0019,1.0,median,0.0343,0.0936,0.0867,Regime 2 (Subcritical),CAUTION,0.55,0.09,0.191,0.6933,-0.0156,-0.0156,False,False,
TMO,Thermo Fisher Scientific Inc.,Health Care,2017-Q3,2017-09-30,usd,1.25,2.0784,184.58651733398438,1281.5,42.16,6.46,3.93,9.2,74.02,15.44,0.8854,1.013,1.1187,149.4,0.1401,False,0.5017,0.0145,0.0346,1.22,0.8398,0.0145,0.9786,median,0.0191,0.1921,0.1575,Regime 2 (Subcritical),CAUTION,0.55,0.0796,0.2782,0.5295,-0.0496,-0.0496,False,False,
TMO,Thermo Fisher Scientific Inc.,Health Care,2017-Q4,2017-12-31,usd,1.25,2.0784,185.3951416015625,1306.300048828125,41.97,6.46,4.05,10.68,74.49,15.79,1.0169,1.0088,0.6057,94.4,0.1188,False,0.4935,0.134,0.1503,1.84,0.9512,0.134,0.8327,median,0.0156,0.3291,0.1788,Regime 2 (Subcritical),CAUTION,0.55,0.0751,0.1631,0.6929,0.0,0.0,False,False,
TMO,Thermo Fisher Scientific Inc.,Health Care,2018-Q1,2018-03-31,usd,1.25,2.0784,201.74295043945312,1322.800048828125,41.76,7.0,4.06,10.32,81.17,15.78,0.9335,1.0069,0.8113,122.6,0.152,False,0.5103,0.1471,0.1502,1.85,0.9488,0.0628,0.9139,median,0.0028,0.327,0.1767,Regime 2 (Subcritical),CAUTION,0.55,0.2033,0.3514,0.4106,0.0,0.0,False,False,
TMO,Thermo Fisher Scientific Inc.,Health Care,2018-Q2,2018-06-30,usd,1.25,2.0784,202.56658935546875,1251.300048828125,40.8,7.14,3.95,10.95,81.59,15.71,0.9877,1.0031,0.5336,85.5,0.1648,False,0.5096,0.0457,0.0401,1.241,0.8991,0.0421,0.9406,median,-0.0049,0.2068,0.1667,Regime 2 (Subcritical),CAUTION,0.55,0.0836,0.4326,0.7158,0.0,0.0,False,False,
TMO,Thermo Fisher Scientific Inc.,Health Care,2018-Q3,2018-09-30,usd,1.25,2.0784,238.857421875,1191.5,40.36,6.92,3.98,10.46,96.16,15.43,0.9598,1.0003,0.5685,89.3,0.1801,False,0.5488,0.2768,0.2622,100.0,0.8039,0.1073,0.8613,median,-0.0127,0.2617,-0.0005,Regime 3 (Parasitic),DANGER,0.827,0.103,0.1753,0.757,-0.1605,-0.1605,False,False,False
TMO,Thermo Fisher Scientific Inc.,Health Care,2018-Q4,2018-12-31,usd,1.25,2.0784,219.1558074951172,1278.300048828125,40.33,6.92,4.17,11.7,87.44,15.78,1.0551,0.9973,0.5208,88.0,0.2336,False,0.5216,0.1738,0.1613,100.0,1.0437,-0.0618,1.0,median,-0.0114,0.1603,-0.0009,Regime 2 (Subcritical),CAUTION,0.55,0.3398,0.4555,1.0736,-0.0519,-0.0519,False,False,
TMO,Thermo Fisher Scientific Inc.,Health Care,2019-Q1,2019-03-31,usd,1.25,2.0784,268.24871826171875,1293.0,39.73,7.1,4.19,10.83,107.29,15.46,0.9586,0.9969,0.566,91.1,0.1754,False,0.569,0.3102,0.2996,100.0,0.9107,0.0813,0.8914,median,-0.0099,0.2791,-0.0205,Regime 3 (Parasitic),DANGER,0.86,0.0419,0.0345,0.6426,-0.0732,-0.0732,False,False,False
TMO,Thermo Fisher Scientific Inc.,Health Care,2019-Q2,2019-06-30,usd,1.25,2.0784,288.001708984375,1409.699951171875,40.62,7.24,4.39,11.29,115.34,15.89,0.9703,0.9957,0.5914,94.1,0.1871,False,0.5776,0.3423,0.3349,30.807,1.041,0.0206,0.97,median,-0.0073,0.3461,0.0112,Regime 3 (Parasitic),DANGER,0.892,0.092,0.1748,0.7056,-0.1456,-0.1456,False,False,False
TMO,Thermo Fisher Scientific Inc.,Health Care,2019-Q3,2019-09-30,usd,1.25,2.0784,285.82073974609375,1465.699951171875,39.94,7.14,4.42,11.05,114.61,15.64,0.9557,0.9944,0.5702,92.1,0.1457,False,0.5794,0.1678,0.1622,13.11,1.2042,-0.001,1.0,median,-0.0059,0.1756,0.0134,Regime 3 (Parasitic),DANGER,0.768,-0.0203,0.495,0.9991,-0.1223,-0.1223,False,False,False
TMO,Thermo Fisher Scientific Inc.,Health Care,2019-Q4,2019-12-31,usd,1.25,2.0784,318.981201171875,1519.5,39.73,7.14,4.75,12.14,127.22,15.94,1.0208,0.9927,0.5148,88.0,0.236,False,0.5944,0.3691,0.3646,36.308,0.9223,0.2442,0.7319,median,-0.0047,0.3749,0.0103,Regime 3 (Parasitic),DANGER,0.919,0.1169,0.4247,1.0574,-0.2135,-0.2135,True,True,True
TMO,Thermo Fisher Scientific Inc.,Health Care,2020-Q1,2020-03-31,usd,1.25,2.0784,278.6749267578125,1583.4000244140625,39.16,7.18,4.74,3.62,110.06,13.68,0.304,0.992,0.6312,97.9,0.1587,False,0.6047,0.1524,0.1483,100.0,1.3633,-0.1008,1.0,median,-0.0049,0.0255,-0.1228,Regime 2 (Subcritical),CAUTION,0.55,0.5333,0.6128,1.0914,-0.0296,-0.0296,False,False,
TMO,Thermo Fisher Scientific Inc.,Health Care,2020-Q2,2020-06-30,usd,1.25,2.0784,356.2803649902344,1800.5,38.87,7.9,4.89,5.56,140.94,14.3,0.4353,0.9796,0.5882,96.5,0.2558,False,0.6346,0.3193,0.3055,100.0,1.2425,0.0122,0.982,median,-0.0164,0.2005,-0.105,Regime 3 (Parasitic),DANGER,0.919,0.2787,0.3952,0.5056,-0.0071,-0.0071,False,False,False
TMO,Thermo Fisher Scientific Inc.,Health Care,2020-Q3,2020-09-30,usd,1.25,2.0784,434.3579406738281,1895.5,38.65,7.55,5.18,9.7,172.15,15.27,0.7622,0.9616,0.4499,87.4,0.3319,False,0.6525,0.4579,0.4305,100.0,1.1182,0.0992,0.8705,median,-0.0336,0.4068,-0.0237,Regime 3 (Parasitic),DANGER,0.95,0.0347,0.2967,0.1535,-0.0146,-0.0146,False,False,False
TMO,Thermo Fisher Scientific Inc.,Health Care,2020-Q4,2020-12-31,usd,1.25,2.0784,458.4383239746094,1895.0999755859375,38.73,7.55,5.91,9.7,180.53,15.47,0.7207,0.9452,0.5671,97.0,0.2914,False,0.6571,0.4188,0.3797,100.0,1.0728,0.1158,0.852,median,-0.049,0.35,-0.0297,Regime 3 (Parasitic),DANGER,0.95,0.0952,0.4354,0.1873,-0.0557,-0.0557,False,False,False
TMO,Thermo Fisher Scientific Inc.,Health Care,2021-Q1,2021-03-31,usd,1.25,2.0784,449.44598388671875,1713.800048828125,39.65,8.58,6.13,12.2,176.64,16.64,0.8287,0.9297,0.3664,80.4,0.2929,False,0.6419,0.3365,0.2768,2.41,0.7041,0.3339,0.6663,median,-0.0649,0.4731,0.1963,Regime 2 (Subcritical),CAUTION,0.55,0.2713,0.2968,0.2683,-0.0337,-0.0337,False,False,
TMO,Thermo Fisher Scientific Inc.,Health Care,2021-Q2,2021-06-30,usd,1.25,2.0784,497.0831298828125,1771.5999755859375,39.29,8.97,6.56,8.65,195.56,15.87,0.5572,0.9166,0.4316,86.4,0.3111,False,0.6644,0.2821,0.2238,3.156,0.7098,0.2339,0.7403,median,-0.0665,0.3275,0.1038,Regime 2 (Subcritical),CAUTION,0.55,0.3149,0.0791,0.0388,-0.0051,-0.0367,False,False,
TMO,Thermo Fisher Scientific Inc.,Health Care,2021-Q3,2021-09-30,usd,1.25,2.0784,563.2259521484375,1757.0,38.84,9.42,7.05,9.11,221.94,16.1,0.5533,0.9017,0.4758,88.1,0.3517,False,0.6783,0.2574,0.201,4.787,0.7237,0.1319,0.8348,median,-0.0643,0.254,0.0531,Regime 3 (Parasitic),DANGER,0.757,0.0348,-0.1104,-0.11,-0.1219,-0.1498,False,False,True
TMO,Thermo Fisher Scientific Inc.,Health Care,2021-Q4,2021-12-31,usd,1.25,2.0784,658.0404052734375,1828.5999755859375,62.04,9.42,8.33,9.11,257.42,22.23,0.5133,0.8858,1.169,136.3,0.053,False,0.659,0.0455,-0.0073,0.98,0.7604,0.1941,0.7745,median,-0.0649,0.3548,0.3621,Regime 2 (Subcritical),CAUTION,0.55,-0.1774,-0.1729,-0.2006,-0.2723,-0.3507,True,True,
TMO,Thermo Fisher Scientific Inc.,Health Care,2022-Q1,2022-03-31,usd,1.25,2.0784,582.8326416015625,1949.199951171875,61.1,10.56,8.45,11.28,228.16,22.85,0.5935,0.8688,0.4809,89.5,0.2479,False,0.636,0.0024,-0.0611,0.807,0.9974,0.0986,0.8711,median,-0.0678,0.2559,0.317,Regime 2 (Subcritical),CAUTION,0.55,-0.1244,-0.0219,-0.0111,-0.1784,-0.2669,False,True,
TMO,Thermo Fisher Scientific Inc.,Health Care,2022-Q2,2022-06-30,usd,1.25,2.0784,536.404052734375,1807.300048828125,59.64,10.3,8.53,8.0,210.16,21.62,0.4252,0.8522,0.5417,95.8,0.2089,False,0.6331,-0.1652,-0.2372,0.233,1.1582,-0.1299,1.0,median,-0.0729,0.072,0.3092,Regime 2 (Subcritical),CAUTION,0.55,0.0264,-0.0373,0.0231,-0.1073,-0.2035,False,True,
TMO,Thermo Fisher Scientific Inc.,Health Care,2022-Q3,2022-09-30,usd,1.25,2.0784,501.0392150878906,1672.0,58.3,10.24,8.63,6.84,196.51,21.0,0.3626,0.8341,0.5729,98.7,0.1953,False,0.6274,-0.3042,-0.3872,-0.458,1.1432,-0.1785,1.0,median,-0.0779,-0.1217,0.2655,Regime 2 (Subcritical),CAUTION,0.55,0.1377,0.0005,0.2177,-0.0443,-0.1473,False,False,
TMO,Thermo Fisher Scientific Inc.,Health Care,2022-Q4,2022-12-31,usd,1.25,2.0784,544.2975463867188,1826.199951171875,58.64,10.24,9.28,6.84,209.79,21.25,0.3505,0.8145,2.1644,185.5,0.0482,False,0.6356,-0.0726,-0.1597,1.0,1.2397,-0.1436,1.0,median,-0.084,-0.2046,-0.045,Regime 2 (Subcritical),CAUTION,0.55,-0.0556,-0.0379,-0.057,-0.2186,-0.2186,True,True,
TMO,Thermo Fisher Scientific Inc.,Health Care,2023-Q1,2023-03-31,usd,1.25,2.0784,570.0479125976562,1969.0,61.11,9.86,9.35,6.25,219.88,21.64,0.3254,0.7937,0.5817,96.2,0.1082,False,0.6409,0.1056,0.0172,1.0,1.1137,-0.0839,1.0,median,-0.0904,-0.037,-0.0541,Regime 2 (Subcritical),CAUTION,0.55,-0.1206,0.0111,-0.1274,-0.2505,-0.2505,True,True,
TMO,Thermo Fisher Scientific Inc.,Health Care,2023-Q2,2023-06-30,usd,1.25,2.0784,516.3704223632812,1929.4000244140625,60.71,9.96,9.29,6.31,199.29,21.57,0.3279,0.772,0.6082,100.9,0.1061,False,0.6262,0.0497,-0.0508,1.0,0.908,0.0933,0.8772,median,-0.0988,-0.0531,-0.0023,Regime 2 (Subcritical),CAUTION,0.55,0.0187,0.0628,-0.2128,-0.1726,-0.2475,False,True,
TMO,Thermo Fisher Scientific Inc.,Health Care,2023-Q3,2023-09-30,usd,1.25,2.0784,501.2945251464844,1866.0999755859375,60.67,9.47,9.17,7.46,193.69,21.69,0.4,0.75,0.6448,102.6,0.1631,False,0.6203,0.067,-0.0468,-0.446,0.9333,0.0803,0.8925,median,-0.1063,-0.0144,0.0324,Regime 2 (Subcritical),CAUTION,0.55,0.1739,0.2426,-0.0623,-0.1299,-0.2087,False,True,
TMO,Thermo Fisher Scientific Inc.,Health Care,2023-Q4,2023-12-31,usd,1.25,2.0784,526.0324096679688,2071.800048828125,60.69,9.47,9.45,7.46,200.58,21.77,0.3941,0.7287,1.8589,170.9,0.0548,False,0.6252,0.041,-0.069,-1.863,0.9132,0.0303,0.9566,median,-0.1112,-0.0449,0.0241,Regime 2 (Subcritical),CAUTION,0.55,0.0176,-0.0439,0.0789,-0.0769,-0.2795,False,True,
TMO,Thermo Fisher Scientific Inc.,Health Care,2024-Q1,2024-03-31,usd,1.25,2.0784,576.37939453125,2217.39990234375,59.89,10.06,9.32,6.65,220.01,21.48,0.3432,0.7083,0.6239,97.1,0.1496,False,0.6416,0.1286,0.0082,100.0,0.8807,0.0926,0.878,median,-0.1138,0.0006,-0.0076,Regime 2 (Subcritical),CAUTION,0.55,0.0654,-0.1358,-0.1432,-0.1358,-0.3215,False,True,
TMO,Thermo Fisher Scientific Inc.,Health Care,2024-Q2,2024-06-30,usd,1.25,2.0784,548.777587890625,2339.60009765625,59.36,9.8,9.28,7.28,209.63,21.43,0.3815,0.6881,0.6176,96.6,0.1917,False,0.6343,0.179,0.057,100.0,0.9883,0.0797,0.8932,median,-0.1151,0.0506,-0.0064,Regime 3 (Parasitic),DANGER,0.729,-0.0276,-0.2491,-0.0681,-0.2772,-0.2772,True,True,True
TMO,Thermo Fisher Scientific Inc.,Health Care,2024-Q3,2024-09-30,usd,1.25,2.0784,614.2369995117188,2659.39990234375,62.99,9.78,9.41,7.35,234.95,22.38,0.3832,0.6688,0.6519,100.6,0.1729,False,0.6455,0.2764,0.1618,6.169,1.0605,0.2344,0.7399,median,-0.1145,0.1931,0.0313,Regime 3 (Parasitic),DANGER,0.826,-0.1943,-0.2131,0.0726,-0.3674,-0.3674,True,True,True
TMO,Thermo Fisher Scientific Inc.,Health Care,2024-Q4,2024-12-31,usd,1.25,2.0784,516.9699096679688,2641.0,61.39,9.78,9.31,7.35,195.03,21.95,0.3853,0.6505,1.8007,165.6,0.0702,False,0.6194,0.086,-0.0367,-3.254,1.0338,0.0849,0.887,median,-0.1136,-0.0281,0.0086,Regime 2 (Subcritical),CAUTION,0.55,-0.1883,0.1178,0.2744,-0.2484,-0.2484,True,True,
TMO,Thermo Fisher Scientific Inc.,Health Care,2025-Q1,2025-03-31,usd,1.25,2.0784,494.89984130859375,3122.800048828125,61.82,9.68,9.33,6.86,186.82,21.92,0.3611,0.633,0.6375,97.5,0.156,False,0.6131,-0.0669,-0.1839,-8.029,1.3186,0.0475,0.9335,median,-0.1123,-0.1635,0.0204,Regime 2 (Subcritical),CAUTION,0.55,-0.0697,-0.0086,0.3312,-0.2149,-0.2149,True,True,
TMO,Thermo Fisher Scientific Inc.,Health Care,2025-Q2,2025-06-30,usd,1.25,2.0784,403.67779541015625,3307.699951171875,62.4,9.97,9.63,7.34,152.43,22.33,0.3742,0.6163,0.6281,98.4,0.1629,False,0.573,-0.2454,-0.3599,-7.72,1.2442,0.0613,0.9158,median,-0.1102,-0.3186,0.0413,Regime 2 (Subcritical),CAUTION,0.55,0.4454,0.241,0.6321,-0.0013,-0.0013,False,False,
TMO,Thermo Fisher Scientific Inc.,Health Care,2025-Q3,2025-09-30,usd,1.25,2.0784,483.321533203125,3873.199951171875,65.53,10.03,10.18,7.76,181.59,23.38,0.3842,0.6004,0.6293,99.3,0.1437,False,0.5968,-0.1917,-0.301,-5.932,1.2548,0.0277,0.9601,median,-0.1079,-0.2576,0.0434,Regime 2 (Subcritical),CAUTION,0.55,0.0152,0.3631,0.3631,-0.0947,-0.0947,False,False,
TMO,Thermo Fisher Scientific Inc.,Health Care,2025-Q4,2025-12-31,usd,1.25,2.0784,577.8551025390625,4341.10009765625,65.2,10.03,10.56,7.76,214.66,23.39,0.3769,0.5855,1.9232,164.8,0.0426,False,0.6245,0.1394,0.0326,1.515,1.4123,0.0216,0.9685,median,-0.1052,0.0959,0.0633,Regime 2 (Subcritical),CAUTION,0.55,-0.1123,0.1401,0.1401,-0.2428,-0.2428,True,True,
TMO,Thermo Fisher Scientific Inc.,Health Care,2026-Q1,2026-03-31,usd,1.25,2.0784,490.66168212890625,4647.60009765625,74.33,10.07,10.66,7.45,182.34,25.63,0.3595,0.5714,0.6895,97.9,0.0793,False,0.5844,-0.075,-0.1804,-0.155,1.2793,0.0296,0.9575,median,-0.1024,-0.0243,0.1562,Regime 2 (Subcritical),CAUTION,0.55,0.3427,0.3427,0.3427,-0.1082,-0.1082,False,False,
TMO,Thermo Fisher Scientific Inc.,Health Care,2026-Q2,2026-06-30,usd,1.25,2.0784,500.9759826660156,4038.5,73.44,10.79,10.76,8.35,185.23,25.83,0.3875,0.558,0.6051,93.7,0.1164,False,0.5837,0.1529,0.0494,1.339,1.0102,0.0203,0.9705,median,-0.0994,0.1949,0.1455,Regime 2 (Subcritical),CAUTION,0.55,0.3151,0.3151,0.3151,0.0,0.0,False,False,
JPM,JPMorgan Chase & Co.,Financials,2017-Q1,2017-03-31,usd,1.25,2.0784,68.40933227539062,1247.300048828125,48.14,60.08,203.7,7.19,243.04,79.78,0.0272,0.0272,0.3028,0.0,0.2014,False,0.4068,0.1825,0.2009,5.179,0.8662,-0.0342,1.0,median,0.0216,0.249,0.0481,Regime 1 (Virtuous),HEALTHY,0.624,0.0996,0.2801,0.2088,-0.0594,-0.0594,False,False,True
JPM,JPMorgan Chase & Co.,Financials,2017-Q2,2017-06-30,usd,1.25,2.0784,71.59088897705078,1240.699951171875,48.13,58.02,205.05,7.4,251.93,79.65,0.0281,0.0272,0.293,0.0,0.1958,False,0.4148,0.242,0.2603,8.074,0.84,-0.0019,1.0,median,0.0218,0.2971,0.0368,Regime 3 (Parasitic),DANGER,0.792,0.1833,0.1649,0.2855,-0.0273,-0.0273,False,False,False
JPM,JPMorgan Chase & Co.,Financials,2017-Q3,2017-09-30,usd,1.25,2.0784,75.22157287597656,1281.5,48.12,57.27,205.05,7.39,261.0,79.46,0.0282,0.0272,0.2845,0.0,0.1991,False,0.4214,0.3389,0.3442,36.844,0.8398,0.0145,0.9786,median,0.0063,0.3538,0.0096,Regime 3 (Parasitic),DANGER,0.889,0.1482,0.1905,0.2792,-0.005,-0.021,False,False,False
JPM,JPMorgan Chase & Co.,Financials,2017-Q4,2017-12-31,usd,1.25,2.0784,84.71593475341797,1306.300048828125,47.51,57.27,202.69,7.33,290.18,78.7,0.0282,0.0273,0.2815,0.0,0.1902,False,0.4407,0.1853,0.1899,23.848,0.9512,0.134,0.8327,median,0.0054,0.1982,0.0083,Regime 3 (Parasitic),DANGER,0.735,-0.0248,-0.075,0.3622,-0.1269,-0.1269,False,False,True
JPM,JPMorgan Chase & Co.,Financials,2018-Q1,2018-03-31,usd,1.25,2.0784,87.5700454711914,1322.800048828125,47.5,64.32,208.78,8.14,298.16,82.19,0.0298,0.0274,0.2926,0.0,0.1789,False,0.4343,0.167,0.1746,6.866,0.9488,0.0628,0.9139,median,0.0086,0.2044,0.0298,Regime 3 (Parasitic),DANGER,0.717,0.0573,-0.0371,-0.0844,-0.1306,-0.2261,False,True,True
JPM,JPMorgan Chase & Co.,Financials,2018-Q2,2018-06-30,usd,1.25,2.0784,83.39612579345703,1251.300048828125,47.49,63.88,207.2,8.21,280.28,81.7,0.0303,0.0275,0.2613,0.0,0.1764,False,0.4237,0.0693,0.0813,4.207,0.8991,0.0421,0.9406,median,0.0135,0.1067,0.0254,Regime 1 (Virtuous),HEALTHY,0.613,-0.067,0.0943,-0.0603,-0.1122,-0.2097,False,True,True
JPM,JPMorgan Chase & Co.,Financials,2018-Q3,2018-09-30,usd,1.25,2.0784,90.80189514160156,1191.5,47.48,62.49,209.21,8.43,301.95,81.91,0.031,0.0277,0.2616,0.0,0.1803,False,0.4385,0.0997,0.1154,4.802,0.8039,0.1073,0.8613,median,0.0173,0.1458,0.0304,Regime 1 (Virtuous),HEALTHY,0.615,-0.0946,0.0682,-0.1042,-0.1825,-0.2723,False,True,True
JPM,JPMorgan Chase & Co.,Financials,2018-Q4,2018-12-31,usd,1.25,2.0784,79.10450744628906,1278.300048828125,47.47,62.49,209.8,8.26,259.13,82.01,0.0303,0.0279,0.2554,0.0,0.1263,False,0.4126,-0.1732,-0.1543,-2.748,1.0437,-0.0618,1.0,median,0.0215,-0.1132,0.0412,Regime 1 (Virtuous),HEALTHY,0.621,0.183,0.4726,0.3723,0.0,-0.1598,False,False,True
JPM,JPMorgan Chase & Co.,Financials,2019-Q1,2019-03-31,usd,1.25,2.0784,82.69596862792969,1293.0,47.47,65.58,218.98,8.98,268.26,85.25,0.0316,0.0281,0.2721,0.0,0.1306,False,0.4133,-0.1639,-0.1423,-2.884,0.9107,0.0813,0.8914,median,0.0254,-0.1056,0.0366,Regime 1 (Virtuous),HEALTHY,0.618,0.1416,-0.0801,0.5762,-0.2225,-0.2225,True,True,False
JPM,JPMorgan Chase & Co.,Financials,2019-Q2,2019-06-30,usd,1.25,2.0784,92.02958679199219,1409.699951171875,47.48,65.36,218.19,9.31,294.26,85.09,0.0328,0.0283,0.2495,0.0,0.1183,False,0.428,-0.0147,0.008,1.197,1.041,0.0206,0.97,median,0.0279,0.0487,0.0407,Regime 1 (Virtuous),HEALTHY,0.62,0.2425,-0.1555,0.4452,-0.2897,-0.2897,True,True,False
JPM,JPMorgan Chase & Co.,Financials,2019-Q3,2019-09-30,usd,1.25,2.0784,97.56388092041016,1465.699951171875,47.82,65.69,221.17,9.36,306.01,86.01,0.0326,0.0285,0.2438,0.0,0.1128,False,0.4337,-0.0591,-0.0356,0.273,1.2042,-0.001,1.0,median,0.0302,0.0133,0.0489,Regime 1 (Virtuous),HEALTHY,0.624,-0.194,-0.1615,0.5009,-0.3188,-0.3188,True,True,False
JPM,JPMorgan Chase & Co.,Financials,2019-Q4,2019-12-31,usd,1.25,2.0784,116.48701477050781,1519.5,47.82,65.69,214.99,9.22,359.25,84.43,0.0328,0.0288,0.2357,0.0,0.1181,False,0.4661,0.2722,0.2976,11.218,0.9223,0.2442,0.7319,median,0.0315,0.3267,0.0291,Regime 3 (Parasitic),DANGER,0.822,-0.3139,-0.0681,0.2077,-0.4294,-0.4294,True,True,True
JPM,JPMorgan Chase & Co.,Financials,2020-Q1,2020-03-31,usd,1.25,2.0784,75.71485900878906,1583.4000244140625,47.8,67.4,251.15,7.83,230.7,93.55,0.0246,0.029,0.2797,0.0,0.1371,False,0.406,-0.2666,-0.2437,-1.624,1.3633,-0.1008,1.0,median,0.0333,-0.1508,0.0928,Regime 1 (Virtuous),HEALTHY,0.646,0.0805,0.7536,0.6079,-0.063,-0.063,False,False,True
JPM,JPMorgan Chase & Co.,Financials,2020-Q2,2020-06-30,usd,1.25,2.0784,79.92606353759766,1800.5,47.81,67.77,257.05,8.01,243.58,95.16,0.0247,0.0292,0.3369,0.0,0.1737,False,0.4112,-0.321,-0.3009,-1.689,1.2425,0.0122,0.982,median,0.0294,-0.189,0.1119,Regime 1 (Virtuous),HEALTHY,0.656,0.3544,0.7074,0.2676,-0.0201,-0.0201,False,False,True
JPM,JPMorgan Chase & Co.,Financials,2020-Q3,2020-09-30,usd,1.25,2.0784,82.60111236572266,1895.5,47.82,67.5,259.69,9.1,251.78,96.03,0.0278,0.0292,0.3328,0.0,0.1702,False,0.413,-0.3196,-0.3052,-1.771,1.1182,0.0992,0.8705,median,0.0209,-0.195,0.1101,Regime 1 (Virtuous),HEALTHY,0.655,0.6074,0.7487,0.1482,0.0,0.0,False,False,True
JPM,JPMorgan Chase & Co.,Financials,2020-Q4,2020-12-31,usd,1.25,2.0784,110.03968048095703,1895.0999755859375,49.25,67.5,270.89,8.31,335.56,98.99,0.0246,0.0291,0.3057,0.0,0.1758,False,0.4456,-0.2355,-0.2273,-0.429,1.0728,0.1158,0.852,median,0.0116,-0.0682,0.1591,Regime 1 (Virtuous),HEALTHY,0.68,0.2524,0.2775,0.116,-0.0094,-0.1515,False,False,True
JPM,JPMorgan Chase & Co.,Financials,2021-Q1,2021-03-31,usd,1.25,2.0784,132.7770538330078,1713.800048828125,49.24,74.9,295.15,10.65,401.93,107.48,0.0288,0.029,0.3645,0.0,0.2127,False,0.4611,0.4162,0.4163,3.997,0.7041,0.3339,0.6663,median,0.0001,0.5551,0.1389,Regime 3 (Parasitic),DANGER,0.916,0.1029,-0.0831,-0.0946,-0.1371,-0.2968,False,True,True
JPM,JPMorgan Chase & Co.,Financials,2021-Q2,2021-06-30,usd,1.25,2.0784,136.46310424804688,1771.5999755859375,49.26,70.67,294.74,10.6,407.77,106.32,0.029,0.029,0.2843,0.0,0.2115,False,0.4676,0.4088,0.4044,4.648,0.7098,0.2339,0.7403,median,-0.0058,0.5153,0.1109,Regime 3 (Parasitic),DANGER,0.909,0.0315,-0.2576,-0.0091,-0.2576,-0.3158,True,True,True
JPM,JPMorgan Chase & Co.,Financials,2021-Q3,2021-09-30,usd,1.25,2.0784,144.44110107421875,1757.0,50.31,68.25,300.61,10.9,426.86,107.52,0.0295,0.0289,0.2912,0.0,0.2222,False,0.4753,0.4206,0.4149,4.67,0.7237,0.1319,0.8348,median,-0.0075,0.5279,0.113,Regime 3 (Parasitic),DANGER,0.921,-0.1572,-0.3434,-0.0601,-0.3434,-0.3536,True,True,True
JPM,JPMorgan Chase & Co.,Financials,2021-Q4,2021-12-31,usd,1.25,2.0784,140.57107543945312,1828.5999755859375,50.31,68.25,299.49,10.71,413.86,107.19,0.0291,0.0289,0.2822,0.0,0.2179,False,0.4707,0.1361,0.1301,2.634,0.7604,0.1941,0.7745,median,-0.0079,0.2097,0.0796,Regime 2 (Subcritical),CAUTION,0.55,-0.2701,-0.1264,0.1411,-0.3358,-0.3358,True,True,
JPM,JPMorgan Chase & Co.,Financials,2022-Q1,2022-03-31,usd,1.25,2.0784,121.73985290527344,1949.199951171875,50.3,76.76,316.37,10.54,357.56,113.49,0.0268,0.0289,0.3032,0.0,0.2108,False,0.443,-0.1666,-0.1714,-2.15,0.9974,0.0986,0.8711,median,-0.0057,-0.117,0.0544,Regime 1 (Virtuous),HEALTHY,0.627,-0.2085,-0.0126,0.5612,-0.233,-0.233,True,True,False
JPM,JPMorgan Chase & Co.,Financials,2022-Q2,2022-06-30,usd,1.25,2.0784,101.31120300292969,1807.300048828125,50.7,75.0,307.31,10.63,297.1,110.91,0.0278,0.0288,0.2994,0.0,0.1942,False,0.4255,-0.3545,-0.3589,-7.489,1.1582,-0.1299,1.0,median,-0.0049,-0.3166,0.0423,Regime 1 (Virtuous),HEALTHY,0.621,0.2042,0.3347,0.9054,-0.0784,-0.0784,False,False,True
JPM,JPMorgan Chase & Co.,Financials,2022-Q3,2022-09-30,usd,1.25,2.0784,94.84654998779297,1672.0,51.46,76.71,301.91,10.89,278.2,110.24,0.0288,0.0288,0.2916,0.0,0.1907,False,0.4162,-0.4485,-0.4532,-17.092,1.1432,-0.1785,1.0,median,-0.0047,-0.4281,0.025,Regime 1 (Virtuous),HEALTHY,0.613,0.2674,0.4313,1.1299,-0.0156,-0.0156,False,False,True
JPM,JPMorgan Chase & Co.,Financials,2022-Q4,2022-12-31,usd,1.25,2.0784,122.80113983154297,1826.199951171875,52.37,76.71,293.26,10.69,360.32,108.26,0.0289,0.0288,0.2764,0.0,0.1747,False,0.4395,-0.1436,-0.1484,-14.007,1.2397,-0.1436,1.0,median,-0.0049,-0.1385,0.0099,Regime 2 (Subcritical),CAUTION,0.55,0.0928,0.2964,0.8675,-0.0687,-0.0687,False,False,
JPM,JPMorgan Chase & Co.,Financials,2023-Q1,2023-03-31,usd,1.25,2.0784,120.21190643310547,1969.0,52.14,80.43,299.54,11.84,351.29,110.99,0.0312,0.0287,0.2878,0.0,0.1658,False,0.4314,0.0095,0.0046,1.0,1.1137,-0.0839,1.0,median,-0.0051,-0.0177,-0.0223,Regime 2 (Subcritical),CAUTION,0.55,0.1293,0.581,0.9607,-0.0145,-0.0145,False,False,
JPM,JPMorgan Chase & Co.,Financials,2023-Q2,2023-06-30,usd,1.25,2.0784,135.222412109375,1929.4000244140625,52.38,83.29,309.46,12.7,392.97,114.46,0.0323,0.0287,0.2684,0.0,0.148,False,0.4433,0.2515,0.2482,8.88,0.908,0.0933,0.8772,median,-0.0034,0.2797,0.0315,Regime 3 (Parasitic),DANGER,0.802,0.1863,0.4275,1.0734,-0.0537,-0.0537,False,False,False
JPM,JPMorgan Chase & Co.,Financials,2023-Q3,2023-09-30,usd,1.25,2.0784,135.75791931152344,1866.0999755859375,52.49,87.03,311.87,12.75,392.48,116.03,0.032,0.0288,0.2522,0.0,0.1512,False,0.4394,0.2932,0.2929,6.722,0.9333,0.0803,0.8925,median,-0.0003,0.3441,0.0512,Regime 3 (Parasitic),DANGER,0.843,0.4121,0.501,1.3016,-0.0492,-0.0492,False,False,False
JPM,JPMorgan Chase & Co.,Financials,2023-Q4,2023-12-31,usd,1.25,2.0784,160.41107177734375,2071.800048828125,54.63,87.03,311.87,12.43,461.44,116.49,0.0312,0.0289,0.2496,0.0,0.1811,False,0.464,0.1707,0.1741,3.375,0.9132,0.0303,0.9566,median,0.0034,0.2473,0.0733,Regime 2 (Subcritical),CAUTION,0.55,0.1895,0.424,0.9651,-0.023,-0.023,False,False,
JPM,JPMorgan Chase & Co.,Financials,2024-Q1,2024-03-31,usd,1.25,2.0784,190.05563354492188,2217.39990234375,54.54,91.03,327.26,13.49,545.78,121.58,0.0323,0.0289,0.2703,0.0,0.1574,False,0.4884,0.3422,0.3495,4.834,0.8807,0.0926,0.878,median,0.0071,0.4406,0.0911,Regime 3 (Parasitic),DANGER,0.842,0.0702,0.2612,0.5435,-0.0895,-0.0895,False,False,False
JPM,JPMorgan Chase & Co.,Financials,2024-Q2,2024-06-30,usd,1.25,2.0784,193.0348358154297,2339.60009765625,54.52,94.85,331.44,15.11,549.22,123.98,0.0355,0.029,0.2522,0.0,0.1481,False,0.4844,0.2442,0.2548,4.188,0.9883,0.0797,0.8932,median,0.0103,0.3348,0.0799,Regime 3 (Parasitic),DANGER,0.744,0.1876,0.4438,0.6619,-0.0461,-0.0461,False,False,False
JPM,JPMorgan Chase & Co.,Financials,2024-Q3,2024-09-30,usd,1.25,2.0784,202.3577117919922,2659.39990234375,54.51,90.26,336.8,14.13,569.71,123.93,0.0331,0.0292,0.2288,0.0,0.1231,False,0.4947,0.2933,0.3068,5.663,1.0605,0.2344,0.7399,median,0.0138,0.3726,0.0658,Regime 3 (Parasitic),DANGER,0.843,0.1765,0.5295,0.7397,-0.0267,-0.0267,False,False,False
JPM,JPMorgan Chase & Co.,Financials,2024-Q4,2024-12-31,usd,1.25,2.0784,231.45416259765625,2641.0,54.27,90.26,336.8,14.25,647.52,123.89,0.0334,0.0293,0.2327,0.0,0.1372,False,0.5196,0.2596,0.2772,5.498,1.0338,0.0849,0.887,median,0.0167,0.3388,0.0616,Regime 3 (Parasitic),DANGER,0.81,0.2253,0.3727,0.521,-0.1128,-0.1128,False,False,False
JPM,JPMorgan Chase & Co.,Financials,2025-Q1,2025-03-31,usd,1.25,2.0784,238.07485961914062,3122.800048828125,54.22,94.39,348.63,15.26,661.63,128.13,0.0345,0.0295,0.2513,0.0,0.1177,False,0.5175,0.12,0.1401,3.671,1.3186,0.0475,0.9335,median,0.0196,0.1925,0.0524,Regime 2 (Subcritical),CAUTION,0.55,0.3011,0.2238,0.4787,-0.1375,-0.1375,False,False,
JPM,JPMorgan Chase & Co.,Financials,2025-Q2,2025-06-30,usd,1.25,2.0784,283.1040344238281,3307.699951171875,54.25,95.12,364.2,15.41,778.47,132.24,0.0335,0.0297,0.245,0.0,0.1123,False,0.5447,0.2615,0.2843,5.408,1.2442,0.0613,0.9158,median,0.0224,0.3488,0.0645,Regime 3 (Parasitic),DANGER,0.861,0.1276,0.151,0.2435,-0.0199,-0.0199,False,False,False
JPM,JPMorgan Chase & Co.,Financials,2025-Q3,2025-09-30,usd,1.25,2.0784,309.50885009765625,3873.199951171875,54.12,97.12,364.82,15.55,842.56,132.9,0.0337,0.0299,0.2431,0.0,0.0865,False,0.5586,0.2975,0.3214,5.597,1.2548,0.0277,0.9601,median,0.0236,0.3913,0.0699,Regime 3 (Parasitic),DANGER,0.897,-0.0587,0.1374,0.1374,-0.0949,-0.0949,False,False,False
JPM,JPMorgan Chase & Co.,Financials,2025-Q4,2025-12-31,usd,1.25,2.0784,317.70855712890625,4341.10009765625,54.03,97.12,364.82,15.41,856.61,132.84,0.0333,0.0301,0.2338,0.0,0.0976,False,0.5619,0.1852,0.2101,4.012,1.4123,0.0216,0.9685,median,0.0245,0.2798,0.0698,Regime 3 (Parasitic),DANGER,0.735,0.0468,0.1081,0.1081,-0.1183,-0.1183,False,False,False
JPM,JPMorgan Chase & Co.,Financials,2026-Q1,2026-03-31,usd,1.25,2.0784,291.3497314453125,4647.60009765625,52.71,107.4,392.04,16.54,780.67,142.17,0.0331,0.0303,0.2613,0.0,0.0837,False,0.5318,0.0358,0.0614,1.591,1.2793,0.0296,0.9575,median,0.0249,0.1654,0.104,Regime 2 (Subcritical),CAUTION,0.55,0.2083,0.2083,0.2083,0.0,0.0,False,False,
JPM,JPMorgan Chase & Co.,Financials,2026-Q2,2026-06-30,usd,1.25,2.0784,325.86199951171875,4038.5,52.71,109.26,401.21,18.22,866.2,145.35,0.0357,0.0304,0.2491,0.0,0.0818,False,0.5476,-0.0131,0.0123,1.13,1.0102,0.0203,0.9705,median,0.0245,0.1068,0.0945,Regime 2 (Subcritical),CAUTION,0.55,0.0803,0.0803,0.0803,0.0,0.0,False,False,
BAC,Bank of America Corp.,Financials,2017-Q1,2017-03-31,usd,1.25,2.0784,18.997907638549805,1247.300048828125,71.73,59.39,179.82,24.75,189.49,83.92,0.1035,0.1034,0.0692,0.0,0.0948,False,0.2884,0.3445,0.3724,26.641,0.8662,-0.0342,1.0,median,0.0329,0.3869,0.0145,Regime 3 (Parasitic),DANGER,0.894,0.0832,0.2923,0.2124,-0.0546,-0.0546,False,False,False
BAC,Bank of America Corp.,Financials,2017-Q2,2017-06-30,usd,1.25,2.0784,19.601655960083008,1240.699951171875,71.58,54.9,180.36,25.13,193.63,82.99,0.1068,0.1036,0.0676,0.0,0.0904,False,0.2988,0.3702,0.3995,22.783,0.84,-0.0019,1.0,median,0.0349,0.4179,0.0183,Regime 3 (Parasitic),DANGER,0.92,0.2283,0.1821,0.2417,-0.0516,-0.0516,False,False,False
BAC,Bank of America Corp.,Financials,2017-Q3,2017-09-30,usd,1.25,2.0784,20.579010009765625,1281.5,71.43,52.56,182.71,25.01,215.2,82.93,0.1063,0.1039,0.0716,0.0,0.0955,False,0.3216,0.4967,0.5149,36.329,0.8398,0.0145,0.9786,median,0.0216,0.5295,0.0146,Regime 3 (Parasitic),DANGER,0.95,0.18,0.1695,0.1845,-0.0066,-0.0926,False,False,False
BAC,Bank of America Corp.,Financials,2017-Q4,2017-12-31,usd,1.25,2.0784,24.075807571411133,1306.300048828125,71.26,52.56,182.5,24.96,247.68,82.82,0.1062,0.1042,0.0749,0.0,0.089,False,0.3499,0.2974,0.3084,16.522,0.9512,0.134,0.8327,median,0.0129,0.3282,0.0199,Regime 3 (Parasitic),DANGER,0.847,-0.0498,-0.1608,0.2269,-0.2258,-0.2258,True,True,True
BAC,Bank of America Corp.,Financials,2018-Q1,2018-03-31,usd,1.25,2.0784,24.550912857055664,1322.800048828125,71.13,55.59,186.28,25.71,249.83,84.68,0.1063,0.1044,0.0689,0.0,0.1077,False,0.346,0.2587,0.2675,30.974,0.9488,0.0628,0.9139,median,0.01,0.2764,0.0089,Regime 3 (Parasitic),DANGER,0.809,0.0141,-0.0401,-0.2147,-0.2132,-0.3558,True,True,True
BAC,Bank of America Corp.,Financials,2018-Q2,2018-06-30,usd,1.25,2.0784,23.17165756225586,1251.300048828125,70.99,53.14,183.33,25.7,232.01,83.29,0.1087,0.1046,0.0694,0.0,0.0947,False,0.3343,0.1684,0.1773,50.548,0.8991,0.0421,0.9406,median,0.0099,0.1808,0.0036,Regime 2 (Subcritical),CAUTION,0.55,-0.1285,0.0471,-0.1338,-0.1879,-0.3351,False,True,
BAC,Bank of America Corp.,Financials,2018-Q3,2018-09-30,usd,1.25,2.0784,24.332624435424805,1191.5,70.86,52.27,187.11,25.93,239.88,84.04,0.1083,0.1049,0.0703,0.0,0.099,False,0.3428,0.0866,0.0952,8.125,0.8039,0.1073,0.8613,median,0.0095,0.1085,0.0134,Regime 2 (Subcritical),CAUTION,0.55,-0.0595,0.0063,-0.1586,-0.2291,-0.3689,True,True,
BAC,Bank of America Corp.,Financials,2018-Q4,2018-12-31,usd,1.25,2.0784,20.465261459350586,1278.300048828125,70.75,52.27,188.36,25.78,197.88,84.29,0.1071,0.1051,0.0746,0.0,0.0953,False,0.3105,-0.2501,-0.242,-12.758,1.0437,-0.0618,1.0,median,0.0093,-0.2244,0.0176,Regime 2 (Subcritical),CAUTION,0.55,0.2066,0.4619,0.2778,-0.0032,-0.2448,False,True,
BAC,Bank of America Corp.,Financials,2019-Q1,2019-03-31,usd,1.25,2.0784,23.032442092895508,1293.0,70.65,52.9,190.17,26.25,220.38,84.99,0.108,0.1053,0.0707,0.0,0.0922,False,0.3263,-0.1368,-0.1291,-33.573,0.9107,0.0813,0.8914,median,0.009,-0.1254,0.0037,Regime 2 (Subcritical),CAUTION,0.55,0.0408,-0.2092,0.4345,-0.3513,-0.3513,True,True,
BAC,Bank of America Corp.,Financials,2019-Q2,2019-06-30,usd,1.25,2.0784,24.34034538269043,1409.699951171875,70.65,53.07,191.67,26.42,227.4,85.45,0.1079,0.1056,0.071,0.0,0.0915,False,0.3316,-0.053,-0.0457,-0.783,1.041,0.0206,0.97,median,0.009,-0.0201,0.0256,Regime 1 (Virtuous),HEALTHY,0.613,0.2161,-0.1846,0.4577,-0.3741,-0.3741,True,True,False
BAC,Bank of America Corp.,Financials,2019-Q3,2019-09-30,usd,1.25,2.0784,24.644392013549805,1465.699951171875,70.65,60.68,194.11,26.46,223.75,87.97,0.1038,0.1057,0.0728,0.0,0.0847,False,0.3176,-0.1219,-0.1153,-1.522,1.2042,-0.001,1.0,median,0.0084,-0.0696,0.0457,Regime 1 (Virtuous),HEALTHY,0.623,-0.2355,-0.1639,0.5463,-0.3728,-0.3728,True,True,False
BAC,Bank of America Corp.,Financials,2019-Q4,2019-12-31,usd,1.25,2.0784,29.918216705322266,1519.5,70.65,60.68,194.73,26.38,264.36,88.11,0.1033,0.1058,0.0756,0.0,0.0864,False,0.3507,0.2398,0.2453,6.54,0.9223,0.2442,0.7319,median,0.0069,0.2896,0.0443,Regime 3 (Parasitic),DANGER,0.79,-0.3166,-0.126,0.3232,-0.4834,-0.4834,True,True,True
BAC,Bank of America Corp.,Financials,2020-Q1,2020-03-31,usd,1.25,2.0784,18.149246215820312,1583.4000244140625,70.55,53.9,209.6,26.64,157.45,90.17,0.1011,0.1059,0.0788,0.0,0.1156,False,0.3055,-0.3988,-0.3954,-5.685,1.3633,-0.1008,1.0,median,0.005,-0.3362,0.0591,Regime 1 (Virtuous),HEALTHY,0.63,0.1353,0.8687,1.029,-0.0688,-0.0688,False,False,True
BAC,Bank of America Corp.,Financials,2020-Q2,2020-06-30,usd,1.25,2.0784,20.445161819458008,1800.5,70.55,53.64,219.34,26.57,177.14,92.52,0.0973,0.1058,0.0841,0.0,0.1255,False,0.3198,-0.3309,-0.3293,-3.142,1.2425,0.0122,0.982,median,0.0023,-0.2498,0.0795,Regime 1 (Virtuous),HEALTHY,0.64,0.2803,0.7752,0.3681,-0.0413,-0.0413,False,False,True
BAC,Bank of America Corp.,Financials,2020-Q3,2020-09-30,usd,1.25,2.0784,20.882308959960938,1895.5,71.15,57.6,219.08,26.0,180.87,93.46,0.094,0.1056,0.0922,0.0,0.1299,False,0.3145,-0.2723,-0.2732,-3.518,1.1182,0.0992,0.8705,median,-0.0013,-0.2127,0.0605,Regime 1 (Virtuous),HEALTHY,0.63,0.6241,0.7986,0.308,-0.0257,-0.0257,False,False,True
BAC,Bank of America Corp.,Financials,2020-Q4,2020-12-31,usd,1.25,2.0784,26.43784523010254,1895.0999755859375,71.15,57.6,225.57,26.4,228.71,95.18,0.0932,0.1053,0.0891,0.0,0.1549,False,0.3383,-0.2184,-0.2221,-1.876,1.0728,0.1158,0.852,median,-0.0052,-0.1449,0.0772,Regime 1 (Virtuous),HEALTHY,0.639,0.3831,0.4961,0.1397,-0.0218,-0.0218,False,False,True
BAC,Bank of America Corp.,Financials,2021-Q1,2021-03-31,usd,1.25,2.0784,33.91490173339844,1713.800048828125,71.05,62.06,237.6,26.59,291.32,99.32,0.0887,0.1049,0.0891,0.0,0.1298,False,0.3716,0.5261,0.5186,6.365,0.7041,0.3339,0.6663,median,-0.0094,0.6153,0.0967,Regime 3 (Parasitic),DANGER,0.95,0.1236,0.0858,-0.2279,-0.0415,-0.2719,False,True,True
BAC,Bank of America Corp.,Financials,2021-Q2,2021-06-30,usd,1.25,2.0784,36.293548583984375,1771.5999755859375,71.22,60.18,242.39,26.19,308.03,100.0,0.0865,0.1043,0.0966,0.0,0.1058,False,0.385,0.4862,0.4756,7.124,0.7098,0.2339,0.7403,median,-0.014,0.5533,0.0777,Regime 3 (Parasitic),DANGER,0.95,0.0932,-0.2293,-0.2704,-0.2293,-0.3196,True,True,True
BAC,Bank of America Corp.,Financials,2021-Q3,2021-09-30,usd,1.25,2.0784,37.55897903442383,1757.0,71.22,57.76,246.84,26.62,309.53,100.61,0.0874,0.1037,0.0928,0.0,0.1107,False,0.3887,0.4778,0.4635,7.284,0.7237,0.1319,0.8348,median,-0.0185,0.5373,0.0738,Regime 3 (Parasitic),DANGER,0.95,-0.0195,-0.2728,-0.3216,-0.2792,-0.3425,True,True,True
BAC,Bank of America Corp.,Financials,2021-Q4,2021-12-31,usd,1.25,2.0784,39.55339431762695,1828.5999755859375,71.22,57.76,253.56,26.47,319.51,102.25,0.085,0.103,0.0978,0.0,0.1299,False,0.3951,0.2799,0.2627,4.666,0.7604,0.1941,0.7745,median,-0.0224,0.3343,0.0717,Regime 3 (Parasitic),DANGER,0.78,-0.2831,-0.2382,-0.2015,-0.3193,-0.4078,True,True,True
BAC,Bank of America Corp.,Financials,2022-Q1,2022-03-31,usd,1.25,2.0784,36.825408935546875,1949.199951171875,71.12,61.28,259.06,26.79,296.89,104.56,0.0836,0.1022,0.0954,0.0,0.1046,False,0.3793,-0.0104,-0.0324,0.369,0.9974,0.0986,0.8711,median,-0.0261,0.0189,0.0514,Regime 1 (Virtuous),HEALTHY,0.626,-0.247,-0.2889,-0.0272,-0.3294,-0.3639,True,True,False
BAC,Bank of America Corp.,Financials,2022-Q2,2022-06-30,usd,1.25,2.0784,27.97132110595703,1807.300048828125,71.12,61.09,248.93,26.78,224.76,101.98,0.0864,0.1013,0.0939,0.0,0.0836,False,0.3437,-0.3086,-0.3348,-16.04,1.1582,-0.1299,1.0,median,-0.0291,-0.3152,0.0196,Regime 2 (Subcritical),CAUTION,0.55,0.0778,-0.0533,0.3513,-0.1171,-0.1626,False,False,
BAC,Bank of America Corp.,Financials,2022-Q3,2022-09-30,usd,1.25,2.0784,27.31447410583496,1672.0,71.12,61.21,245.84,27.36,219.18,101.38,0.0891,0.1005,0.0858,0.0,0.0867,False,0.3387,-0.3224,-0.3528,-45.187,1.1432,-0.1785,1.0,median,-0.031,-0.3452,0.0076,Regime 2 (Subcritical),CAUTION,0.55,-0.0413,-0.0671,0.3799,-0.0959,-0.1424,False,False,
BAC,Bank of America Corp.,Financials,2022-Q4,2022-12-31,usd,1.25,2.0784,30.13060760498047,1826.199951171875,71.12,61.21,244.11,26.97,240.95,100.85,0.0883,0.0997,0.0916,0.0,0.0954,False,0.347,-0.237,-0.2684,1.0,1.2397,-0.1436,1.0,median,-0.0318,-0.2822,-0.0138,Regime 2 (Subcritical),CAUTION,0.55,-0.1314,0.0361,0.3855,-0.2316,-0.2316,True,True,
BAC,Bank of America Corp.,Financials,2023-Q1,2023-03-31,usd,1.25,2.0784,26.18733787536621,1969.0,71.12,64.95,255.57,28.15,208.78,104.95,0.0878,0.099,0.0833,0.0,0.1378,False,0.3358,-0.3256,-0.3558,-94.722,1.1137,-0.0839,1.0,median,-0.0317,-0.3521,0.0037,Regime 2 (Subcritical),CAUTION,0.55,-0.027,0.3679,0.5248,-0.1055,-0.1055,False,False,
BAC,Bank of America Corp.,Financials,2023-Q2,2023-06-30,usd,1.25,2.0784,26.479368209838867,1929.4000244140625,71.02,64.15,249.86,28.18,210.61,103.3,0.0897,0.0983,0.0848,0.0,0.1396,False,0.3333,-0.0477,-0.0779,-5.046,0.908,0.0933,0.8772,median,-0.0307,-0.065,0.0129,Regime 2 (Subcritical),CAUTION,0.55,0.1928,0.4275,0.7327,-0.1154,-0.1154,False,False,
BAC,Bank of America Corp.,Financials,2023-Q3,2023-09-30,usd,1.25,2.0784,25.48089027404785,1866.0999755859375,71.02,63.35,252.25,28.38,201.89,103.75,0.0899,0.0976,0.0858,0.0,0.1315,False,0.3338,-0.0745,-0.1052,-3.56,0.9333,0.0803,0.8925,median,-0.0292,-0.0822,0.0231,Regime 1 (Virtuous),HEALTHY,0.612,0.4416,0.5168,1.0656,-0.0573,-0.0573,False,False,True
BAC,Bank of America Corp.,Financials,2023-Q4,2023-12-31,usd,1.25,2.0784,31.584701538085938,2071.800048828125,71.02,63.35,254.41,28.24,249.38,104.26,0.0889,0.097,0.092,0.0,0.1247,False,0.3506,0.0284,0.0012,1.037,0.9132,0.0303,0.9566,median,-0.0276,0.0344,0.0332,Regime 1 (Virtuous),HEALTHY,0.617,0.1886,0.3282,0.7109,-0.064,-0.064,False,False,True
BAC,Bank of America Corp.,Financials,2024-Q1,2024-03-31,usd,1.25,2.0784,35.82206344604492,2217.39990234375,71.02,68.95,261.9,28.94,281.81,107.7,0.0875,0.0965,0.0868,0.0,0.1157,False,0.3598,0.3005,0.2741,11.579,0.8807,0.0926,0.878,median,-0.0259,0.3,0.0259,Regime 3 (Parasitic),DANGER,0.85,0.0634,0.1397,0.3613,-0.0757,-0.0757,False,False,False
BAC,Bank of America Corp.,Financials,2024-Q2,2024-06-30,usd,1.25,2.0784,37.798213958740234,2339.60009765625,71.02,65.24,260.64,29.0,293.87,106.47,0.089,0.0959,0.0879,0.0,0.1184,False,0.3699,0.3281,0.3029,11.014,0.9883,0.0797,0.8932,median,-0.0244,0.3332,0.0302,Regime 3 (Parasitic),DANGER,0.878,0.1217,0.2117,0.4908,-0.1246,-0.1246,False,False,False
BAC,Bank of America Corp.,Financials,2024-Q3,2024-09-30,usd,1.25,2.0784,37.95854568481445,2659.39990234375,70.92,65.92,265.94,29.15,291.85,107.98,0.0878,0.0954,0.0898,0.0,0.1089,False,0.3693,0.3511,0.3285,9.215,1.0605,0.2344,0.7399,median,-0.023,0.3685,0.04,Regime 3 (Parasitic),DANGER,0.901,0.0642,0.3307,0.4899,-0.123,-0.123,False,False,False
BAC,Bank of America Corp.,Financials,2024-Q4,2024-12-31,usd,1.25,2.0784,42.27717590332031,2641.0,71.02,65.92,260.92,29.03,321.77,106.72,0.0888,0.0949,0.0919,0.0,0.109,False,0.3836,0.2545,0.2315,10.897,1.0338,0.0849,0.887,median,-0.0219,0.2549,0.0234,Regime 3 (Parasitic),DANGER,0.805,0.109,0.2804,0.3377,-0.2126,-0.2126,True,True,True
BAC,Bank of America Corp.,Financials,2025-Q1,2025-03-31,usd,1.25,2.0784,40.39498519897461,3122.800048828125,70.92,71.08,267.95,30.01,305.39,109.99,0.0885,0.0945,0.0838,0.0,0.1017,False,0.3689,0.0806,0.0594,3.827,1.3186,0.0475,0.9335,median,-0.0208,0.0804,0.021,Regime 1 (Virtuous),HEALTHY,0.611,0.2706,0.1945,0.4001,-0.1759,-0.1759,False,False,True
BAC,Bank of America Corp.,Financials,2025-Q2,2025-06-30,usd,1.25,2.0784,46.07609558105469,3307.699951171875,70.92,68.73,275.29,29.99,342.65,111.23,0.0872,0.094,0.089,0.0,0.0973,False,0.3914,0.1299,0.1099,3.513,1.2442,0.0613,0.9158,median,-0.0196,0.1536,0.0437,Regime 1 (Virtuous),HEALTHY,0.622,0.1823,0.2304,0.2274,-0.0507,-0.0507,False,False,True
BAC,Bank of America Corp.,Financials,2025-Q3,2025-09-30,usd,1.25,2.0784,50.51326370239258,3873.199951171875,70.92,69.35,272.3,30.68,370.23,110.81,0.0898,0.0936,0.0829,0.0,0.0924,False,0.4038,0.2309,0.212,9.196,1.2548,0.0277,0.9601,median,-0.0186,0.2379,0.0259,Regime 3 (Parasitic),DANGER,0.831,-0.0448,0.1196,0.1196,-0.0845,-0.0845,False,False,False
BAC,Bank of America Corp.,Financials,2025-Q4,2025-12-31,usd,1.25,2.0784,54.1319465637207,4341.10009765625,70.82,69.35,272.94,30.22,390.42,110.83,0.0883,0.0933,0.0913,0.0,0.088,False,0.415,0.1733,0.1556,5.118,1.4123,0.0216,0.9685,median,-0.0175,0.1934,0.0378,Regime 3 (Parasitic),DANGER,0.773,0.0726,0.0448,0.0448,-0.1457,-0.1457,False,False,False
BAC,Bank of America Corp.,Financials,2026-Q1,2026-03-31,usd,1.25,2.0784,48.2518310546875,4647.60009765625,70.82,74.12,279.69,31.8,344.03,114.11,0.0899,0.0929,0.0791,0.0,0.0894,False,0.3842,0.0992,0.0824,3.239,1.2793,0.0296,0.9575,median,-0.0164,0.1191,0.0368,Regime 1 (Virtuous),HEALTHY,0.618,0.1721,0.1721,0.1721,0.0,0.0,False,False,True
BAC,Bank of America Corp.,Financials,2026-Q2,2026-06-30,usd,1.25,2.0784,56.690757751464844,4038.5,70.82,74.51,279.94,32.65,397.85,114.48,0.0921,0.0926,0.0759,0.0,0.0857,False,0.4101,0.1365,0.1206,5.195,1.0102,0.0203,0.9705,median,-0.0153,0.1494,0.0288,Regime 1 (Virtuous),HEALTHY,0.614,-0.0024,-0.0024,-0.0024,-0.0024,-0.0024,False,False,False
GS,Goldman Sachs Group Inc.,Financials,2017-Q1,2017-03-31,usd,1.25,2.0784,187.87030029296875,1247.300048828125,4.07,21.95,71.75,2.99,74.17,25.19,0.0319,0.0312,0.2229,0.0,0.1576,False,0.4515,0.2252,0.2166,5.731,0.8662,-0.0342,1.0,median,-0.0101,0.2624,0.0458,Regime 3 (Parasitic),DANGER,0.775,0.0395,0.1104,-0.1408,-0.0773,-0.3031,False,True,True
GS,Goldman Sachs Group Inc.,Financials,2017-Q2,2017-06-30,usd,1.25,2.0784,182.08583068847656,1240.699951171875,4.08,21.51,72.52,3.15,70.69,25.32,0.0335,0.0313,0.1927,0.0,0.1423,False,0.4497,0.2431,0.2353,42.878,0.84,-0.0019,1.0,median,-0.0092,0.241,0.0056,Regime 3 (Parasitic),DANGER,0.793,0.1556,0.0069,-0.0511,-0.024,-0.281,False,True,True
GS,Goldman Sachs Group Inc.,Financials,2017-Q3,2017-09-30,usd,1.25,2.0784,195.2971649169922,1281.5,4.06,21.4,74.41,3.28,74.04,25.79,0.0342,0.0314,0.1866,0.0,0.1454,False,0.4542,0.3155,0.3148,10.917,0.8398,0.0145,0.9786,median,-0.0009,0.3466,0.0317,Regime 3 (Parasitic),DANGER,0.866,0.0528,-0.0562,-0.1112,-0.0764,-0.3393,False,True,True
GS,Goldman Sachs Group Inc.,Financials,2017-Q4,2017-12-31,usd,1.25,2.0784,210.42312622070312,1306.300048828125,4.04,21.4,74.41,3.14,78.87,25.75,0.0328,0.0316,0.2298,0.0,0.14,False,0.4597,-0.0109,-0.0023,0.925,0.9512,0.134,0.8327,median,0.0102,0.028,0.0303,Regime 2 (Subcritical),CAUTION,0.55,-0.1318,-0.3376,-0.0695,-0.38,-0.38,True,True,
GS,Goldman Sachs Group Inc.,Financials,2018-Q1,2018-03-31,usd,1.25,2.0784,208.61178588867188,1322.800048828125,4.05,26.47,77.88,3.66,78.79,28.01,0.0351,0.0318,0.1575,0.0,0.1438,False,0.4398,-0.062,-0.0459,0.569,0.9488,0.0628,0.9139,median,0.0183,0.0605,0.1064,Regime 1 (Virtuous),HEALTHY,0.653,-0.0872,-0.2122,-0.3301,-0.361,-0.4336,True,True,False
GS,Goldman Sachs Group Inc.,Financials,2018-Q2,2018-06-30,usd,1.25,2.0784,183.34078979492188,1251.300048828125,4.11,24.5,77.88,3.99,69.28,27.62,0.039,0.032,0.1348,0.0,0.1557,False,0.4379,-0.129,-0.1073,-0.231,0.8991,0.0421,0.9406,median,0.0243,-0.0201,0.0872,Regime 1 (Virtuous),HEALTHY,0.644,-0.2644,-0.0689,-0.098,-0.2945,-0.3746,True,True,False
GS,Goldman Sachs Group Inc.,Financials,2018-Q3,2018-09-30,usd,1.25,2.0784,187.0086212158203,1191.5,4.1,22.27,77.88,4.22,69.71,27.12,0.0421,0.0324,0.1295,0.0,0.1442,False,0.4457,-0.1383,-0.1106,-1.197,0.8039,0.1073,0.8613,median,0.0303,-0.0603,0.0504,Regime 1 (Virtuous),HEALTHY,0.625,-0.1411,-0.0628,-0.0885,-0.3033,-0.3824,True,True,False
GS,Goldman Sachs Group Inc.,Financials,2018-Q4,2018-12-31,usd,1.25,2.0784,139.8782501220703,1278.300048828125,4.08,22.27,77.88,3.96,51.44,27.05,0.0395,0.0329,0.1815,0.0,0.1601,False,0.4484,-0.5105,-0.4767,-8.666,1.0437,-0.0618,1.0,median,0.0386,-0.4274,0.0493,Regime 1 (Virtuous),HEALTHY,0.625,0.2489,0.4048,0.6233,0.0,-0.1703,False,False,True
GS,Goldman Sachs Group Inc.,Financials,2019-Q1,2019-03-31,usd,1.25,2.0784,161.4108428955078,1293.0,4.09,23.46,77.88,4.72,59.2,27.54,0.0466,0.0334,0.1132,0.0,0.115,False,0.4354,-0.3097,-0.2687,1.0,0.9107,0.0813,0.8914,median,0.0481,-0.2859,-0.0172,Regime 2 (Subcritical),CAUTION,0.55,0.0736,-0.1702,0.7636,-0.2984,-0.2984,True,True,
GS,Goldman Sachs Group Inc.,Financials,2019-Q2,2019-06-30,usd,1.25,2.0784,172.7876434326172,1409.699951171875,4.11,24.48,77.88,4.95,62.3,27.86,0.0484,0.034,0.1123,0.0,0.1164,False,0.4299,-0.1637,-0.1147,-12.529,1.041,0.0206,0.97,median,0.0602,-0.1063,0.0085,Regime 2 (Subcritical),CAUTION,0.55,0.1284,-0.0418,0.8804,-0.3357,-0.3357,True,True,
GS,Goldman Sachs Group Inc.,Financials,2019-Q3,2019-09-30,usd,1.25,2.0784,176.10707092285156,1465.699951171875,4.89,22.46,80.59,5.05,62.96,28.25,0.049,0.0348,0.1263,0.0,0.1134,False,0.4378,-0.1978,-0.1425,-2.499,1.2042,-0.001,1.0,median,0.0707,-0.1018,0.0407,Regime 1 (Virtuous),HEALTHY,0.62,-0.2207,-0.0273,0.9361,-0.341,-0.341,True,True,False
GS,Goldman Sachs Group Inc.,Financials,2019-Q4,2019-12-31,usd,1.25,2.0784,196.49954223632812,1519.5,4.84,22.46,80.59,4.91,68.25,28.2,0.0476,0.0356,0.1617,0.0,0.1545,False,0.4399,0.1784,0.2412,6.794,0.9223,0.2442,0.7319,median,0.0781,0.2828,0.0416,Regime 3 (Parasitic),DANGER,0.728,-0.1299,0.1556,0.7472,-0.4094,-0.4094,True,True,True
GS,Goldman Sachs Group Inc.,Financials,2020-Q1,2020-03-31,usd,1.25,2.0784,132.9213409423828,1583.4000244140625,4.81,25.83,87.18,5.15,45.71,30.74,0.0456,0.0363,0.157,0.0,0.1168,False,0.4532,-0.4275,-0.3688,-2.35,1.3633,-0.1008,1.0,median,0.085,-0.2587,0.1101,Regime 2 (Subcritical),CAUTION,0.55,0.2887,1.1615,1.2247,-0.0602,-0.0602,False,False,
GS,Goldman Sachs Group Inc.,Financials,2020-Q2,2020-06-30,usd,1.25,2.0784,170.9819793701172,1800.5,4.79,41.66,91.32,4.69,58.81,35.61,0.0352,0.0371,0.2575,0.0,0.1362,False,0.4034,-0.3623,-0.3033,-0.235,1.2425,0.0122,0.982,median,0.0859,-0.0577,0.2456,Regime 1 (Virtuous),HEALTHY,0.723,0.3207,0.9569,0.5657,-0.0525,-0.0525,False,False,True
GS,Goldman Sachs Group Inc.,Financials,2020-Q3,2020-09-30,usd,1.25,2.0784,174.93321228027344,1895.5,4.96,24.82,91.32,4.57,60.19,31.42,0.0393,0.0376,0.2643,0.0,0.1553,False,0.4527,-0.205,-0.1514,-0.423,1.1182,0.0992,0.8705,median,0.0777,-0.045,0.1064,Regime 2 (Subcritical),CAUTION,0.55,0.6424,0.9144,0.5212,-0.0594,-0.0594,False,False,
GS,Goldman Sachs Group Inc.,Financials,2020-Q4,2020-12-31,usd,1.25,2.0784,230.7960205078125,1895.0999755859375,4.96,24.82,93.04,4.8,79.41,31.91,0.0407,0.038,0.2092,0.0,0.154,False,0.4514,-0.0186,0.0279,1.226,1.0728,0.1158,0.852,median,0.0655,0.1515,0.1235,Regime 2 (Subcritical),CAUTION,0.55,0.4324,0.4761,0.3599,0.0,0.0,False,False,
GS,Goldman Sachs Group Inc.,Financials,2021-Q1,2021-03-31,usd,1.25,2.0784,287.31097412109375,1713.800048828125,4.91,37.75,104.12,4.43,97.69,37.8,0.0312,0.0383,0.2917,0.0,0.1669,False,0.433,0.5116,0.5529,3.675,0.7041,0.3339,0.6663,median,0.0524,0.7596,0.2067,Regime 3 (Parasitic),DANGER,0.95,0.1867,0.0292,0.0481,-0.0106,-0.1223,False,False,False
GS,Goldman Sachs Group Inc.,Financials,2021-Q2,2021-06-30,usd,1.25,2.0784,334.5913391113281,1771.5999755859375,4.86,34.56,111.03,4.33,112.85,38.69,0.0297,0.0385,0.3232,0.0,0.1931,False,0.4553,0.5411,0.5688,7.856,0.7098,0.2339,0.7403,median,0.0365,0.6518,0.083,Regime 3 (Parasitic),DANGER,0.95,0.0279,-0.1999,-0.1058,-0.2463,-0.2463,True,True,True
GS,Goldman Sachs Group Inc.,Financials,2021-Q3,2021-09-30,usd,1.25,2.0784,334.8883972167969,1757.0,4.82,26.36,115.46,4.33,112.12,37.74,0.0305,0.0384,0.3169,0.0,0.1668,False,0.4803,0.421,0.4386,3.391,0.7237,0.1319,0.8348,median,0.023,0.6221,0.1834,Regime 3 (Parasitic),DANGER,0.921,-0.117,-0.2054,-0.0963,-0.247,-0.247,True,True,True
GS,Goldman Sachs Group Inc.,Financials,2021-Q4,2021-12-31,usd,1.25,2.0784,340.6809387207031,1828.5999755859375,4.7,26.36,117.12,4.36,113.64,38.14,0.0304,0.0383,0.278,0.0,0.1983,False,0.4822,0.1726,0.18,2.009,0.7604,0.1941,0.7745,median,0.0096,0.3584,0.1784,Regime 2 (Subcritical),CAUTION,0.55,-0.2084,-0.0787,0.0678,-0.2598,-0.2598,True,True,
GS,Goldman Sachs Group Inc.,Financials,2022-Q1,2022-03-31,usd,1.25,2.0784,295.70428466796875,1949.199951171875,6.48,30.86,127.16,4.22,101.54,42.18,0.0267,0.0381,0.3387,0.0,0.1925,False,0.4686,-0.0675,-0.0709,0.353,0.9974,0.0986,0.8711,median,-0.0041,0.0387,0.1096,Regime 2 (Subcritical),CAUTION,0.55,-0.0907,0.0184,0.3415,-0.1472,-0.1472,False,False,
GS,Goldman Sachs Group Inc.,Financials,2022-Q2,2022-06-30,usd,1.25,2.0784,267.70068359375,1807.300048828125,8.21,30.61,128.1,4.68,91.54,42.9,0.0295,0.0379,0.2259,0.0,0.2002,False,0.4635,-0.2984,-0.3124,-2.028,1.1582,-0.1299,1.0,median,-0.0155,-0.2092,0.1032,Regime 2 (Subcritical),CAUTION,0.55,0.1726,0.1176,0.6144,-0.0519,-0.0519,False,False,
GS,Goldman Sachs Group Inc.,Financials,2022-Q3,2022-09-30,usd,1.25,2.0784,266.1166076660156,1672.0,8.25,30.82,128.1,5.88,90.24,43.26,0.037,0.0375,0.1246,0.0,0.2027,False,0.4585,-0.33,-0.3535,-1.591,1.1432,-0.1785,1.0,median,-0.024,-0.2171,0.1365,Regime 2 (Subcritical),CAUTION,0.55,0.1316,0.1373,0.8004,0.0,0.0,False,False,
GS,Goldman Sachs Group Inc.,Financials,2022-Q4,2022-12-31,usd,1.25,2.0784,313.86578369140625,1826.199951171875,8.38,30.82,115.34,4.93,105.12,39.87,0.0337,0.0373,0.2014,0.0,0.1877,False,0.4487,-0.0946,-0.1223,-1.757,1.2397,-0.1436,1.0,median,-0.028,-0.078,0.0444,Regime 1 (Virtuous),HEALTHY,0.622,-0.0546,0.1495,0.7505,-0.1431,-0.1431,False,False,True
GS,Goldman Sachs Group Inc.,Financials,2023-Q1,2023-03-31,usd,1.25,2.0784,301.1351318359375,1969.0,8.4,33.61,123.07,8.35,100.24,43.36,0.0533,0.037,0.0705,0.0,0.1691,False,0.434,-0.0121,-0.0405,-0.468,1.1137,-0.0839,1.0,median,-0.0297,-0.0129,0.0276,Regime 1 (Virtuous),HEALTHY,0.614,0.005,0.3173,0.7506,-0.0995,-0.0995,False,False,True
GS,Goldman Sachs Group Inc.,Financials,2023-Q2,2023-06-30,usd,1.25,2.0784,299.18890380859375,1929.4000244140625,7.86,34.18,125.71,9.84,98.98,44.4,0.0615,0.037,0.0639,0.0,0.1924,False,0.4319,0.0657,0.0437,2.275,0.908,0.0933,0.8772,median,-0.0223,0.0781,0.0343,Regime 1 (Virtuous),HEALTHY,0.617,0.2159,0.4445,1.2523,-0.0937,-0.0937,False,False,True
GS,Goldman Sachs Group Inc.,Financials,2023-Q3,2023-09-30,usd,1.25,2.0784,302.6470947265625,1866.0999755859375,7.25,36.22,126.17,11.26,98.85,45.22,0.0693,0.0373,0.0591,0.0,0.1721,False,0.4242,0.0534,0.0467,2.052,0.9333,0.0803,0.8925,median,-0.0064,0.0911,0.0444,Regime 1 (Virtuous),HEALTHY,0.622,0.3316,0.6083,1.6472,-0.0898,-0.0898,False,False,True
GS,Goldman Sachs Group Inc.,Financials,2023-Q4,2023-12-31,usd,1.25,2.0784,363.7879638671875,2071.800048828125,7.09,36.22,131.33,9.82,117.64,46.11,0.0586,0.0379,0.1198,0.0,0.1672,False,0.4392,-0.0484,-0.033,0.773,0.9132,0.0303,0.9566,median,0.0156,0.1125,0.1455,Regime 1 (Virtuous),HEALTHY,0.673,0.1802,0.5129,1.3805,-0.0293,-0.0293,False,False,True
GS,Goldman Sachs Group Inc.,Financials,2024-Q1,2024-03-31,usd,1.25,2.0784,396.680419921875,2217.39990234375,6.92,34.63,135.88,13.6,128.53,47.76,0.0797,0.0385,0.0594,0.0,0.1433,False,0.4392,0.1114,0.152,2.573,0.8807,0.0926,0.878,median,0.0398,0.2486,0.0966,Regime 1 (Virtuous),HEALTHY,0.648,0.22,0.3502,1.1343,-0.0581,-0.0581,False,False,True
GS,Goldman Sachs Group Inc.,Financials,2024-Q2,2024-06-30,usd,1.25,2.0784,432.1680908203125,2339.60009765625,6.88,34.13,132.27,14.8,136.64,47.02,0.0889,0.0395,0.0554,0.0,0.1448,False,0.4391,0.198,0.2651,5.618,0.9883,0.0797,0.8932,median,0.065,0.3224,0.0574,Regime 3 (Parasitic),DANGER,0.748,0.2562,0.5585,1.2719,-0.01,-0.01,False,False,False
GS,Goldman Sachs Group Inc.,Financials,2024-Q3,2024-09-30,usd,1.25,2.0784,475.8502197265625,2659.39990234375,6.83,33.26,138.25,15.99,149.51,48.58,0.0932,0.0408,0.0551,0.0,0.1095,False,0.4485,0.2538,0.3422,5.779,1.0605,0.2344,0.7399,median,0.09,0.4138,0.0716,Regime 3 (Parasitic),DANGER,0.804,0.1143,0.6413,1.0045,-0.0572,-0.0572,False,False,False
GS,Goldman Sachs Group Inc.,Financials,2024-Q4,2024-12-31,usd,1.25,2.0784,553.0715942382812,2641.0,6.7,33.26,134.08,14.79,171.81,47.21,0.0884,0.0424,0.0861,0.0,0.1286,False,0.4677,0.2363,0.3553,16.147,1.0338,0.0849,0.887,median,0.113,0.3788,0.0235,Regime 3 (Parasitic),DANGER,0.786,0.246,0.5664,0.7246,-0.1888,-0.1888,False,False,False
GS,Goldman Sachs Group Inc.,Financials,2025-Q1,2025-03-31,usd,1.25,2.0784,530.2568359375,3122.800048828125,6.74,36.51,141.29,17.21,163.12,50.44,0.0968,0.0441,0.0624,0.0,0.1148,False,0.4481,0.045,0.1837,4.359,1.3186,0.0475,0.9335,median,0.1355,0.2383,0.0547,Regime 1 (Virtuous),HEALTHY,0.627,0.4872,0.5807,0.7988,-0.1539,-0.1539,False,False,True
GS,Goldman Sachs Group Inc.,Financials,2025-Q2,2025-06-30,usd,1.25,2.0784,690.4024047851562,3307.699951171875,6.84,36.96,142.8,17.93,209.09,51.13,0.0998,0.0461,0.0617,0.0,0.1057,False,0.4803,0.1849,0.3416,5.072,1.2442,0.0613,0.9158,median,0.1534,0.4254,0.0839,Regime 3 (Parasitic),DANGER,0.785,0.2736,0.4578,0.3816,-0.0158,-0.0158,False,False,False
GS,Goldman Sachs Group Inc.,Financials,2025-Q3,2025-09-30,usd,1.25,2.0784,780.9891967773438,3873.199951171875,6.81,37.81,144.64,18.73,234.39,52.0,0.1027,0.0482,0.0594,0.0,0.1138,False,0.4962,0.2139,0.3817,6.615,1.2548,0.0277,0.9601,median,0.1655,0.4497,0.068,Regime 3 (Parasitic),DANGER,0.814,0.0732,0.2213,0.2213,-0.065,-0.065,False,False,False
GS,Goldman Sachs Group Inc.,Financials,2025-Q4,2025-12-31,usd,1.25,2.0784,866.318603515625,4341.10009765625,6.79,37.81,144.75,17.96,256.84,51.83,0.0984,0.0504,0.0793,0.0,0.1108,False,0.5143,0.1334,0.3087,4.307,1.4123,0.0216,0.9685,median,0.1726,0.4021,0.0933,Regime 3 (Parasitic),DANGER,0.683,0.1712,0.101,0.101,-0.1054,-0.1054,False,False,False
GS,Goldman Sachs Group Inc.,Financials,2026-Q1,2026-03-31,usd,1.25,2.0784,838.1728515625,4647.60009765625,7.52,41.7,164.81,19.85,246.9,58.47,0.0961,0.0526,0.0683,0.0,0.1071,False,0.4881,0.0851,0.2667,2.805,1.2793,0.0296,0.9575,median,0.1765,0.4145,0.1478,Regime 2 (Subcritical),CAUTION,0.55,0.138,0.138,0.138,0.0,0.0,False,False,
GS,Goldman Sachs Group Inc.,Financials,2026-Q2,2026-06-30,usd,1.25,2.0784,1006.4408569335938,4038.5,9.27,46.69,170.22,20.75,293.32,61.73,0.0957,0.0549,0.0661,0.0,0.108,False,0.5041,-0.0324,0.1502,1.797,1.0102,0.0203,0.9705,median,0.1757,0.3385,0.1883,Regime 2 (Subcritical),CAUTION,0.55,-0.0523,-0.0523,-0.0523,-0.068,-0.068,False,False,
BRK-B,Berkshire Hathaway Inc.,Financials,2017-Q1,2017-03-31,usd,1.25,2.0784,166.67999267578125,1247.300048828125,79.95,238.95,52.36,68.51,16.67,109.94,0.2352,0.2719,0.1693,24.6,0.0597,False,0.4148,-0.0332,-0.0367,0.779,0.8662,-0.0342,1.0,median,-0.0025,0.1288,0.1655,Regime 1 (Virtuous),HEALTHY,0.683,0.0998,0.1968,0.2052,-0.0325,-0.0325,False,False,True
BRK-B,Berkshire Hathaway Inc.,Financials,2017-Q2,2017-06-30,usd,1.25,2.0784,169.3699951171875,1240.699951171875,80.17,206.79,53.25,67.31,16.94,101.88,0.2588,0.2686,0.23,29.0,0.0597,False,0.3661,0.0922,0.0725,2.002,0.84,-0.0019,1.0,median,-0.0147,0.1449,0.0724,Regime 1 (Virtuous),HEALTHY,0.636,0.1703,0.102,0.2586,-0.0008,-0.0008,False,False,True
BRK-B,Berkshire Hathaway Inc.,Financials,2017-Q3,2017-09-30,usd,1.25,2.0784,183.32000732421875,1281.5,80.88,220.59,54.52,68.55,18.33,106.14,0.2492,0.2665,0.2161,28.0,0.0827,False,0.3794,0.1771,0.1478,2.635,0.8398,0.0145,0.9786,median,-0.0217,0.2382,0.0904,Regime 2 (Subcritical),CAUTION,0.55,0.0759,0.1548,0.1219,-0.0235,-0.0235,False,False,
BRK-B,Berkshire Hathaway Inc.,Financials,2017-Q4,2017-12-31,usd,1.25,2.0784,198.22000122070312,1306.300048828125,81.26,220.59,56.17,68.76,19.82,106.69,0.2485,0.2645,0.3149,38.6,0.065,False,0.3722,0.1422,0.1032,2.116,0.9512,0.134,0.8327,median,-0.0287,0.1958,0.0925,Regime 2 (Subcritical),CAUTION,0.55,-0.0536,0.0353,0.1485,-0.0624,-0.0624,False,False,
BRK-B,Berkshire Hathaway Inc.,Financials,2018-Q1,2018-03-31,usd,1.25,2.0784,199.47999572753906,1322.800048828125,81.34,209.53,56.21,68.7,19.95,103.94,0.2585,0.2628,0.2329,28.3,0.1031,False,0.3542,0.2832,0.2357,100.0,0.9488,0.0628,0.9139,median,-0.0341,0.1796,-0.0561,Regime 3 (Parasitic),DANGER,0.833,0.098,0.0302,-0.0606,-0.0517,-0.1686,False,False,False
BRK-B,Berkshire Hathaway Inc.,Financials,2018-Q2,2018-06-30,usd,1.25,2.0784,186.64999389648438,1251.300048828125,81.25,215.16,56.95,70.16,18.66,105.88,0.2578,0.2616,0.2154,27.5,0.1115,False,0.3632,0.0958,0.0586,2.522,0.8991,0.0421,0.9406,median,-0.0263,0.0971,0.0385,Regime 1 (Virtuous),HEALTHY,0.619,0.0759,0.1349,-0.0566,-0.0096,-0.1368,False,False,True
BRK-B,Berkshire Hathaway Inc.,Financials,2018-Q3,2018-09-30,usd,1.25,2.0784,214.11000061035156,1191.5,81.33,221.3,58.92,70.94,21.41,108.12,0.2532,0.2608,0.2202,27.7,0.0772,False,0.3617,0.1679,0.1367,8.377,0.8039,0.1073,0.8613,median,-0.0217,0.1553,0.0185,Regime 3 (Parasitic),DANGER,0.718,-0.0647,-0.0315,-0.0202,-0.1258,-0.2451,False,True,True
BRK-B,Berkshire Hathaway Inc.,Financials,2018-Q4,2018-12-31,usd,1.25,2.0784,204.17999267578125,1278.300048828125,81.03,221.3,58.92,71.56,20.42,108.2,0.2554,0.2601,0.3197,42.0,0.0635,False,0.3635,0.0393,0.0156,2.112,1.0437,-0.0618,1.0,median,-0.0171,0.0296,0.014,Regime 2 (Subcritical),CAUTION,0.55,0.0511,0.1093,0.1247,-0.0613,-0.2059,False,True,
BRK-B,Berkshire Hathaway Inc.,Financials,2019-Q1,2019-03-31,usd,1.25,2.0784,200.88999938964844,1293.0,81.22,214.08,59.1,71.37,20.09,106.44,0.2613,0.2595,0.2766,33.2,0.0559,False,0.3527,0.0003,-0.0167,0.296,0.9107,0.0813,0.8914,median,-0.0128,0.007,0.0238,Regime 1 (Virtuous),HEALTHY,0.612,0.012,-0.1064,0.2595,-0.2091,-0.2091,True,True,False
BRK-B,Berkshire Hathaway Inc.,Financials,2019-Q2,2019-06-30,usd,1.25,2.0784,213.1699981689453,1409.699951171875,81.27,224.04,60.81,72.55,21.32,109.67,0.2547,0.2591,0.2645,32.3,0.0793,False,0.3609,0.1102,0.0977,3.783,1.041,0.0206,0.97,median,-0.0097,0.1329,0.0351,Regime 1 (Virtuous),HEALTHY,0.618,0.0537,-0.1744,0.287,-0.2446,-0.2446,True,True,False
BRK-B,Berkshire Hathaway Inc.,Financials,2019-Q3,2019-09-30,usd,1.25,2.0784,208.02000427246094,1465.699951171875,81.23,224.21,63.08,73.36,20.8,110.47,0.2554,0.2588,0.27,32.5,0.1155,False,0.3577,-0.0408,-0.0503,-1.343,1.2042,-0.001,1.0,median,-0.0078,-0.0289,0.0215,Regime 1 (Virtuous),HEALTHY,0.611,-0.1194,0.0116,0.333,-0.2206,-0.2206,True,True,True
BRK-B,Berkshire Hathaway Inc.,Financials,2019-Q4,2019-12-31,usd,1.25,2.0784,226.5,1519.5,81.88,224.21,65.42,73.93,22.65,111.36,0.2553,0.2584,0.3653,42.7,0.099,False,0.3482,0.0827,0.075,3.605,0.9223,0.2442,0.7319,median,-0.0062,0.1037,0.0288,Regime 1 (Virtuous),HEALTHY,0.614,-0.2119,0.0139,0.3244,-0.2842,-0.2842,True,True,True
BRK-B,Berkshire Hathaway Inc.,Financials,2020-Q1,2020-03-31,usd,1.25,2.0784,182.8300018310547,1583.4000244140625,81.66,217.36,65.42,73.34,18.28,109.44,0.2594,0.2582,0.288,33.9,0.0767,False,0.3491,-0.1168,-0.122,-3.389,1.3633,-0.1008,1.0,median,-0.0049,-0.0942,0.0278,Regime 1 (Virtuous),HEALTHY,0.614,0.151,0.3973,0.9303,-0.0743,-0.0743,False,False,True
BRK-B,Berkshire Hathaway Inc.,Financials,2020-Q2,2020-06-30,usd,1.25,2.0784,178.50999450683594,1800.5,71.75,245.04,65.42,72.21,17.85,113.6,0.2326,0.258,0.2727,28.7,0.0664,False,0.4053,-0.2081,-0.2127,-5.031,1.2425,0.0122,0.982,median,-0.0042,-0.1774,0.0353,Regime 1 (Virtuous),HEALTHY,0.618,0.286,0.5569,0.5294,-0.0029,-0.0029,False,False,True
BRK-B,Berkshire Hathaway Inc.,Financials,2020-Q3,2020-09-30,usd,1.25,2.0784,212.94000244140625,1895.5,71.86,227.86,66.4,73.78,21.29,109.98,0.2507,0.2575,0.2797,31.0,0.0531,False,0.3688,0.0332,0.0279,100.0,1.1182,0.0992,0.8705,median,-0.005,0.0234,-0.0045,Regime 2 (Subcritical),CAUTION,0.55,0.1997,0.2818,0.254,-0.0575,-0.0575,False,False,
BRK-B,Berkshire Hathaway Inc.,Financials,2020-Q4,2020-12-31,usd,1.25,2.0784,231.8699951171875,1895.0999755859375,73.73,227.86,69.9,74.15,23.19,111.41,0.249,0.2569,0.3893,41.9,0.0754,False,0.3562,0.0293,0.023,52.346,1.0728,0.1158,0.852,median,-0.0058,0.0234,0.0004,Regime 2 (Subcritical),CAUTION,0.55,0.2083,0.2895,0.3322,-0.0195,-0.0195,False,False,
BRK-B,Berkshire Hathaway Inc.,Financials,2021-Q1,2021-03-31,usd,1.25,2.0784,255.47000122070312,1713.800048828125,73.69,224.09,70.75,74.41,25.55,110.74,0.2524,0.2564,0.2885,30.8,0.0884,False,0.3433,0.3308,0.3228,28.471,0.7041,0.3339,0.6663,median,-0.0067,0.3345,0.0118,Regime 3 (Parasitic),DANGER,0.881,0.0854,0.3814,0.2086,0.0,0.0,False,False,False
BRK-B,Berkshire Hathaway Inc.,Financials,2021-Q2,2021-06-30,usd,1.25,2.0784,277.9200134277344,1771.5999755859375,73.76,243.74,73.0,76.32,27.79,116.7,0.241,0.256,0.2626,29.1,0.0669,False,0.3627,0.4248,0.4158,16.451,0.7098,0.2339,0.7403,median,-0.0077,0.4427,0.0269,Regime 3 (Parasitic),DANGER,0.95,0.0775,-0.0176,0.227,-0.0374,-0.0501,False,False,True
BRK-B,Berkshire Hathaway Inc.,Financials,2021-Q3,2021-09-30,usd,1.25,2.0784,272.94000244140625,1757.0,73.77,253.59,73.66,77.39,27.29,119.6,0.2365,0.2555,0.2597,29.1,0.0967,False,0.3756,0.1734,0.1643,2.958,0.7237,0.1319,0.8348,median,-0.0077,0.2482,0.0839,Regime 2 (Subcritical),CAUTION,0.55,0.293,-0.0217,0.2834,-0.0316,-0.0328,False,False,
BRK-B,Berkshire Hathaway Inc.,Financials,2021-Q4,2021-12-31,usd,1.25,2.0784,299.0,1828.5999755859375,73.88,253.59,76.7,76.04,29.9,120.05,0.2302,0.2548,0.4644,45.6,0.1125,False,0.3678,0.1893,0.1796,3.404,0.7604,0.1941,0.7745,median,-0.0083,0.2543,0.0747,Regime 2 (Subcritical),CAUTION,0.55,-0.0719,0.0331,0.1928,-0.1171,-0.1171,False,False,
BRK-B,Berkshire Hathaway Inc.,Financials,2022-Q1,2022-03-31,usd,1.25,2.0784,352.9100036621094,1949.199951171875,73.82,249.58,77.56,78.68,35.29,119.91,0.2405,0.254,0.3096,33.0,0.0609,False,0.3468,0.2558,0.2435,4.059,0.9974,0.0986,0.8711,median,-0.0096,0.3231,0.0796,Regime 3 (Parasitic),DANGER,0.756,-0.2361,-0.1251,0.1916,-0.2519,-0.2519,True,True,True
BRK-B,Berkshire Hathaway Inc.,Financials,2022-Q2,2022-06-30,usd,1.25,2.0784,273.0199890136719,1807.300048828125,73.62,259.9,77.56,80.88,27.3,122.99,0.2397,0.2532,0.2822,34.5,0.0543,False,0.3749,-0.0549,-0.0703,-0.339,1.1582,-0.1299,1.0,median,-0.0111,-0.0178,0.0525,Regime 1 (Virtuous),HEALTHY,0.626,0.132,0.249,0.49,-0.033,-0.033,False,False,True
BRK-B,Berkshire Hathaway Inc.,Financials,2022-Q3,2022-09-30,usd,1.25,2.0784,267.0199890136719,1672.0,73.33,272.11,77.56,81.98,26.7,126.25,0.2345,0.2524,0.2705,33.7,0.057,False,0.3912,-0.0575,-0.076,-0.406,1.1432,-0.1785,1.0,median,-0.0121,-0.0219,0.0541,Regime 1 (Virtuous),HEALTHY,0.627,0.1564,0.3119,0.7132,-0.0113,-0.0113,False,False,True
BRK-B,Berkshire Hathaway Inc.,Financials,2022-Q4,2022-12-31,usd,1.25,2.0784,308.8999938964844,1826.199951171875,78.12,272.11,77.56,80.52,30.89,127.08,0.2303,0.2516,0.4956,52.2,0.0584,False,0.3788,-0.0046,-0.0243,0.573,1.2397,-0.1436,1.0,median,-0.0128,0.0326,0.0569,Regime 1 (Virtuous),HEALTHY,0.628,0.1003,0.1509,0.459,-0.0529,-0.0529,False,False,True
BRK-B,Berkshire Hathaway Inc.,Financials,2023-Q1,2023-03-31,usd,1.25,2.0784,308.7699890136719,1969.0,83.5,304.35,79.77,86.46,30.88,138.52,0.2251,0.2507,0.2446,30.6,0.0474,False,0.4018,-0.2581,-0.2779,-0.926,1.1137,-0.0839,1.0,median,-0.0131,-0.1336,0.1443,Regime 1 (Virtuous),HEALTHY,0.672,0.1345,0.3619,0.7045,0.0,0.0,False,False,True
BRK-B,Berkshire Hathaway Inc.,Financials,2023-Q2,2023-06-30,usd,1.25,2.0784,341.0,1929.4000244140625,85.85,322.56,83.33,89.99,34.1,145.43,0.2217,0.2497,0.2207,28.6,0.0686,False,0.4057,0.0765,0.0547,1.326,0.908,0.0933,0.8772,median,-0.0139,0.2223,0.1676,Regime 1 (Virtuous),HEALTHY,0.684,0.0459,0.193,0.4243,-0.0272,-0.0272,False,False,True
BRK-B,Berkshire Hathaway Inc.,Financials,2023-Q3,2023-09-30,usd,1.25,2.0784,350.29998779296875,1866.0999755859375,85.65,322.61,83.33,92.21,35.03,145.95,0.2271,0.2486,0.2099,28.0,0.051,False,0.4021,0.1519,0.1264,1.872,0.9333,0.0803,0.8925,median,-0.0152,0.2715,0.145,Regime 2 (Subcritical),CAUTION,0.55,0.2081,0.3143,0.4343,-0.047,-0.047,False,False,
BRK-B,Berkshire Hathaway Inc.,Financials,2023-Q4,2023-12-31,usd,1.25,2.0784,356.6600036621094,2071.800048828125,84.63,322.61,85.6,89.55,35.67,145.6,0.2194,0.2475,0.421,44.2,0.0561,False,0.4025,0.0333,0.0077,1.057,0.9132,0.0303,0.9566,median,-0.0164,0.1438,0.1361,Regime 1 (Virtuous),HEALTHY,0.668,0.1223,0.2475,0.3897,-0.0087,-0.0087,False,False,True
BRK-B,Berkshire Hathaway Inc.,Financials,2024-Q1,2024-03-31,usd,1.25,2.0784,420.5199890136719,2217.39990234375,84.55,306.13,85.6,94.9,42.05,142.79,0.2423,0.2463,0.2302,28.2,0.0538,False,0.3678,0.3065,0.2785,10.163,0.8807,0.0926,0.878,median,-0.0176,0.3089,0.0304,Regime 3 (Parasitic),DANGER,0.857,0.0887,0.2674,0.1404,-0.0559,-0.0559,False,False,False
BRK-B,Berkshire Hathaway Inc.,Financials,2024-Q2,2024-06-30,usd,1.25,2.0784,406.79998779296875,2339.60009765625,84.41,318.5,88.71,97.26,40.68,147.22,0.2388,0.2453,0.2184,26.9,0.0588,False,0.3785,0.1926,0.1642,14.443,0.9883,0.0797,0.8932,median,-0.0176,0.1764,0.0122,Regime 3 (Parasitic),DANGER,0.743,0.1267,0.1989,0.235,0.0,0.0,False,False,False
BRK-B,Berkshire Hathaway Inc.,Financials,2024-Q3,2024-09-30,usd,1.25,2.0784,460.260009765625,2659.39990234375,84.61,324.89,91.78,98.33,46.03,149.9,0.236,0.2445,0.2242,26.6,0.0531,False,0.3728,0.2718,0.2463,10.216,1.0605,0.2344,0.7399,median,-0.0167,0.273,0.0267,Regime 3 (Parasitic),DANGER,0.822,0.1571,0.0923,0.0963,-0.039,-0.039,False,False,False
BRK-B,Berkshire Hathaway Inc.,Financials,2024-Q4,2024-12-31,usd,1.25,2.0784,453.2799987792969,2641.0,83.88,324.89,92.31,96.83,45.33,149.48,0.2321,0.2437,0.3967,41.2,0.0619,False,0.3757,0.2386,0.2134,9.114,1.0338,0.0849,0.887,median,-0.0154,0.2397,0.0263,Regime 3 (Parasitic),DANGER,0.789,0.0801,0.1089,0.1132,-0.0234,-0.0234,False,False,False
BRK-B,Berkshire Hathaway Inc.,Financials,2025-Q1,2025-03-31,usd,1.25,2.0784,532.5800170898438,3122.800048828125,84.01,313.07,93.16,100.02,53.26,147.57,0.2462,0.243,0.2491,28.0,0.0568,False,0.3457,0.2248,0.2034,7.188,1.3186,0.0475,0.9335,median,-0.0136,0.2362,0.0329,Regime 3 (Parasitic),DANGER,0.825,-0.0626,-0.1002,-0.0526,-0.138,-0.138,False,False,True
BRK-B,Berkshire Hathaway Inc.,Financials,2025-Q2,2025-06-30,usd,1.25,2.0784,485.7699890136719,3307.699951171875,84.25,317.54,93.16,101.55,48.58,149.12,0.2473,0.2424,0.2414,28.0,0.107,False,0.3562,0.1833,0.1646,13.803,1.2442,0.0613,0.9158,median,-0.0119,0.1774,0.0129,Regime 3 (Parasitic),DANGER,0.783,0.0315,0.0301,0.0387,-0.0549,-0.0549,False,False,False
BRK-B,Berkshire Hathaway Inc.,Financials,2025-Q3,2025-09-30,usd,1.25,2.0784,502.739990234375,3873.199951171875,84.53,316.54,98.08,103.09,50.27,150.56,0.2486,0.242,0.2581,29.2,0.0829,False,0.3456,0.0995,0.0839,20.166,1.2548,0.0277,0.9601,median,-0.0101,0.0883,0.0044,Regime 2 (Subcritical),CAUTION,0.55,-0.0468,0.0037,0.0037,-0.0743,-0.0743,False,False,
BRK-B,Berkshire Hathaway Inc.,Financials,2025-Q4,2025-12-31,usd,1.25,2.0784,502.6499938964844,4341.10009765625,83.07,316.54,98.08,101.55,50.26,149.81,0.2449,0.2418,0.3889,39.9,0.063,False,0.3488,0.1135,0.1011,46.255,1.4123,0.0216,0.9685,median,-0.008,0.1034,0.0022,Regime 2 (Subcritical),CAUTION,0.55,-0.0058,0.0039,0.0039,-0.0741,-0.0741,False,False,
BRK-B,Berkshire Hathaway Inc.,Financials,2026-Q1,2026-03-31,usd,1.25,2.0784,479.20001220703125,4647.60009765625,83.18,319.71,100.18,104.65,47.92,151.93,0.2492,0.2416,0.2668,29.2,0.067,False,0.3507,-0.1259,-0.1348,-3.624,1.2793,0.0296,0.9575,median,-0.0057,-0.1056,0.0291,Regime 1 (Virtuous),HEALTHY,0.615,0.053,0.053,0.053,-0.0288,-0.0288,False,False,True
BRK-B,Berkshire Hathaway Inc.,Financials,2026-Q2,2026-06-30,usd,1.25,2.0784,500.3900146484375,4038.5,83.17,344.28,101.05,107.87,50.04,159.09,0.2422,0.2416,0.2394,28.2,0.0527,False,0.3709,-0.0292,-0.035,0.458,1.0102,0.0203,0.9705,median,-0.0037,0.0297,0.0647,Regime 1 (Virtuous),HEALTHY,0.632,0.0084,0.0084,0.0084,-0.0241,-0.0241,False,False,True
AIG,"American International Group, Inc.",Financials,2017-Q1,2017-03-31,usd,1.25,2.0784,48.99892044067383,1247.300048828125,1.53,9.77,40.01,15.35,46.18,16.67,0.3084,0.2921,0.0271,0.0,0.0465,False,0.3738,-0.1825,-0.1176,-52.026,0.8662,-0.0342,1.0,median,0.0764,-0.1154,0.0022,Regime 2 (Subcritical),CAUTION,0.55,-0.0065,-0.1095,-0.2755,-0.126,-0.3888,False,True,
AIG,"American International Group, Inc.",Financials,2017-Q2,2017-06-30,usd,1.25,2.0784,49.31544876098633,1240.699951171875,1.53,8.73,40.01,15.18,44.55,16.36,0.3114,0.2946,0.0274,0.0,0.0498,False,0.3787,-0.1525,-0.0811,1.0,0.84,-0.0019,1.0,median,0.085,-0.1078,-0.0268,Regime 2 (Subcritical),CAUTION,0.55,-0.0368,-0.1329,-0.1038,-0.1555,-0.3927,False,True,
AIG,"American International Group, Inc.",Financials,2017-Q3,2017-09-30,usd,1.25,2.0784,48.680564880371094,1281.5,1.53,8.6,40.25,14.96,43.76,16.33,0.3063,0.2968,0.0293,0.0,0.0448,False,0.3793,-0.1094,-0.0748,1.0,0.8398,0.0145,0.9786,median,0.041,-0.0943,-0.0195,Regime 2 (Subcritical),CAUTION,0.55,-0.1105,-0.1193,-0.0528,-0.151,-0.3895,False,True,
AIG,"American International Group, Inc.",Financials,2017-Q4,2017-12-31,usd,1.25,2.0784,47.49848556518555,1306.300048828125,1.7,8.6,39.86,15.16,42.7,16.33,0.3129,0.2984,0.027,0.0,0.0463,False,0.3725,-0.1785,-0.1515,1.0,0.9512,0.134,0.8327,median,0.0317,-0.1729,-0.0214,Regime 2 (Subcritical),CAUTION,0.55,-0.0985,-0.32,-0.0917,-0.3687,-0.3687,True,True,
AIG,"American International Group, Inc.",Financials,2018-Q1,2018-03-31,usd,1.25,2.0784,43.634422302246094,1322.800048828125,1.7,9.08,39.93,14.84,39.17,16.39,0.3027,0.2999,0.0292,0.0,0.054,False,0.3613,-0.1711,-0.1478,1.0,0.9488,0.0628,0.9139,median,0.0265,-0.1647,-0.0168,Regime 2 (Subcritical),CAUTION,0.55,0.0143,-0.1665,-0.4869,-0.2969,-0.6252,True,True,
AIG,"American International Group, Inc.",Financials,2018-Q2,2018-06-30,usd,1.25,2.0784,42.76270294189453,1251.300048828125,1.7,9.29,39.93,14.73,38.11,16.41,0.2992,0.3009,0.0292,0.0,0.059,False,0.3578,-0.1781,-0.1593,-49.679,0.8991,0.0421,0.9406,median,0.0211,-0.1561,0.0031,Regime 2 (Subcritical),CAUTION,0.55,-0.2655,0.0269,-0.3879,-0.3042,-0.6291,True,True,
AIG,"American International Group, Inc.",Financials,2018-Q3,2018-09-30,usd,1.25,2.0784,43.20262908935547,1191.5,1.7,9.3,40.39,14.63,38.22,16.5,0.2944,0.3014,0.0301,0.0,0.0437,False,0.36,-0.1598,-0.1458,-12.898,0.8039,0.1073,0.8613,median,0.0153,-0.1353,0.0105,Regime 2 (Subcritical),CAUTION,0.55,-0.1758,0.0787,-0.4499,-0.3047,-0.6294,True,True,
AIG,"American International Group, Inc.",Financials,2018-Q4,2018-12-31,usd,1.25,2.0784,32.25517654418945,1278.300048828125,4.44,9.3,39.36,14.82,27.95,16.98,0.3045,0.3015,0.0268,0.0,0.0465,False,0.308,-0.4718,-0.4627,-10.879,1.0437,-0.0618,1.0,median,0.0104,-0.4238,0.039,Regime 1 (Virtuous),HEALTHY,0.619,0.3846,0.3358,0.0182,-0.0167,-0.5051,False,True,True
AIG,"American International Group, Inc.",Financials,2019-Q1,2019-03-31,usd,1.25,2.0784,35.50196838378906,1293.0,4.44,8.21,41.03,14.78,30.88,17.12,0.3001,0.3017,0.0282,0.0,0.0479,False,0.3292,-0.2865,-0.2814,-5.469,0.9107,0.0813,0.8914,median,0.006,-0.2379,0.0435,Regime 1 (Virtuous),HEALTHY,0.622,0.2916,-0.3975,0.1502,-0.5599,-0.5599,True,True,False
AIG,"American International Group, Inc.",Financials,2019-Q2,2019-06-30,usd,1.25,2.0784,44.19514465332031,1409.699951171875,4.44,8.56,41.78,14.82,38.45,17.4,0.2945,0.3018,0.0285,0.0,0.0548,False,0.3397,-0.0522,-0.0498,0.149,1.041,0.0206,0.97,median,0.003,0.0087,0.0585,Regime 1 (Virtuous),HEALTHY,0.629,-0.0401,-0.4101,-0.059,-0.6426,-0.6426,True,True,False
AIG,"American International Group, Inc.",Financials,2019-Q3,2019-09-30,usd,1.25,2.0784,46.4620246887207,1465.699951171875,4.1,8.75,42.01,14.98,40.42,17.46,0.2951,0.3017,0.0278,0.0,0.0541,False,0.3458,-0.001,-0.0003,0.995,1.2042,-0.001,1.0,median,0.0009,0.056,0.0563,Regime 1 (Virtuous),HEALTHY,0.628,-0.5296,-0.49,0.0719,-0.6564,-0.6564,True,True,False
AIG,"American International Group, Inc.",Financials,2019-Q4,2019-12-31,usd,1.25,2.0784,43.08672332763672,1519.5,4.37,8.75,42.01,14.69,37.49,17.45,0.2895,0.3015,0.0304,0.0,0.0515,False,0.3385,0.2661,0.2659,10.651,0.9223,0.2442,0.7319,median,-0.0002,0.2934,0.0276,Regime 3 (Parasitic),DANGER,0.816,-0.3786,-0.2377,0.1814,-0.6295,-0.6295,True,True,True
AIG,"American International Group, Inc.",Financials,2020-Q1,2020-03-31,usd,1.25,2.0784,20.612550735473633,1583.4000244140625,4.37,8.61,42.01,15.46,17.75,17.61,0.3054,0.3011,0.0242,0.0,0.0652,False,0.3549,-0.5805,-0.5819,-19.446,1.3633,-0.1008,1.0,median,-0.002,-0.5534,0.0285,Regime 1 (Virtuous),HEALTHY,0.614,0.1496,0.9755,1.747,-0.1563,-0.1563,False,False,True
AIG,"American International Group, Inc.",Financials,2020-Q2,2020-06-30,usd,1.25,2.0784,26.774112701416016,1800.5,4.37,8.35,45.55,14.1,23.06,18.09,0.2616,0.3009,0.0415,0.0,0.0268,False,0.3707,-0.5479,-0.5499,-13.129,1.2425,0.0122,0.982,median,-0.0029,-0.511,0.0389,Regime 1 (Virtuous),HEALTHY,0.619,0.2149,0.5763,0.7333,-0.1429,-0.1429,False,False,True
AIG,"American International Group, Inc.",Financials,2020-Q3,2020-09-30,usd,1.25,2.0784,23.9042911529541,1895.5,4.0,7.96,46.18,14.13,20.59,18.07,0.2609,0.3001,0.0387,0.0,0.0262,False,0.3917,-0.7051,-0.7086,-19.692,1.1182,0.0992,0.8705,median,-0.0051,-0.6744,0.0342,Regime 1 (Virtuous),HEALTHY,0.617,0.7034,1.048,0.8135,0.0,0.0,False,False,True
AIG,"American International Group, Inc.",Financials,2020-Q4,2020-12-31,usd,1.25,2.0784,33.14087677001953,1895.0999755859375,4.39,7.96,46.92,14.56,28.55,18.46,0.2653,0.2989,0.0341,0.0,0.0255,False,0.3668,-0.3222,-0.3282,-4.859,1.0728,0.1158,0.852,median,-0.0084,-0.2722,0.056,Regime 1 (Virtuous),HEALTHY,0.628,0.2914,0.5392,0.7511,-0.0193,-0.0193,False,False,True
AIG,"American International Group, Inc.",Financials,2021-Q1,2021-03-31,usd,1.25,2.0784,40.71908950805664,1713.800048828125,4.39,8.35,46.92,15.03,34.99,18.67,0.272,0.2976,0.0277,0.0,0.0256,False,0.3567,0.6293,0.62,11.577,0.7041,0.3339,0.6663,median,-0.0118,0.6786,0.0586,Regime 3 (Parasitic),DANGER,0.95,0.2231,0.3906,0.1425,-0.0232,-0.0232,False,False,False
AIG,"American International Group, Inc.",Financials,2021-Q2,2021-06-30,usd,1.25,2.0784,42.20353317260742,1771.5999755859375,4.39,8.87,47.86,14.14,36.08,18.82,0.2492,0.2962,0.0383,0.0,0.0251,False,0.3627,0.4205,0.4083,11.429,0.7098,0.2339,0.7403,median,-0.016,0.4475,0.0392,Regime 3 (Parasitic),DANGER,0.95,0.207,0.0996,0.2677,-0.0576,-0.0576,False,False,False
AIG,"American International Group, Inc.",Financials,2021-Q3,2021-09-30,usd,1.25,2.0784,48.954856872558594,1757.0,4.39,8.96,47.86,14.78,40.92,19.0,0.2602,0.2944,0.0317,0.0,0.0248,False,0.3617,0.6511,0.6363,13.66,0.7237,0.1319,0.8348,median,-0.0191,0.6866,0.0503,Regime 3 (Parasitic),DANGER,0.95,0.1566,-0.1145,0.1579,-0.1145,-0.1145,False,False,True
AIG,"American International Group, Inc.",Financials,2021-Q4,2021-12-31,usd,1.25,2.0784,51.0104866027832,1828.5999755859375,4.36,8.96,47.69,14.65,41.76,18.91,0.2586,0.2927,0.0331,0.0,0.0241,False,0.3635,0.3721,0.3559,15.628,0.7604,0.1941,0.7745,median,-0.0212,0.3802,0.0243,Regime 3 (Parasitic),DANGER,0.922,-0.0744,0.1376,0.249,-0.1502,-0.1502,False,False,False
AIG,"American International Group, Inc.",Financials,2022-Q1,2022-03-31,usd,1.25,2.0784,56.62195587158203,1949.199951171875,4.36,8.72,47.69,15.63,45.31,19.1,0.2771,0.2909,0.0248,0.0,0.0248,False,0.3651,0.2549,0.2358,11.439,0.9974,0.0986,0.8711,median,-0.0226,0.2584,0.0226,Regime 3 (Parasitic),DANGER,0.805,-0.2315,-0.1784,0.3045,-0.2344,-0.2344,True,True,True
AIG,"American International Group, Inc.",Financials,2022-Q2,2022-06-30,usd,1.25,2.0784,46.40752029418945,1807.300048828125,4.36,8.89,47.69,15.6,35.79,19.13,0.2757,0.2893,0.0255,0.0,0.0251,False,0.3524,-0.0038,-0.0248,-0.477,1.1582,-0.1299,1.0,median,-0.0233,-0.008,0.0168,Regime 2 (Subcritical),CAUTION,0.55,0.2582,0.1529,0.5198,-0.0659,-0.0659,False,False,
AIG,"American International Group, Inc.",Financials,2022-Q3,2022-09-30,usd,1.25,2.0784,43.3505859375,1672.0,4.36,8.37,47.69,15.85,32.39,19.07,0.2828,0.288,0.0245,0.0,0.0248,False,0.3555,-0.2154,-0.2372,-65.251,1.1432,-0.1785,1.0,median,-0.0222,-0.2336,0.0036,Regime 2 (Subcritical),CAUTION,0.55,0.0732,0.3075,0.6161,0.0,0.0,False,False,
AIG,"American International Group, Inc.",Financials,2022-Q4,2022-12-31,usd,1.25,2.0784,58.03207778930664,1826.199951171875,4.63,8.37,42.13,15.7,42.6,17.71,0.3108,0.2869,0.0273,0.0,0.0242,False,0.3448,0.1057,0.0858,100.0,1.2397,-0.1436,1.0,median,-0.0201,0.0199,-0.0659,Regime 2 (Subcritical),CAUTION,0.55,-0.0735,0.1033,0.2067,-0.2456,-0.2456,True,True,
AIG,"American International Group, Inc.",Financials,2023-Q1,2023-03-31,usd,1.25,2.0784,46.5231819152832,1969.0,4.63,7.92,42.93,15.08,33.85,17.64,0.2966,0.2863,0.0334,0.0,0.0238,False,0.3394,-0.1967,-0.2121,1.0,1.1137,-0.0839,1.0,median,-0.0161,-0.2916,-0.0795,Regime 2 (Subcritical),CAUTION,0.55,0.2184,0.5877,0.7348,-0.0097,-0.0097,False,False,
AIG,"American International Group, Inc.",Financials,2023-Q2,2023-06-30,usd,1.25,2.0784,53.501075744628906,1929.4000244140625,4.63,9.07,42.97,15.62,38.39,18.07,0.3002,0.2859,0.0278,0.0,0.0244,False,0.332,0.1388,0.127,100.0,0.908,0.0933,0.8772,median,-0.012,0.07,-0.057,Regime 3 (Parasitic),DANGER,0.689,0.1909,0.3183,0.5341,-0.0035,-0.0035,False,False,False
AIG,"American International Group, Inc.",Financials,2023-Q3,2023-09-30,usd,1.25,2.0784,56.68273162841797,1866.0999755859375,4.63,8.47,42.97,15.43,39.94,17.88,0.3,0.2858,0.0279,0.0,0.0239,False,0.3417,0.282,0.274,100.0,0.9333,0.0803,0.8925,median,-0.0077,0.2094,-0.0645,Regime 3 (Parasitic),DANGER,0.832,0.315,0.2473,0.3536,-0.0235,-0.0235,False,False,False
AIG,"American International Group, Inc.",Financials,2023-Q4,2023-12-31,usd,1.25,2.0784,63.71315383911133,2071.800048828125,3.93,8.47,43.14,13.49,43.89,17.26,0.2614,0.2858,0.0566,0.0,0.0241,False,0.3713,0.0588,0.0553,100.0,0.9132,0.0303,0.9566,median,-0.0035,0.0297,-0.0256,Regime 2 (Subcritical),CAUTION,0.55,0.0895,0.0764,0.3053,-0.0304,-0.0304,False,False,
AIG,"American International Group, Inc.",Financials,2024-Q1,2024-03-31,usd,1.25,2.0784,73.86266326904297,2217.39990234375,3.93,8.06,43.53,14.91,49.56,17.61,0.289,0.2856,0.0296,0.0,0.0234,False,0.3813,0.3854,0.3832,100.0,0.8807,0.0926,0.878,median,-0.0022,0.3813,-0.0019,Regime 3 (Parasitic),DANGER,0.935,-0.045,0.1438,0.0123,-0.0914,-0.0914,False,False,False
AIG,"American International Group, Inc.",Financials,2024-Q2,2024-06-30,usd,1.25,2.0784,70.52989959716797,2339.60009765625,3.41,6.44,43.53,12.93,45.83,16.58,0.2587,0.2855,0.0175,0.0,0.0284,False,0.4034,0.2652,0.2638,100.0,0.9883,0.0797,0.8932,median,-0.0014,0.1772,-0.0865,Regime 3 (Parasitic),DANGER,0.815,-0.0092,0.1735,0.0462,-0.0581,-0.0581,False,False,False
AIG,"American International Group, Inc.",Financials,2024-Q3,2024-09-30,usd,1.25,2.0784,69.95308685302734,2659.39990234375,3.45,5.38,43.53,12.36,44.09,16.18,0.2526,0.2851,0.0172,0.0,0.0292,False,0.4127,0.2008,0.1985,100.0,1.0605,0.2344,0.7399,median,-0.0024,0.0989,-0.0996,Regime 3 (Parasitic),DANGER,0.751,0.1995,0.0958,0.0656,-0.0388,-0.0388,False,False,False
AIG,"American International Group, Inc.",Financials,2024-Q4,2024-12-31,usd,1.25,2.0784,69.9261703491211,2641.0,3.74,5.38,12.91,12.2,42.38,8.56,0.6671,0.2845,0.0154,0.0,0.0285,False,0.4551,0.6717,0.6666,1.0,1.0338,0.0849,0.887,median,-0.0049,-0.0349,-0.7014,Regime 3 (Parasitic),DANGER,0.95,0.1915,0.2003,0.066,-0.0316,-0.0316,False,False,False
AIG,"American International Group, Inc.",Financials,2025-Q1,2025-03-31,usd,1.25,2.0784,83.91175079345703,3122.800048828125,3.4,4.46,12.95,11.41,48.7,8.05,0.6552,0.2879,0.0163,0.0,0.0287,False,0.5152,0.7567,0.7647,1.0,1.3186,0.0475,0.9335,median,0.0078,-0.0175,-0.7822,Regime 3 (Parasitic),DANGER,0.95,-0.094,-0.115,-0.1117,-0.1595,-0.1595,False,False,True
AIG,"American International Group, Inc.",Financials,2025-Q2,2025-06-30,usd,1.25,2.0784,83.04431915283203,3307.699951171875,3.45,4.65,13.28,11.12,46.49,8.12,0.6203,0.2944,0.016,0.0,0.0311,False,0.4998,0.6961,0.7273,100.0,1.2442,0.0613,0.9158,median,0.0306,0.0143,-0.7131,Regime 3 (Parasitic),DANGER,0.95,0.0217,-0.1084,-0.1024,-0.1507,-0.1507,False,False,True
AIG,"American International Group, Inc.",Financials,2025-Q3,2025-09-30,usd,1.25,2.0784,76.65179443359375,3873.199951171875,3.44,5.19,13.28,10.59,41.74,8.12,0.5733,0.3029,0.0176,0.0,0.0298,False,0.4674,0.573,0.6343,1.0,1.2548,0.0277,0.9601,median,0.0604,-0.0549,-0.6892,Regime 3 (Parasitic),DANGER,0.95,-0.0312,-0.0276,-0.0276,-0.0799,-0.0799,False,False,True
AIG,"American International Group, Inc.",Financials,2025-Q4,2025-12-31,usd,1.25,2.0784,83.93091583251953,4341.10009765625,4.12,5.19,12.9,11.04,45.17,8.31,0.6102,0.3124,0.0125,0.0,0.0283,False,0.4817,-0.0021,0.0931,100.0,1.4123,0.0216,0.9685,median,0.0937,0.0637,-0.0293,Regime 2 (Subcritical),CAUTION,0.55,-0.0935,-0.1119,-0.1119,-0.1597,-0.1597,False,False,
AIG,"American International Group, Inc.",Financials,2026-Q1,2026-03-31,usd,1.25,2.0784,74.26130676269531,4647.60009765625,3.42,4.55,12.92,10.18,39.57,7.77,0.5827,0.323,0.0166,0.0,0.0295,False,0.466,-0.29,-0.1714,1.0,1.2793,0.0296,0.9575,median,0.1152,-0.2076,-0.0361,Regime 2 (Subcritical),CAUTION,0.55,0.0038,0.0038,0.0038,-0.0359,-0.0359,False,False,
AIG,"American International Group, Inc.",Financials,2026-Q2,2026-06-30,usd,1.25,2.0784,74.03954315185547,4038.5,3.42,4.92,13.08,10.08,38.85,7.87,0.5598,0.3342,0.0158,0.0,0.0296,False,0.4555,-0.2802,-0.1484,1.0,1.0102,0.0203,0.9705,median,0.1268,-0.1795,-0.0312,Regime 2 (Subcritical),CAUTION,0.55,0.0068,0.0068,0.0068,0.0,0.0,False,False,
AMZN,"Amazon.com, Inc.",Consumer Discretionary,2017-Q1,2017-03-31,usd,1.25,2.0784,44.32699966430664,1247.300048828125,3.82,3.18,32.63,4.02,423.77,10.91,0.1123,0.153,0.0016,-15.0,0.4351,False,0.7582,-0.0732,-0.1593,0.407,0.8662,-0.0342,1.0,median,-0.1014,0.1095,0.2688,Regime 2 (Subcritical),CAUTION,0.55,0.0844,0.6326,1.0087,-0.0021,-0.0021,False,False,
AMZN,"Amazon.com, Inc.",Consumer Discretionary,2017-Q2,2017-06-30,usd,1.25,2.0784,48.400001525878906,1240.699951171875,4.25,3.5,37.08,2.51,464.64,11.84,0.0619,0.1477,0.0016,-19.3,0.3913,False,0.7587,0.0502,-0.0649,0.753,0.84,-0.0019,1.0,median,-0.1369,0.1973,0.2622,Regime 2 (Subcritical),CAUTION,0.55,0.2081,0.756,0.9562,-0.0304,-0.0304,False,False,
AMZN,"Amazon.com, Inc.",Consumer Discretionary,2017-Q3,2017-09-30,usd,1.25,2.0784,48.067501068115234,1281.5,13.27,3.84,45.34,1.39,463.37,15.96,0.0282,0.1397,0.0018,-18.9,0.1733,False,0.7438,-0.2315,-0.4242,0.265,0.8398,0.0145,0.9786,median,-0.2286,0.1528,0.577,Regime 2 (Subcritical),CAUTION,0.55,0.5089,1.0882,0.8098,-0.0022,-0.0022,False,False,
AMZN,"Amazon.com, Inc.",Consumer Discretionary,2017-Q4,2017-12-31,usd,1.25,2.0784,58.4734992980957,1306.300048828125,16.72,3.84,48.87,8.51,566.02,19.48,0.1614,0.1299,0.0015,-23.3,0.3557,False,0.7433,-0.0092,-0.1754,0.724,0.9512,0.134,0.8327,median,-0.1954,0.459,0.6343,Regime 2 (Subcritical),CAUTION,0.55,0.4296,0.2632,0.5541,0.0,0.0,False,False,
AMZN,"Amazon.com, Inc.",Consumer Discretionary,2018-Q1,2018-03-31,usd,1.25,2.0784,72.36699676513672,1322.800048828125,13.39,4.27,52.33,7.71,701.96,19.42,0.1362,0.1259,0.0017,-12.2,0.3248,False,0.7548,0.1001,-0.0718,0.875,0.9488,0.0628,0.9139,median,-0.1949,0.5047,0.5765,Regime 2 (Subcritical),CAUTION,0.55,0.4599,0.2979,0.4315,-0.0204,-0.0204,False,False,
AMZN,"Amazon.com, Inc.",Consumer Discretionary,2018-Q2,2018-06-30,usd,1.25,2.0784,84.98999786376953,1251.300048828125,13.94,4.44,54.77,11.93,827.8,21.27,0.2015,0.124,0.0017,-16.5,0.3569,False,0.758,0.1471,-0.0087,0.985,0.8991,0.0421,0.9406,median,-0.1746,0.5775,0.5862,Regime 2 (Subcritical),CAUTION,0.55,-0.1376,0.1049,0.564,-0.2158,-0.2158,True,True,
AMZN,"Amazon.com, Inc.",Consumer Discretionary,2018-Q3,2018-09-30,usd,1.25,2.0784,100.1500015258789,1191.5,14.55,4.16,58.02,14.9,979.47,22.91,0.2396,0.1254,0.0017,-18.6,0.3679,False,0.7618,0.4856,0.387,2.071,0.8039,0.1073,0.8613,median,-0.1082,0.7485,0.3615,Regime 3 (Parasitic),DANGER,0.95,-0.1116,-0.1339,0.569,-0.3295,-0.3295,True,True,True
AMZN,"Amazon.com, Inc.",Consumer Discretionary,2018-Q4,2018-12-31,usd,1.25,2.0784,75.09850311279297,1278.300048828125,18.66,4.16,61.8,15.14,737.47,24.94,0.2296,0.1295,0.0015,-19.8,0.411,False,0.7443,0.0204,0.0177,1.072,1.0437,-0.0618,1.0,median,-0.0032,0.2646,0.2469,Regime 2 (Subcritical),CAUTION,0.55,0.2798,0.2303,1.1877,-0.0011,-0.0011,False,False,
AMZN,"Amazon.com, Inc.",Consumer Discretionary,2019-Q1,2019-03-31,usd,1.25,2.0784,89.0374984741211,1293.0,14.71,4.69,61.05,17.68,876.13,24.53,0.2689,0.1347,0.002,-17.0,0.3885,False,0.7541,-0.069,-0.0118,0.949,0.9107,0.0813,0.8914,median,0.0672,0.2216,0.2335,Regime 2 (Subcritical),CAUTION,0.55,-0.0489,0.0825,0.6841,-0.0758,-0.0758,False,False,
AMZN,"Amazon.com, Inc.",Consumer Discretionary,2019-Q2,2019-06-30,usd,1.25,2.0784,94.68150329589844,1409.699951171875,14.73,5.08,64.72,12.34,935.45,24.22,0.1767,0.1413,0.0021,-19.8,0.3734,False,0.7577,-0.1132,-0.0074,0.943,1.041,0.0206,0.97,median,0.1302,0.1223,0.1296,Regime 2 (Subcritical),CAUTION,0.55,-0.0273,0.3944,0.7939,-0.1278,-0.1278,False,False,
AMZN,"Amazon.com, Inc.",Consumer Discretionary,2019-Q3,2019-09-30,usd,1.25,2.0784,86.79550170898438,1465.699951171875,14.73,5.39,67.66,12.63,859.28,25.1,0.1729,0.1465,0.0019,-15.6,0.3827,False,0.7522,-0.3445,-0.2225,-1.43,1.2042,-0.001,1.0,median,0.1561,-0.1309,0.0915,Regime 2 (Subcritical),CAUTION,0.55,0.1314,0.8117,0.9017,-0.0342,-0.0342,False,False,
AMZN,"Amazon.com, Inc.",Consumer Discretionary,2019-Q4,2019-12-31,usd,1.25,2.0784,92.39199829101562,1519.5,18.8,5.39,72.7,15.52,920.22,28.1,0.1987,0.1507,0.0018,-21.1,0.4036,False,0.7499,-0.0205,0.102,1.854,0.9223,0.2442,0.7319,median,0.1522,0.2214,0.1194,Regime 2 (Subcritical),CAUTION,0.55,0.493,0.7782,0.8253,-0.0927,-0.0927,False,False,
AMZN,"Amazon.com, Inc.",Consumer Discretionary,2020-Q1,2020-03-31,usd,1.25,2.0784,97.48600006103516,1583.4000244140625,14.74,5.81,77.78,15.96,972.91,28.57,0.1909,0.1546,0.002,-22.2,0.3953,False,0.752,-0.1429,-0.0476,0.688,1.3633,-0.1008,1.0,median,0.138,0.1048,0.1524,Regime 2 (Subcritical),CAUTION,0.55,0.613,0.5869,0.672,-0.0221,-0.0221,False,False,
AMZN,"Amazon.com, Inc.",Consumer Discretionary,2020-Q2,2020-06-30,usd,1.25,2.0784,137.9409942626953,1800.5,14.75,6.32,86.52,23.37,1382.17,32.74,0.2518,0.158,0.002,-34.1,0.4285,False,0.7613,0.012,0.0888,1.295,1.2425,0.0122,0.982,median,0.1119,0.3904,0.3016,Regime 2 (Subcritical),CAUTION,0.55,0.2041,0.247,-0.23,0.0,-0.2583,False,True,
AMZN,"Amazon.com, Inc.",Consumer Discretionary,2020-Q3,2020-09-30,usd,1.25,2.0784,157.43649291992188,1895.5,14.96,6.67,99.98,24.78,1580.66,36.6,0.2323,0.162,0.002,-35.5,0.3972,False,0.7623,0.1634,0.2326,1.617,1.1182,0.0992,0.8705,median,0.1004,0.6095,0.3769,Regime 2 (Subcritical),CAUTION,0.55,-0.0174,0.0433,-0.2823,-0.0625,-0.3502,False,True,
AMZN,"Amazon.com, Inc.",Consumer Discretionary,2020-Q4,2020-12-31,usd,1.25,2.0784,162.84649658203125,1895.0999755859375,20.0,6.67,99.98,27.49,1638.24,38.54,0.2578,0.1661,0.0018,-36.7,0.4234,False,0.7616,0.1922,0.2611,1.827,1.0728,0.1158,0.852,median,0.0969,0.5768,0.3157,Regime 2 (Subcritical),CAUTION,0.55,0.0541,0.0238,-0.4842,-0.0936,-0.4976,False,True,
AMZN,"Amazon.com, Inc.",Consumer Discretionary,2021-Q1,2021-03-31,usd,1.25,2.0784,154.70399475097656,1713.800048828125,15.22,7.95,99.98,35.46,1559.42,39.65,0.3285,0.1705,0.002,-38.2,0.3994,False,0.7584,0.0669,0.144,1.439,0.7041,0.3339,0.6663,median,0.0977,0.4718,0.3278,Regime 2 (Subcritical),CAUTION,0.55,0.0669,0.0536,-0.3323,-0.1208,-0.4711,False,True,
AMZN,"Amazon.com, Inc.",Consumer Discretionary,2021-Q2,2021-06-30,usd,1.25,2.0784,172.00799560546875,1771.5999755859375,15.35,8.63,99.98,30.81,1740.72,38.69,0.2836,0.176,0.0022,-38.0,0.3938,False,0.7637,-0.0185,0.0636,1.381,0.7098,0.2339,0.7403,median,0.108,0.2306,0.1671,Regime 2 (Subcritical),CAUTION,0.55,-0.0163,-0.3825,-0.2421,-0.4052,-0.5243,True,True,
AMZN,"Amazon.com, Inc.",Consumer Discretionary,2021-Q3,2021-09-30,usd,1.25,2.0784,164.2519989013672,1757.0,15.35,8.61,99.98,19.41,1665.52,35.84,0.1787,0.1817,0.0024,-35.3,0.3339,False,0.765,-0.0148,0.0733,100.0,0.7237,0.1319,0.8348,median,0.1146,0.0523,-0.021,Regime 2 (Subcritical),CAUTION,0.55,-0.0076,-0.312,-0.2261,-0.3771,-0.5019,True,True,
AMZN,"Amazon.com, Inc.",Consumer Discretionary,2021-Q4,2021-12-31,usd,1.25,2.0784,166.7169952392578,1828.5999755859375,20.48,8.61,99.98,19.41,1697.18,37.12,0.1787,0.186,0.0178,-214.1,0.3487,False,0.7644,-0.014,0.0728,100.0,0.7604,0.1941,0.7745,median,0.1132,0.0353,-0.0374,Regime 2 (Subcritical),CAUTION,0.55,-0.3428,-0.4962,-0.0886,-0.5092,-0.5092,True,True,
AMZN,"Amazon.com, Inc.",Consumer Discretionary,2022-Q1,2022-03-31,usd,1.25,2.0784,162.99749755859375,1949.199951171875,20.23,10.38,99.98,14.68,1659.31,36.32,0.133,0.1892,0.0024,-20.6,0.3249,False,0.7644,0.0622,0.15,100.0,0.9974,0.0986,0.8711,median,0.1042,0.0621,-0.0879,Regime 2 (Subcritical),CAUTION,0.55,-0.2957,-0.3663,0.1066,-0.498,-0.498,True,True,
AMZN,"Amazon.com, Inc.",Consumer Discretionary,2022-Q2,2022-06-30,usd,1.25,2.0784,106.20999908447266,1807.300048828125,20.2,11.61,99.98,13.27,1081.54,36.26,0.1189,0.1909,0.0024,-19.2,0.2827,False,0.7451,-0.4846,-0.4111,1.0,1.1582,-0.1299,1.0,median,0.0814,-0.4759,-0.0648,Regime 2 (Subcritical),CAUTION,0.55,-0.2074,0.2274,0.8195,-0.2296,-0.2296,True,True,
AMZN,"Amazon.com, Inc.",Consumer Discretionary,2022-Q3,2022-09-30,usd,1.25,2.0784,113.0,1672.0,20.17,12.24,99.98,10.1,1152.37,35.62,0.09,0.1914,0.0023,-14.5,0.2599,False,0.7495,-0.4135,-0.3623,1.0,1.1432,-0.1785,1.0,median,0.0521,-0.3683,-0.006,Regime 2 (Subcritical),CAUTION,0.55,-0.0859,0.125,0.6635,-0.2759,-0.2759,True,True,
AMZN,"Amazon.com, Inc.",Consumer Discretionary,2022-Q4,2022-12-31,usd,1.25,2.0784,84.0,1826.199951171875,26.39,12.24,99.98,10.1,860.33,37.18,0.09,0.1906,0.0376,-294.8,0.2111,False,0.7289,-0.7051,-0.681,-437.041,1.2397,-0.1436,1.0,median,0.0244,-0.6794,0.0016,Regime 2 (Subcritical),CAUTION,0.55,0.519,0.7704,1.5787,-0.0315,-0.0315,False,False,
AMZN,"Amazon.com, Inc.",Consumer Discretionary,2023-Q1,2023-03-31,usd,1.25,2.0784,103.29000091552734,1969.0,22.75,12.17,99.98,19.1,1059.55,38.5,0.1703,0.1888,0.0025,-17.1,0.2977,False,0.7402,-0.5049,-0.507,-7.681,1.1137,-0.0839,1.0,median,-0.0022,-0.4486,0.0584,Regime 2 (Subcritical),CAUTION,0.55,0.2307,0.7463,0.8658,-0.0529,-0.0529,False,False,
AMZN,"Amazon.com, Inc.",Consumer Discretionary,2023-Q2,2023-06-30,usd,1.25,2.0784,130.36000061035156,1929.4000244140625,22.79,12.81,99.98,30.72,1344.4,41.57,0.2724,0.1871,0.0024,-16.2,0.3221,False,0.7491,0.1008,0.0809,1.592,0.908,0.0933,0.8772,median,-0.0202,0.2176,0.1367,Regime 2 (Subcritical),CAUTION,0.55,0.1655,0.4824,0.7129,-0.0828,-0.0828,False,False,
AMZN,"Amazon.com, Inc.",Consumer Discretionary,2023-Q3,2023-09-30,usd,1.25,2.0784,127.12000274658203,1866.0999755859375,22.75,10.24,99.98,44.75,1313.15,44.43,0.406,0.1868,0.0023,-16.8,0.3098,False,0.7441,-0.0645,-0.0903,0.591,0.9333,0.0803,0.8925,median,-0.0245,0.1306,0.221,Regime 2 (Subcritical),CAUTION,0.55,0.3933,0.452,0.7161,-0.0764,-0.0764,False,False,
AMZN,"Amazon.com, Inc.",Consumer Discretionary,2023-Q4,2023-12-31,usd,1.25,2.0784,151.94000244140625,2071.800048828125,30.48,10.24,99.98,44.75,1577.59,46.36,0.406,0.1889,0.0097,-66.7,0.3341,False,0.7515,0.3941,0.3855,2.746,0.9132,0.0303,0.9566,median,-0.0087,0.6063,0.2208,Regime 3 (Parasitic),DANGER,0.894,0.2889,0.476,0.5509,-0.0357,-0.0357,False,False,False
AMZN,"Amazon.com, Inc.",Consumer Discretionary,2024-Q1,2024-03-31,usd,1.25,2.0784,180.3800048828125,2217.39990234375,22.77,10.97,99.98,61.23,1876.49,48.74,0.5519,0.193,0.0025,-22.3,0.3322,False,0.7573,0.3132,0.3358,2.424,0.8807,0.0926,0.878,median,0.0221,0.5716,0.2358,Regime 2 (Subcritical),CAUTION,0.55,0.0387,0.0513,0.1509,-0.1102,-0.1102,False,False,
AMZN,"Amazon.com, Inc.",Consumer Discretionary,2024-Q2,2024-06-30,usd,1.25,2.0784,193.25,2339.60009765625,22.88,12.16,99.98,58.69,2027.19,48.43,0.5233,0.2,0.0026,-28.1,0.3282,False,0.7608,0.1892,0.2581,2.692,0.9883,0.0797,0.8932,median,0.0668,0.4107,0.1526,Regime 2 (Subcritical),CAUTION,0.55,0.1346,0.1125,0.2086,-0.1835,-0.1835,False,False,
AMZN,"Amazon.com, Inc.",Consumer Discretionary,2024-Q3,2024-09-30,usd,1.25,2.0784,186.3300018310547,2659.39990234375,23.08,10.85,99.98,69.64,1958.51,50.89,0.6284,0.2091,0.0025,-25.0,0.3101,False,0.7572,0.1534,0.264,2.946,1.0605,0.2344,0.7399,median,0.1127,0.3998,0.1357,Regime 2 (Subcritical),CAUTION,0.55,0.0211,0.1784,0.3731,-0.102,-0.102,False,False,
AMZN,"Amazon.com, Inc.",Consumer Discretionary,2024-Q4,2024-12-31,usd,1.25,2.0784,219.38999938964844,2641.0,31.68,10.85,252.66,69.64,2324.0,91.21,0.2643,0.2207,0.0074,-58.3,0.341,False,0.7357,-0.4528,-0.2893,0.573,1.0338,0.0849,0.887,median,0.1552,0.3874,0.6766,Regime 2 (Subcritical),CAUTION,0.55,0.0049,0.0521,0.1662,-0.2373,-0.2373,True,True,
AMZN,"Amazon.com, Inc.",Consumer Discretionary,2025-Q1,2025-03-31,usd,1.25,2.0784,190.25999450683594,3122.800048828125,23.09,10.51,252.66,73.62,2019.23,89.97,0.2797,0.2304,0.0028,-31.5,0.3097,False,0.727,-0.7208,-0.5397,0.12,1.3186,0.0475,0.9335,median,0.177,0.0733,0.6131,Regime 2 (Subcritical),CAUTION,0.55,0.1677,0.0947,0.3448,-0.1206,-0.1206,False,False,
AMZN,"Amazon.com, Inc.",Consumer Discretionary,2025-Q2,2025-06-30,usd,1.25,2.0784,219.38999938964844,3307.699951171875,23.16,11.86,252.66,76.68,2338.7,91.09,0.2899,0.2386,0.0028,-33.7,0.2934,False,0.7362,-0.669,-0.4888,0.226,1.2442,0.0613,0.9158,median,0.1764,0.1429,0.6318,Regime 2 (Subcritical),CAUTION,0.55,0.0578,0.0864,0.1662,-0.0939,-0.0939,False,False,
AMZN,"Amazon.com, Inc.",Consumer Discretionary,2025-Q3,2025-09-30,usd,1.25,2.0784,219.57000732421875,3873.199951171875,23.26,11.5,252.66,69.69,2346.54,89.28,0.2638,0.2458,0.0028,-35.5,0.2889,False,0.7378,-0.5454,-0.3813,0.322,1.2548,0.0277,0.9601,median,0.1618,0.1808,0.5621,Regime 2 (Subcritical),CAUTION,0.55,-0.0515,0.1653,0.1653,-0.0946,-0.0946,False,False,
AMZN,"Amazon.com, Inc.",Consumer Discretionary,2025-Q4,2025-12-31,usd,1.25,2.0784,230.82000732421875,4341.10009765625,32.47,11.5,357.02,69.69,2476.93,117.67,0.1891,0.2517,0.0096,-95.7,0.316,False,0.7228,-0.3248,-0.191,0.25,1.4123,0.0216,0.9685,median,0.1318,0.0637,0.2547,Regime 2 (Subcritical),CAUTION,0.55,0.0471,0.1085,0.1085,-0.1388,-0.1388,False,False,
AMZN,"Amazon.com, Inc.",Consumer Discretionary,2026-Q1,2026-03-31,usd,1.25,2.0784,208.27000427246094,4647.60009765625,23.45,10.35,357.02,95.41,2239.74,121.56,0.2597,0.2559,0.0035,-54.1,0.3152,False,0.7116,-0.3055,-0.1973,0.344,1.2793,0.0296,0.9575,median,0.1051,0.1036,0.3009,Regime 2 (Subcritical),CAUTION,0.55,0.2285,0.2285,0.2285,0.0,0.0,False,False,
AMZN,"Amazon.com, Inc.",Consumer Discretionary,2026-Q2,2026-06-30,usd,1.25,2.0784,238.33999633789062,4038.5,23.5,11.15,357.02,109.84,2570.02,125.38,0.2983,0.2593,0.0037,-64.1,0.2711,False,0.7203,-0.3114,-0.2252,0.295,1.0102,0.0203,0.9705,median,0.083,0.0943,0.3195,Regime 2 (Subcritical),CAUTION,0.55,0.0735,0.0735,0.0735,-0.049,-0.049,False,False,
TSLA,"Tesla, Inc.",Consumer Discretionary,2017-Q1,2017-03-31,usd,1.25,2.0784,18.553333282470703,1247.300048828125,0.43,3.7,7.02,2.67,45.69,3.45,0.2493,0.2311,0.1364,21.4,-0.0067,True,0.6718,-0.367,-0.1569,0.762,0.8662,-0.0342,1.0,median,0.2473,0.5028,0.6598,Regime 2 (Subcritical),CAUTION,0.55,0.2257,-0.0437,0.0056,-0.0737,-0.0997,False,False,
TSLA,"Tesla, Inc.",Consumer Discretionary,2017-Q2,2017-06-30,usd,1.25,2.0784,24.107332229614258,1240.699951171875,0.42,3.63,8.4,2.67,60.34,3.78,0.2217,0.2364,0.1165,18.2,-0.0202,True,0.6948,-0.2238,0.0034,1.005,0.84,-0.0019,1.0,median,0.2702,0.6805,0.6771,Regime 2 (Subcritical),CAUTION,0.55,-0.139,-0.0516,-0.382,-0.3018,-0.5051,True,True,
TSLA,"Tesla, Inc.",Consumer Discretionary,2017-Q3,2017-09-30,usd,1.25,2.0784,22.739999771118164,1281.5,0.42,3.94,9.39,1.8,57.31,3.89,0.1347,0.2378,0.1397,21.7,-0.2009,True,0.687,-0.0841,0.1463,1.304,0.8398,0.0145,0.9786,median,0.2734,0.6285,0.4822,Regime 2 (Subcritical),CAUTION,0.55,-0.2208,-0.2248,-0.2947,-0.2607,-0.476,True,True,
TSLA,"Tesla, Inc.",Consumer Discretionary,2017-Q4,2017-12-31,usd,1.25,2.0784,20.75666618347168,1306.300048828125,0.42,3.94,10.03,1.76,52.55,4.04,0.1257,0.2331,0.0531,8.9,0.2186,False,0.6724,-0.0744,-0.0287,0.936,0.9512,0.134,0.8327,median,0.0538,0.4202,0.4489,Regime 2 (Subcritical),CAUTION,0.55,0.0699,0.0383,0.3051,-0.2183,-0.4416,True,True,
TSLA,"Tesla, Inc.",Consumer Discretionary,2018-Q1,2018-03-31,usd,1.25,2.0784,17.742000579833984,1322.800048828125,0.41,4.21,10.52,1.83,45.18,4.24,0.1239,0.2259,0.0894,16.3,-0.1918,True,0.6445,-0.1964,-0.2164,-0.055,0.9488,0.0628,0.9139,median,-0.0226,-0.0113,0.2052,Regime 2 (Subcritical),CAUTION,0.55,0.0487,0.1084,0.9888,-0.0076,-0.2912,False,True,
TSLA,"Tesla, Inc.",Consumer Discretionary,2018-Q2,2018-06-30,usd,1.25,2.0784,22.863332748413086,1251.300048828125,0.36,4.55,10.97,2.48,58.48,4.59,0.1595,0.218,0.1,20.9,-0.1966,True,0.669,-0.1528,-0.2253,-0.161,0.8991,0.0421,0.9406,median,-0.0813,-0.0313,0.194,Regime 2 (Subcritical),CAUTION,0.55,-0.0036,-0.3331,2.0124,-0.4659,-0.4659,True,True,
TSLA,"Tesla, Inc.",Consumer Discretionary,2018-Q3,2018-09-30,usd,1.25,2.0784,17.65133285522461,1191.5,0.36,4.32,11.25,6.09,45.43,5.51,0.3915,0.2113,0.0311,10.6,0.0866,False,0.5949,-0.4727,-0.5805,-0.667,0.8039,0.1073,0.8613,median,-0.1183,-0.2323,0.3481,Regime 2 (Subcritical),CAUTION,0.55,-0.0993,-0.2248,5.744,-0.424,-0.424,True,True,
TSLA,"Tesla, Inc.",Consumer Discretionary,2018-Q4,2018-12-31,usd,1.25,2.0784,22.18666648864746,1278.300048828125,0.35,4.32,11.33,5.77,57.44,5.44,0.3687,0.2122,0.0178,6.3,0.2214,False,0.6394,-0.128,-0.2104,0.297,1.0437,-0.0618,1.0,median,-0.0939,0.0889,0.2993,Regime 2 (Subcritical),CAUTION,0.55,-0.3174,0.257,9.4384,-0.4622,-0.4622,True,True,
TSLA,"Tesla, Inc.",Consumer Discretionary,2019-Q1,2019-03-31,usd,1.25,2.0784,18.657333374023438,1293.0,0.35,4.18,9.85,2.26,48.61,4.16,0.1613,0.2168,0.1506,34.6,-0.1411,True,0.657,0.1278,0.0928,100.0,0.9107,0.0813,0.8914,median,-0.0411,0.0732,-0.0196,Regime 3 (Parasitic),DANGER,0.778,-0.1627,0.7364,9.99,-0.3811,-0.3811,True,True,True
TSLA,"Tesla, Inc.",Consumer Discretionary,2019-Q2,2019-06-30,usd,1.25,2.0784,14.897333145141602,1409.699951171875,0.48,3.88,10.08,3.68,40.03,4.53,0.2638,0.2186,0.0711,20.7,0.0155,False,0.6096,-0.3691,-0.3668,1.0,1.041,0.0206,0.97,median,0.0028,-0.3791,-0.0123,Regime 2 (Subcritical),CAUTION,0.55,0.8945,3.4431,13.9835,-0.0694,-0.0694,False,False,
TSLA,"Tesla, Inc.",Consumer Discretionary,2019-Q3,2019-09-30,usd,1.25,2.0784,16.058000564575195,1465.699951171875,0.54,3.72,10.19,4.76,43.36,4.8,0.3425,0.2208,0.0654,18.4,0.0678,False,0.6125,0.0556,0.0898,1.0,1.2042,-0.001,1.0,median,0.0438,-0.0467,-0.1365,Regime 2 (Subcritical),CAUTION,0.55,1.0847,7.6991,15.2185,-0.0392,-0.0392,False,False,
TSLA,"Tesla, Inc.",Consumer Discretionary,2019-Q4,2019-12-31,usd,1.25,2.0784,27.8886661529541,1519.5,0.54,3.72,10.4,5.56,75.72,5.05,0.3942,0.2247,0.0388,12.2,0.4005,False,0.6873,0.3045,0.3505,100.0,0.9223,0.2442,0.7319,median,0.0571,0.2762,-0.0742,Regime 3 (Parasitic),DANGER,0.855,1.5812,7.3042,11.793,-0.1365,-0.1365,False,False,False
TSLA,"Tesla, Inc.",Consumer Discretionary,2020-Q1,2020-03-31,usd,1.25,2.0784,34.93333435058594,1583.4000244140625,0.52,3.8,10.64,4.94,96.94,4.97,0.3418,0.2306,0.1257,29.5,0.1647,False,0.7141,0.469,0.5116,3.863,1.3633,-0.1008,1.0,median,0.0617,0.6903,0.1787,Regime 3 (Parasitic),DANGER,0.95,2.9988,5.3734,9.2824,-0.1327,-0.1327,False,False,False
TSLA,"Tesla, Inc.",Consumer Discretionary,2020-Q2,2020-06-30,usd,1.25,2.0784,71.98733520507812,1800.5,0.51,3.76,11.01,5.07,200.84,5.09,0.3432,0.2368,0.1286,29.7,0.2076,False,0.7584,1.443,1.4979,14.008,1.2425,0.0122,0.982,median,0.0799,1.613,0.1152,Regime 3 (Parasitic),DANGER,0.95,2.0838,2.1473,2.1182,0.0,0.0,False,False,False
TSLA,"Tesla, Inc.",Consumer Discretionary,2020-Q3,2020-09-30,usd,1.25,2.0784,143.00332641601562,1895.5,0.52,5.02,11.85,8.25,406.7,6.41,0.4893,0.243,0.0293,8.2,0.4258,False,0.7743,1.8839,1.9501,7.758,1.1182,0.0992,0.8705,median,0.0961,2.2386,0.2886,Regime 3 (Parasitic),DANGER,0.95,0.5569,0.8076,0.8549,-0.0955,-0.0955,False,False,False
TSLA,"Tesla, Inc.",Consumer Discretionary,2020-Q4,2020-12-31,usd,1.25,2.0784,235.22332763671875,1895.0999755859375,0.52,5.02,12.75,8.26,677.44,6.64,0.4652,0.2515,0.0033,-9.5,0.5396,False,0.7841,1.8389,1.9189,8.045,1.0728,0.1158,0.852,median,0.1126,2.1913,0.2724,Regime 3 (Parasitic),DANGER,0.95,-0.0393,0.4976,-0.4763,-0.2022,-0.5362,True,True,True
TSLA,"Tesla, Inc.",Consumer Discretionary,2021-Q1,2021-03-31,usd,1.25,2.0784,222.64332580566406,1713.800048828125,0.51,6.89,13.87,8.86,643.22,7.53,0.4269,0.261,0.0035,-11.5,0.4192,False,0.781,1.3801,1.4776,4.562,0.7041,0.3339,0.6663,median,0.1236,1.8924,0.4148,Regime 3 (Parasitic),DANGER,0.95,0.1697,0.6133,-0.0682,-0.1564,-0.5145,False,True,True
TSLA,"Tesla, Inc.",Consumer Discretionary,2021-Q2,2021-06-30,usd,1.25,2.0784,226.56666564941406,1771.5999755859375,0.49,6.2,15.66,11.54,668.82,8.47,0.5277,0.2704,0.0032,-12.2,0.4599,False,0.7794,0.5919,0.6929,2.358,0.7098,0.2339,0.7403,median,0.1329,1.203,0.5101,Regime 3 (Parasitic),DANGER,0.95,0.598,-0.0092,0.1554,-0.0758,-0.5229,False,True,True
TSLA,"Tesla, Inc.",Consumer Discretionary,2021-Q3,2021-09-30,usd,1.25,2.0784,258.49334716796875,1757.0,0.47,6.42,17.3,14.64,778.58,9.71,0.6173,0.2812,0.0029,-14.7,0.468,False,0.7798,0.1224,0.2343,1.564,0.7237,0.1319,0.8348,median,0.1457,0.6494,0.4151,Regime 2 (Subcritical),CAUTION,0.55,0.3896,0.0261,-0.032,-0.19,-0.5818,False,True,
TSLA,"Tesla, Inc.",Consumer Discretionary,2021-Q4,2021-12-31,usd,1.25,2.0784,352.260009765625,1828.5999755859375,0.46,6.42,18.88,14.64,1091.65,10.1,0.5786,0.2938,0.0035,-34.8,0.4677,False,0.785,-0.062,0.0572,1.136,0.7604,0.1941,0.7745,median,0.1555,0.4771,0.4199,Regime 2 (Subcritical),CAUTION,0.55,-0.3548,-0.6503,-0.2946,-0.6903,-0.6931,True,True,
TSLA,"Tesla, Inc.",Consumer Discretionary,2022-Q1,2022-03-31,usd,1.25,2.0784,359.20001220703125,1949.199951171875,0.45,7.43,20.03,21.84,1116.39,12.44,0.7955,0.3071,0.0024,-19.5,0.4227,False,0.7819,-0.0878,0.0496,1.099,0.9974,0.0986,0.8711,median,0.163,0.5514,0.5018,Regime 2 (Subcritical),CAUTION,0.55,-0.2533,-0.4224,-0.5106,-0.6991,-0.6991,True,True,
TSLA,"Tesla, Inc.",Consumer Discretionary,2022-Q2,2022-06-30,usd,1.25,2.0784,224.47332763671875,1807.300048828125,0.44,6.51,21.09,16.94,701.03,11.24,0.6135,0.3236,0.0028,-11.1,0.4494,False,0.7739,-0.3983,-0.2362,0.166,1.1582,-0.1299,1.0,median,0.1793,0.047,0.2833,Regime 2 (Subcritical),CAUTION,0.55,-0.4573,0.1662,-0.1185,-0.5184,-0.5184,True,True,
TSLA,"Tesla, Inc.",Consumer Discretionary,2022-Q3,2022-09-30,usd,1.25,2.0784,265.25,1672.0,0.42,6.78,21.93,21.53,837.66,12.66,0.7501,0.3398,0.0024,-11.0,0.4347,False,0.7754,-0.3787,-0.1926,0.275,1.1432,-0.1785,1.0,median,0.1895,0.0731,0.2658,Regime 2 (Subcritical),CAUTION,0.55,-0.2179,-0.0567,-0.0181,-0.5925,-0.5925,True,True,
TSLA,"Tesla, Inc.",Consumer Discretionary,2022-Q4,2022-12-31,usd,1.25,2.0784,123.18000030517578,1826.199951171875,0.41,6.78,23.55,21.53,389.74,13.07,0.7099,0.3574,0.0031,-3.9,0.4294,False,0.7446,-1.481,-1.2874,-4.001,1.2397,-0.1436,1.0,median,0.1959,-1.03,0.2574,Regime 2 (Subcritical),CAUTION,0.55,1.4216,1.2986,2.8613,0.0,0.0,False,False,
TSLA,"Tesla, Inc.",Consumer Discretionary,2023-Q1,2023-03-31,usd,1.25,2.0784,207.4600067138672,1969.0,0.4,7.39,24.97,18.04,657.44,12.7,0.5577,0.3752,0.0109,4.3,0.4081,False,0.7684,-0.741,-0.5504,-25.328,1.1137,-0.0839,1.0,median,0.2001,-0.5295,0.0209,Regime 2 (Subcritical),CAUTION,0.55,0.2061,-0.1527,0.2704,-0.2589,-0.3153,True,True,
TSLA,"Tesla, Inc.",Consumer Discretionary,2023-Q2,2023-06-30,usd,1.25,2.0784,261.7699890136719,1929.4000244140625,0.47,8.54,26.39,18.13,830.86,13.38,0.5192,0.3912,0.0212,8.5,0.4051,False,0.7738,-0.1907,-0.004,0.977,0.908,0.0933,0.8772,median,0.1899,0.1699,0.1739,Regime 2 (Subcritical),CAUTION,0.55,-0.0508,-0.2441,0.2363,-0.4573,-0.4573,True,True,
TSLA,"Tesla, Inc.",Consumer Discretionary,2023-Q3,2023-09-30,usd,1.25,2.0784,250.22000122070312,1866.0999755859375,0.44,9.66,27.74,16.71,795.45,13.64,0.4468,0.4053,0.0243,8.8,0.4191,False,0.772,-0.3117,-0.126,-0.696,0.9333,0.0803,0.8925,median,0.1763,-0.0517,0.0743,Regime 2 (Subcritical),CAUTION,0.55,-0.3013,0.0352,0.7616,-0.4354,-0.4354,True,True,
TSLA,"Tesla, Inc.",Consumer Discretionary,2023-Q4,2023-12-31,usd,1.25,2.0784,248.47999572753906,2071.800048828125,0.43,9.66,29.73,16.71,791.41,14.13,0.4244,0.4169,0.078,14.9,0.4321,False,0.7709,0.4777,0.6299,9.033,0.9132,0.0303,0.9566,median,0.1541,0.7083,0.0784,Regime 3 (Parasitic),DANGER,0.95,-0.2034,0.6803,0.8293,-0.4282,-0.4282,True,True,True
TSLA,"Tesla, Inc.",Consumer Discretionary,2024-Q1,2024-03-31,usd,1.25,2.0784,175.7899932861328,2217.39990234375,0.42,10.1,31.44,14.78,560.59,14.19,0.3559,0.4262,0.0823,23.4,0.3788,False,0.7585,-0.3998,-0.27,-1.441,0.8807,0.0926,0.878,median,0.1274,-0.1594,0.1106,Regime 2 (Subcritical),CAUTION,0.55,0.4865,0.4791,1.1216,-0.1893,-0.1893,False,False,
TSLA,"Tesla, Inc.",Consumer Discretionary,2024-Q2,2024-06-30,usd,1.25,2.0784,197.8800048828125,2339.60009765625,0.41,9.4,32.9,18.31,632.03,15.26,0.4328,0.4328,0.0556,18.4,0.4009,False,0.7604,-0.5089,-0.4048,-2.083,0.9883,0.0797,0.8932,median,0.1009,-0.2735,0.1313,Regime 2 (Subcritical),CAUTION,0.55,1.0569,0.5137,1.0042,-0.0862,-0.0862,False,False,
TSLA,"Tesla, Inc.",Consumer Discretionary,2024-Q3,2024-09-30,usd,1.25,2.0784,261.6300048828125,2659.39990234375,0.41,8.9,36.12,19.99,839.05,16.35,0.444,0.438,0.0373,11.5,0.4326,False,0.7682,-0.2044,-0.1282,0.294,1.0605,0.2344,0.7399,median,0.0776,0.0534,0.1816,Regime 2 (Subcritical),CAUTION,0.55,-0.0094,0.6998,0.4516,-0.1834,-0.1834,False,False,
TSLA,"Tesla, Inc.",Consumer Discretionary,2024-Q4,2024-12-31,usd,1.25,2.0784,403.8399963378906,2641.0,0.39,8.9,35.84,19.99,1298.75,16.28,0.4468,0.4423,0.1022,20.4,0.453,False,0.7797,0.2915,0.3538,3.5,1.0338,0.0849,0.887,median,0.0591,0.4953,0.1415,Regime 2 (Subcritical),CAUTION,0.55,-0.2554,0.1136,-0.0596,-0.4506,-0.4506,True,True,
TSLA,"Tesla, Inc.",Consumer Discretionary,2025-Q1,2025-03-31,usd,1.25,2.0784,259.1600036621094,3122.800048828125,0.39,10.64,37.09,12.61,834.5,15.18,0.2642,0.4457,0.085,19.2,0.3875,False,0.7704,0.2839,0.3299,5.853,1.3186,0.0475,0.9335,median,0.0449,0.3978,0.068,Regime 3 (Parasitic),DANGER,0.884,0.7102,0.4344,0.4655,-0.1439,-0.1439,False,False,False
TSLA,"Tesla, Inc.",Consumer Discretionary,2025-Q2,2025-06-30,usd,1.25,2.0784,317.6600036621094,3307.699951171875,0.4,11.82,38.57,15.51,1024.14,16.58,0.3078,0.4467,0.087,22.2,0.3982,False,0.7737,0.3676,0.3998,5.827,1.2442,0.0613,0.9158,median,0.0316,0.4827,0.0828,Regime 3 (Parasitic),DANGER,0.95,0.447,0.3241,0.1956,-0.0747,-0.0747,False,False,False
TSLA,"Tesla, Inc.",Consumer Discretionary,2025-Q3,2025-09-30,usd,1.25,2.0784,444.7200012207031,3873.199951171875,0.39,12.77,39.41,20.22,1478.25,18.19,0.3875,0.446,0.0428,13.1,0.4358,False,0.78,0.4414,0.4597,5.309,1.2548,0.0277,0.9601,median,0.018,0.5663,0.1067,Regime 3 (Parasitic),DANGER,0.95,-0.1641,-0.146,-0.146,-0.3292,-0.3292,True,True,True
TSLA,"Tesla, Inc.",Consumer Discretionary,2025-Q4,2025-12-31,usd,1.25,2.0784,449.7200012207031,4341.10009765625,0.38,12.77,39.41,20.22,1686.9,18.19,0.3875,0.4449,0.0932,16.6,0.4652,False,0.7825,0.1445,0.1504,2.353,1.4123,0.0216,0.9685,median,0.0058,0.2615,0.1111,Regime 2 (Subcritical),CAUTION,0.55,-0.0543,-0.1555,-0.1555,-0.3367,-0.3367,True,True,
TSLA,"Tesla, Inc.",Consumer Discretionary,2026-Q1,2026-03-31,usd,1.25,2.0784,371.75,4647.60009765625,0.38,15.12,39.41,18.88,1395.92,18.45,0.3463,0.4434,0.065,14.8,0.4158,False,0.7785,0.3252,0.3198,2.643,1.2793,0.0296,0.9575,median,-0.0053,0.5145,0.1947,Regime 2 (Subcritical),CAUTION,0.55,0.0216,0.0216,0.0216,-0.1975,-0.1975,False,False,
TSLA,"Tesla, Inc.",Consumer Discretionary,2026-Q2,2026-06-30,usd,1.25,2.0784,420.6000061035156,4038.5,0.38,17.41,39.41,19.0,1660.95,19.05,0.3345,0.4412,0.0256,7.1,0.3872,False,0.7814,0.357,0.3443,3.474,1.0102,0.0203,0.9705,median,-0.0122,0.4835,0.1392,Regime 3 (Parasitic),DANGER,0.857,-0.097,-0.097,-0.097,-0.2907,-0.2907,True,True,True
HD,"The Home Depot, Inc.",Consumer Discretionary,2017-Q1,2017-03-31,usd,1.25,2.0784,116.36761474609375,1247.300048828125,2.1,17.44,21.79,32.62,139.29,18.49,0.8313,0.8303,0.0441,34.2,0.0833,False,0.572,0.0453,0.0858,5.878,0.8662,-0.0342,1.0,median,0.0477,0.1034,0.0176,Regime 2 (Subcritical),CAUTION,0.55,0.127,0.2414,0.3691,-0.0096,-0.0096,False,False,
HD,"The Home Depot, Inc.",Consumer Discretionary,2017-Q2,2017-06-30,usd,1.25,2.0784,122.27709197998047,1240.699951171875,2.23,18.2,22.04,37.84,144.41,20.08,0.9407,0.8281,0.0317,28.3,0.0495,False,0.5629,0.0712,0.1091,3.897,0.84,-0.0019,1.0,median,0.0451,0.1468,0.0377,Regime 2 (Subcritical),CAUTION,0.55,0.2491,0.3004,0.422,-0.0575,-0.0575,False,False,
HD,"The Home Depot, Inc.",Consumer Discretionary,2017-Q3,2017-09-30,usd,1.25,2.0784,131.1467742919922,1281.5,2.22,18.06,21.96,34.59,153.18,19.21,0.8645,0.8345,0.043,34.9,0.0566,False,0.5847,0.1681,0.1713,4.567,0.8398,0.0145,0.9786,median,0.0038,0.2193,0.048,Regime 2 (Subcritical),CAUTION,0.55,0.0984,0.2903,0.484,-0.008,-0.0091,False,False,
HD,"The Home Depot, Inc.",Consumer Discretionary,2017-Q4,2017-12-31,usd,1.25,2.0784,152.74009704589844,1306.300048828125,2.27,18.06,22.07,32.37,176.87,18.69,0.8067,0.8393,0.0508,39.8,-0.3178,True,0.6179,0.2808,0.2837,7.026,0.9512,0.134,0.8327,median,0.0033,0.3308,0.0471,Regime 3 (Parasitic),DANGER,0.931,0.0494,-0.0656,0.22,-0.14,-0.14,False,False,True
HD,"The Home Depot, Inc.",Consumer Discretionary,2018-Q1,2018-03-31,usd,1.25,2.0784,144.46080017089844,1322.800048828125,2.28,19.12,21.93,34.47,166.71,19.45,0.8398,0.8405,0.0444,34.7,0.077,False,0.5992,0.1182,0.1289,3.541,0.9488,0.0628,0.9139,median,0.0121,0.1797,0.0507,Regime 2 (Subcritical),CAUTION,0.55,0.211,0.1369,0.1926,-0.07,-0.0747,False,False,
HD,"The Home Depot, Inc.",Consumer Discretionary,2018-Q2,2018-06-30,usd,1.25,2.0784,159.01087951660156,1251.300048828125,2.25,20.02,21.91,41.46,182.07,21.41,0.9889,0.8411,0.0286,27.6,-0.0622,True,0.5991,0.1536,0.1675,3.609,0.8991,0.0421,0.9406,median,0.0156,0.2317,0.0642,Regime 3 (Parasitic),DANGER,0.754,-0.1129,0.0996,0.3343,-0.1759,-0.18,False,False,False
HD,"The Home Depot, Inc.",Consumer Discretionary,2018-Q3,2018-09-30,usd,1.25,2.0784,169.69729614257812,1191.5,2.26,19.23,22.05,36.6,191.93,20.04,0.8866,0.8462,0.0446,37.9,-0.0655,True,0.6207,0.1705,0.1832,5.326,0.8039,0.1073,0.8613,median,0.0139,0.2255,0.0423,Regime 3 (Parasitic),DANGER,0.82,-0.0632,0.1476,0.3789,-0.2337,-0.2376,True,True,True
HD,"The Home Depot, Inc.",Consumer Discretionary,2018-Q4,2018-12-31,usd,1.25,2.0784,141.59695434570312,1278.300048828125,2.25,19.23,22.38,36.11,156.46,19.99,0.8678,0.8506,0.0448,39.4,-0.4861,True,0.5807,-0.2014,-0.1897,-1.827,1.0437,-0.0618,1.0,median,0.0134,-0.1226,0.0671,Regime 2 (Subcritical),CAUTION,0.55,0.2416,0.3056,0.6233,-0.0187,-0.0843,False,False,
HD,"The Home Depot, Inc.",Consumer Discretionary,2019-Q1,2019-03-31,usd,1.25,2.0784,159.3141632080078,1293.0,2.25,19.76,22.27,36.07,175.4,20.09,0.8581,0.8539,0.0472,35.3,-0.0103,True,0.6031,0.005,0.0185,1.574,0.9107,0.0813,0.8914,median,0.0159,0.0509,0.0323,Regime 2 (Subcritical),CAUTION,0.55,0.1904,0.0289,0.6363,-0.2017,-0.2017,True,True,
HD,"The Home Depot, Inc.",Consumer Discretionary,2019-Q2,2019-06-30,usd,1.25,2.0784,173.87551879882812,1409.699951171875,2.25,20.18,22.39,41.73,190.57,21.64,0.9804,0.8562,0.0349,30.2,-0.0749,True,0.6059,0.0206,0.0351,4.321,1.041,0.0206,0.97,median,0.0178,0.0456,0.0106,Regime 2 (Subcritical),CAUTION,0.55,0.0592,0.2002,0.5867,-0.2625,-0.2625,True,True,
HD,"The Home Depot, Inc.",Consumer Discretionary,2019-Q3,2019-09-30,usd,1.25,2.0784,195.16734313964844,1465.699951171875,2.25,19.77,22.47,37.55,212.73,20.51,0.8889,0.8604,0.0534,40.6,-0.0312,True,0.6346,0.0666,0.0796,4.409,1.2042,-0.001,1.0,median,0.0166,0.1029,0.0233,Regime 2 (Subcritical),CAUTION,0.55,-0.1437,0.2016,0.5209,-0.3356,-0.3356,True,True,
HD,"The Home Depot, Inc.",Consumer Discretionary,2019-Q4,2019-12-31,usd,1.25,2.0784,184.8686981201172,1519.5,2.25,19.77,22.77,34.94,199.1,19.93,0.8215,0.8639,0.0571,42.0,0.0843,False,0.6278,0.2314,0.2439,100.0,0.9223,0.2442,0.7319,median,0.0155,0.241,-0.0029,Regime 3 (Parasitic),DANGER,0.781,0.1617,0.2433,0.9616,-0.2986,-0.2986,True,True,True
HD,"The Home Depot, Inc.",Consumer Discretionary,2020-Q1,2020-03-31,usd,1.25,2.0784,159.11605834960938,1583.4000244140625,2.22,23.32,22.7,38.5,171.21,21.68,0.8367,0.8656,0.0464,32.6,0.2886,False,0.5823,-0.1102,-0.1007,-0.317,1.3633,-0.1008,1.0,median,0.0136,-0.0242,0.0765,Regime 2 (Subcritical),CAUTION,0.55,0.4738,0.6728,0.6742,-0.0433,-0.0433,False,False,
HD,"The Home Depot, Inc.",Consumer Discretionary,2020-Q2,2020-06-30,usd,1.25,2.0784,214.76181030273438,1800.5,2.23,25.42,23.39,51.76,231.08,25.7,1.0606,0.8663,0.0145,12.7,0.3208,False,0.6107,0.0122,0.0206,1.12,1.2425,0.0122,0.982,median,0.0118,0.1928,0.1722,Regime 2 (Subcritical),CAUTION,0.55,0.074,0.3015,0.1437,-0.0126,-0.0126,False,False,
HD,"The Home Depot, Inc.",Consumer Discretionary,2020-Q3,2020-09-30,usd,1.25,2.0784,239.33584594726562,1895.5,2.24,24.3,23.85,45.82,257.53,24.05,0.9517,0.8701,0.0283,20.7,0.3704,False,0.6403,0.024,0.0317,1.199,1.1182,0.0992,0.8705,median,0.0111,0.1911,0.1593,Regime 2 (Subcritical),CAUTION,0.55,0.1121,0.2083,0.0393,-0.0915,-0.0915,False,False,
HD,"The Home Depot, Inc.",Consumer Discretionary,2020-Q4,2020-12-31,usd,1.25,2.0784,230.16461181640625,1895.0999755859375,7.13,24.3,24.7,45.82,247.89,25.49,0.935,0.8741,0.0416,28.9,0.2252,False,0.6222,-0.035,-0.0267,0.891,1.0728,0.1158,0.852,median,0.0117,0.2191,0.2458,Regime 2 (Subcritical),CAUTION,0.55,0.2245,0.5951,0.2445,-0.0553,-0.0553,False,False,
HD,"The Home Depot, Inc.",Consumer Discretionary,2021-Q1,2021-03-31,usd,1.25,2.0784,266.1622619628906,1713.800048828125,7.14,25.5,24.67,50.97,283.46,27.07,1.0159,0.878,0.0346,26.1,0.145,False,0.6357,0.271,0.2824,2.273,0.7041,0.3339,0.6663,median,0.0142,0.5042,0.2218,Regime 2 (Subcritical),CAUTION,0.55,0.1152,0.0009,0.0128,-0.0035,-0.0972,False,False,
HD,"The Home Depot, Inc.",Consumer Discretionary,2021-Q2,2021-06-30,usd,1.25,2.0784,279.513671875,1771.5999755859375,7.45,25.73,24.75,54.66,295.17,28.15,1.0828,0.8829,0.0326,27.6,0.0291,False,0.6363,0.1391,0.1538,2.69,0.7098,0.2339,0.7403,median,0.0189,0.2448,0.091,Regime 2 (Subcritical),CAUTION,0.55,0.3002,-0.1212,0.0225,-0.1382,-0.1403,False,False,
HD,"The Home Depot, Inc.",Consumer Discretionary,2021-Q3,2021-09-30,usd,1.25,2.0784,289.1896057128906,1757.0,7.45,24.67,24.93,50.25,302.49,26.83,1.013,0.8893,0.0487,35.9,0.1005,False,0.6476,0.035,0.0518,1.475,0.7237,0.1319,0.8348,median,0.0219,0.1609,0.1091,Regime 2 (Subcritical),CAUTION,0.55,-0.0788,-0.1399,-0.0326,-0.1691,-0.1691,False,False,
HD,"The Home Depot, Inc.",Consumer Discretionary,2021-Q4,2021-12-31,usd,1.25,2.0784,367.12640380859375,1828.5999755859375,10.95,24.67,25.2,50.25,379.98,27.77,1.0076,0.8959,0.0427,36.3,-0.0051,True,0.6747,0.3226,0.3415,4.988,0.7604,0.1941,0.7745,median,0.0246,0.4271,0.0856,Regime 3 (Parasitic),DANGER,0.923,-0.3192,-0.2198,-0.1201,-0.3455,-0.3455,True,True,True
HD,"The Home Depot, Inc.",Consumer Discretionary,2022-Q1,2022-03-31,usd,1.25,2.0784,266.39141845703125,1949.199951171875,10.95,26.44,25.17,52.58,274.12,28.78,1.0189,0.9024,0.0598,44.4,0.0394,False,0.6181,-0.1187,-0.095,-0.545,0.9974,0.0986,0.8711,median,0.0274,-0.0335,0.0615,Regime 2 (Subcritical),CAUTION,0.55,-0.0582,0.012,0.3503,-0.0979,-0.0979,False,False,
HD,"The Home Depot, Inc.",Consumer Discretionary,2022-Q2,2022-06-30,usd,1.25,2.0784,245.63063049316406,1807.300048828125,7.45,26.63,25.25,57.93,251.53,29.31,1.1168,0.9088,0.0526,44.3,-0.044,True,0.6001,-0.2274,-0.2006,-3.944,1.1582,-0.1299,1.0,median,0.029,-0.16,0.0406,Regime 2 (Subcritical),CAUTION,0.55,0.183,0.1635,0.3233,-0.0217,-0.0217,False,False,
HD,"The Home Depot, Inc.",Consumer Discretionary,2022-Q3,2022-09-30,usd,1.25,2.0784,248.73870849609375,1672.0,7.43,25.87,25.24,52.9,253.71,27.86,1.0349,0.9163,0.076,56.2,0.0506,False,0.6109,-0.2434,-0.2137,-4.647,1.1432,-0.1785,1.0,median,0.0299,-0.1759,0.0378,Regime 2 (Subcritical),CAUTION,0.55,0.0838,0.1247,0.5258,-0.0235,-0.0235,False,False,
HD,"The Home Depot, Inc.",Consumer Discretionary,2022-Q4,2022-12-31,usd,1.25,2.0784,286.4460754394531,1826.199951171875,10.77,25.87,25.63,52.9,291.03,28.79,1.027,0.9236,0.059,49.7,0.0462,False,0.629,-0.3331,-0.3029,-7.373,1.2397,-0.1436,1.0,median,0.0305,-0.2667,0.0362,Regime 2 (Subcritical),CAUTION,0.55,-0.0024,0.1275,0.2981,-0.1065,-0.1065,False,False,
HD,"The Home Depot, Inc.",Consumer Discretionary,2023-Q1,2023-03-31,usd,1.25,2.0784,269.57550048828125,1969.0,7.45,25.42,25.67,50.23,271.46,27.19,0.9831,0.9305,0.0806,57.4,0.0506,False,0.6273,0.0179,0.0472,1.0,1.1137,-0.0839,1.0,median,0.0307,-0.0097,-0.0569,Regime 2 (Subcritical),CAUTION,0.55,0.0378,0.3343,0.2768,-0.0505,-0.0505,False,False,
HD,"The Home Depot, Inc.",Consumer Discretionary,2023-Q2,2023-06-30,usd,1.25,2.0784,285.7949523925781,1929.4000244140625,7.66,27.66,25.88,56.63,286.08,29.46,1.0577,0.9365,0.0531,43.6,0.0496,False,0.623,0.0933,0.1239,26.407,0.908,0.0933,0.8772,median,0.03,0.1287,0.0049,Regime 2 (Subcritical),CAUTION,0.55,0.1303,0.1373,0.2476,-0.1043,-0.1043,False,False,
HD,"The Home Depot, Inc.",Consumer Discretionary,2023-Q3,2023-09-30,usd,1.25,2.0784,279.7684326171875,1866.0999755859375,7.94,26.6,25.73,50.95,278.65,27.8,0.9736,0.9426,0.0699,50.9,0.076,False,0.6278,0.0655,0.0957,100.0,0.9333,0.0803,0.8925,median,0.0283,0.0937,-0.002,Regime 2 (Subcritical),CAUTION,0.55,0.2957,0.3671,0.425,-0.0779,-0.0779,False,False,
HD,"The Home Depot, Inc.",Consumer Discretionary,2023-Q4,2023-12-31,usd,1.25,2.0784,323.0234375,2071.800048828125,12.06,26.6,26.15,50.95,320.44,28.94,0.9659,0.9478,0.0535,43.3,0.0788,False,0.6437,0.0654,0.0911,18.619,0.9132,0.0303,0.9566,median,0.0258,0.0963,0.0052,Regime 2 (Subcritical),CAUTION,0.55,0.0105,0.1562,0.0539,-0.0523,-0.0523,False,False,
HD,"The Home Depot, Inc.",Consumer Discretionary,2024-Q1,2024-03-31,usd,1.25,2.0784,359.69671630859375,2217.39990234375,8.46,26.67,26.0,49.73,356.82,27.72,0.9443,0.952,0.0712,47.8,0.0069,False,0.6667,0.2307,0.2544,14.351,0.8807,0.0926,0.878,median,0.0229,0.2734,0.0191,Regime 3 (Parasitic),DANGER,0.781,0.0998,0.0206,-0.061,-0.1166,-0.1166,False,False,False
HD,"The Home Depot, Inc.",Consumer Discretionary,2024-Q2,2024-06-30,usd,1.25,2.0784,325.0332946777344,2339.60009765625,28.63,28.58,26.64,57.66,322.76,35.38,1.0443,0.9553,0.0659,42.9,-0.085,True,0.6075,-0.0838,-0.0625,0.659,0.9883,0.0797,0.8932,median,0.0199,0.1206,0.1831,Regime 2 (Subcritical),CAUTION,0.55,0.1819,0.1169,0.1029,-0.0076,-0.0765,False,False,
HD,"The Home Depot, Inc.",Consumer Discretionary,2024-Q3,2024-09-30,usd,1.25,2.0784,384.9158630371094,2659.39990234375,28.54,28.85,26.57,53.7,382.22,34.42,0.9689,0.9589,0.0804,48.5,-0.0521,True,0.6428,0.0852,0.1028,1.482,1.0605,0.2344,0.7399,median,0.0172,0.316,0.2133,Regime 2 (Subcritical),CAUTION,0.55,-0.085,0.0237,-0.2053,-0.163,-0.2384,False,True,
HD,"The Home Depot, Inc.",Consumer Discretionary,2024-Q4,2024-12-31,usd,1.25,2.0784,371.46319580078125,2641.0,28.46,28.85,26.7,53.7,369.23,34.43,0.9667,0.9619,0.0678,46.1,0.0614,False,0.6369,-0.0481,-0.0319,0.817,1.0338,0.0849,0.887,median,0.0148,0.1417,0.1736,Regime 2 (Subcritical),CAUTION,0.55,-0.0286,-0.0933,-0.1765,-0.1327,-0.2109,False,True,
HD,"The Home Depot, Inc.",Consumer Discretionary,2025-Q1,2025-03-31,usd,1.25,2.0784,352.1979675292969,3122.800048828125,28.46,30.12,26.78,53.84,350.44,34.8,0.9462,0.9643,0.0882,51.8,0.115,False,0.6258,-0.2595,-0.2456,-0.079,1.3186,0.0475,0.9335,median,0.0128,-0.018,0.2276,Regime 2 (Subcritical),CAUTION,0.55,0.1232,-0.0799,-0.1315,-0.1027,-0.1677,False,False,
HD,"The Home Depot, Inc.",Consumer Discretionary,2025-Q2,2025-06-30,usd,1.25,2.0784,354.53179931640625,3307.699951171875,28.39,31.06,26.9,60.5,352.76,36.71,1.044,0.9661,0.0718,47.5,0.0673,False,0.6177,0.0397,0.0519,2.403,1.2442,0.0613,0.9158,median,0.0111,0.0889,0.037,Regime 2 (Subcritical),CAUTION,0.55,-0.0408,-0.0125,-0.1372,-0.1732,-0.1732,False,False,
HD,"The Home Depot, Inc.",Consumer Discretionary,2025-Q3,2025-09-30,usd,1.25,2.0784,394.031494140625,3873.199951171875,32.68,30.54,27.68,55.26,392.06,36.54,0.949,0.9683,0.1019,57.9,0.0814,False,0.6368,-0.0448,-0.0346,0.424,1.2548,0.0277,0.9601,median,0.0097,0.0254,0.06,Regime 2 (Subcritical),CAUTION,0.55,-0.1776,-0.2237,-0.2237,-0.2561,-0.2561,True,True,
HD,"The Home Depot, Inc.",Consumer Discretionary,2025-Q4,2025-12-31,usd,1.25,2.0784,336.78814697265625,4341.10009765625,32.67,30.54,27.68,55.26,335.44,36.54,0.949,0.9698,0.1041,59.9,0.0618,False,0.608,-0.1643,-0.1556,-1.611,1.4123,0.0216,0.9685,median,0.0082,-0.096,0.0596,Regime 2 (Subcritical),CAUTION,0.55,0.0341,-0.0917,-0.0917,-0.1296,-0.1296,False,False,
HD,"The Home Depot, Inc.",Consumer Discretionary,2026-Q1,2026-03-31,usd,1.25,2.0784,324.053466796875,4647.60009765625,32.72,31.84,27.68,55.12,323.08,36.84,0.9262,0.9709,0.1001,56.6,0.0827,False,0.5986,-0.1458,-0.1383,-1.424,1.2793,0.0296,0.9575,median,0.0068,-0.0813,0.0571,Regime 2 (Subcritical),CAUTION,0.55,-0.0561,-0.0561,-0.0561,-0.0954,-0.0954,False,False,
HD,"The Home Depot, Inc.",Consumer Discretionary,2026-Q2,2026-06-30,usd,1.25,2.0784,350.1000061035156,4038.5,33.38,33.7,27.68,64.46,349.4,39.8,1.0502,0.9713,0.0805,51.4,0.044,False,0.5997,-0.0967,-0.0905,-0.118,1.0102,0.0203,0.9705,median,0.0054,-0.0096,0.0809,Regime 2 (Subcritical),CAUTION,0.55,-0.1263,-0.1263,-0.1263,-0.1511,-0.1511,False,False,
NKE,"NIKE, Inc.",Consumer Discretionary,2017-Q1,2017-03-31,usd,1.25,2.0784,48.51103973388672,1247.300048828125,0.42,9.98,3.79,15.0,82.29,7.3,1.0888,1.079,0.0053,2.8,0.1469,False,0.6504,-0.0255,-0.0329,-1.176,0.8662,-0.0342,1.0,median,-0.006,-0.0178,0.0151,Regime 2 (Subcritical),CAUTION,0.55,-0.0632,0.208,0.5477,-0.0817,-0.0817,False,False,
NKE,"NIKE, Inc.",Consumer Discretionary,2017-Q2,2017-06-30,usd,1.25,2.0784,51.53251266479492,1240.699951171875,0.42,9.98,3.99,15.0,87.19,7.35,1.0735,1.0792,0.0049,3.8,0.3501,False,0.6578,0.0354,0.0283,2.863,0.84,-0.0019,1.0,median,-0.0059,0.0435,0.0152,Regime 2 (Subcritical),CAUTION,0.55,0.0673,0.3676,0.4565,-0.1355,-0.1355,False,False,
NKE,"NIKE, Inc.",Consumer Discretionary,2017-Q3,2017-09-30,usd,1.25,2.0784,45.4431037902832,1281.5,0.42,11.42,4.09,15.85,76.2,7.95,1.0218,1.0789,0.002,1.1,0.0579,False,0.6242,-0.0099,-0.0114,1.0,0.8398,0.0145,0.9786,median,-0.0012,-0.0207,-0.0092,Regime 2 (Subcritical),CAUTION,0.55,0.289,0.6523,0.8518,-0.0201,-0.0201,False,False,
NKE,"NIKE, Inc.",Consumer Discretionary,2017-Q4,2017-12-31,usd,1.25,2.0784,55.00300979614258,1306.300048828125,0.42,11.07,4.12,14.71,91.81,7.58,0.9686,1.0758,0.0018,-2.0,0.1526,False,0.6604,0.1445,0.1387,3.203,0.9512,0.134,0.8327,median,-0.0047,0.2016,0.063,Regime 2 (Subcritical),CAUTION,0.55,0.2623,0.1809,0.6308,-0.0158,-0.0158,False,False,
NKE,"NIKE, Inc.",Consumer Discretionary,2018-Q1,2018-03-31,usd,1.25,2.0784,58.60038375854492,1322.800048828125,0.42,11.07,4.3,15.75,97.61,7.88,1.0251,1.0694,0.0052,3.1,-0.0092,True,0.6636,0.105,0.0936,2.214,0.9488,0.0628,0.9139,median,-0.009,0.1707,0.0771,Regime 2 (Subcritical),CAUTION,0.55,0.3282,0.3276,0.3605,0.0,0.0,False,False,
NKE,"NIKE, Inc.",Consumer Discretionary,2018-Q2,2018-06-30,usd,1.25,2.0784,70.47443389892578,1251.300048828125,0.44,11.07,4.45,15.75,116.92,7.93,1.0148,1.0641,0.0012,-0.1,0.2813,False,0.6858,0.2354,0.2175,3.866,0.8991,0.0421,0.9406,median,-0.0141,0.2934,0.0759,Regime 3 (Parasitic),DANGER,0.735,-0.0589,0.0831,0.2499,-0.1334,-0.1833,False,False,False
NKE,"NIKE, Inc.",Consumer Discretionary,2018-Q3,2018-09-30,usd,1.25,2.0784,75.1167221069336,1191.5,0.44,12.25,4.49,17.59,122.77,8.69,1.0507,1.0593,0.0021,1.4,-0.1315,True,0.6809,0.4116,0.3871,5.312,0.8039,0.1073,0.8613,median,-0.0183,0.4769,0.0898,Regime 3 (Parasitic),DANGER,0.95,0.0026,0.1242,0.5277,-0.1981,-0.2443,False,True,True
NKE,"NIKE, Inc.",Consumer Discretionary,2018-Q4,2018-12-31,usd,1.25,2.0784,65.93109893798828,1278.300048828125,0.44,12.57,4.59,16.42,107.28,8.5,0.9571,1.0561,0.0017,-2.3,-0.109,True,0.6661,0.0646,0.0409,1.356,1.0437,-0.0618,1.0,median,-0.0185,0.1558,0.1149,Regime 2 (Subcritical),CAUTION,0.55,0.1582,0.3809,0.9482,-0.0187,-0.1416,False,False,
NKE,"NIKE, Inc.",Consumer Discretionary,2019-Q1,2019-03-31,usd,1.25,2.0784,75.07878875732422,1293.0,0.44,12.36,4.69,17.36,121.74,8.71,1.0178,1.0514,0.0053,3.3,-0.1437,True,0.6794,0.1422,0.1212,2.216,0.9107,0.0813,0.8914,median,-0.017,0.2209,0.0997,Regime 3 (Parasitic),DANGER,0.742,0.0889,0.0126,0.5906,-0.2552,-0.2552,True,True,True
NKE,"NIKE, Inc.",Consumer Discretionary,2019-Q2,2019-06-30,usd,1.25,2.0784,75.05534362792969,1409.699951171875,0.44,12.36,4.74,17.36,121.47,8.73,1.0145,1.0475,0.0018,1.6,0.173,False,0.6789,-0.0392,-0.0577,0.398,1.041,0.0206,0.97,median,-0.0157,0.0381,0.0958,Regime 2 (Subcritical),CAUTION,0.55,0.1954,0.1343,0.8604,-0.2588,-0.2588,True,True,
NKE,"NIKE, Inc.",Consumer Discretionary,2019-Q3,2019-09-30,usd,1.25,2.0784,84.1858901977539,1465.699951171875,0.5,13.31,4.62,19.48,134.49,9.48,1.0869,1.0442,0.0017,-3.0,-0.2242,True,0.6815,0.0212,0.0044,1.051,1.2042,-0.001,1.0,median,-0.0144,0.0911,0.0867,Regime 2 (Subcritical),CAUTION,0.55,-0.086,0.3589,0.5826,-0.3277,-0.3277,True,True,
NKE,"NIKE, Inc.",Consumer Discretionary,2019-Q4,2019-12-31,usd,1.25,2.0784,91.04693603515625,1519.5,0.5,13.3,4.67,18.18,145.31,9.16,1.0118,1.0427,0.0018,0.9,-0.2102,True,0.6941,0.2442,0.229,4.078,0.9223,0.2442,0.7319,median,-0.0128,0.3034,0.0744,Regime 3 (Parasitic),DANGER,0.844,-0.0271,0.4108,0.6815,-0.3784,-0.3784,True,True,True
NKE,"NIKE, Inc.",Consumer Discretionary,2020-Q1,2020-03-31,usd,1.25,2.0784,74.56446075439453,1583.4000244140625,0.5,13.13,4.78,17.89,118.9,9.08,0.9987,1.041,0.0078,4.4,-0.2361,True,0.6712,-0.0546,-0.0646,-0.575,1.3633,-0.1008,1.0,median,-0.0099,-0.0236,0.041,Regime 2 (Subcritical),CAUTION,0.55,0.5343,0.6202,0.6533,-0.0469,-0.0469,False,False,
NKE,"NIKE, Inc.",Consumer Discretionary,2020-Q2,2020-06-30,usd,1.25,2.0784,88.58210754394531,1800.5,0.5,13.13,4.87,17.89,140.99,9.1,0.9941,1.0391,0.0014,-4.3,0.4214,False,0.6915,0.1154,0.1073,3.574,1.2425,0.0122,0.982,median,-0.0081,0.149,0.0417,Regime 2 (Subcritical),CAUTION,0.55,0.45,0.5887,0.0596,-0.0245,-0.0245,False,False,
NKE,"NIKE, Inc.",Consumer Discretionary,2020-Q3,2020-09-30,usd,1.25,2.0784,113.66886138916016,1895.5,0.49,11.9,4.97,18.96,181.11,9.08,1.1242,1.037,0.0041,1.9,0.1845,False,0.7163,0.3471,0.3404,100.0,1.1182,0.0992,0.8705,median,-0.0069,0.2976,-0.0427,Regime 3 (Parasitic),DANGER,0.947,0.0628,0.1658,-0.3265,-0.0435,-0.3265,False,True,True
NKE,"NIKE, Inc.",Consumer Discretionary,2020-Q4,2020-12-31,usd,1.25,2.0784,128.35018920898438,1895.0999755859375,0.49,13.07,4.96,19.39,205.6,9.48,1.0755,1.0368,0.0021,-0.6,0.1969,False,0.7232,0.3189,0.3131,10.21,1.0728,0.1158,0.852,median,-0.0057,0.3471,0.034,Regime 3 (Parasitic),DANGER,0.869,0.1214,0.187,-0.1577,-0.0997,-0.4035,False,True,True
NKE,"NIKE, Inc.",Consumer Discretionary,2021-Q1,2021-03-31,usd,1.25,2.0784,120.81101989746094,1713.800048828125,0.51,12.16,4.96,18.88,194.18,9.13,1.1024,1.0372,0.0024,-4.2,0.21,False,0.7216,0.489,0.4848,86.689,0.7041,0.3339,0.6663,median,-0.0037,0.4905,0.0057,Regime 3 (Parasitic),DANGER,0.95,0.1028,0.0204,-0.0594,-0.1084,-0.3663,False,True,True
NKE,"NIKE, Inc.",Consumer Discretionary,2021-Q2,2021-06-30,usd,1.25,2.0784,140.73114013671875,1771.5999755859375,0.51,12.16,4.9,18.88,226.49,9.11,1.1059,1.0385,0.0016,0.6,0.4235,False,0.7332,0.4729,0.4722,253.899,0.7098,0.2339,0.7403,median,-0.0006,0.474,0.0019,Regime 3 (Parasitic),DANGER,0.95,0.0963,-0.333,-0.271,-0.333,-0.456,True,True,True
NKE,"NIKE, Inc.",Consumer Discretionary,2021-Q3,2021-09-30,usd,1.25,2.0784,132.51409912109375,1757.0,0.51,14.29,4.87,22.78,214.62,10.61,1.1893,1.0403,0.0055,2.6,0.2333,False,0.7176,0.0103,0.014,1.09,0.7237,0.1319,0.8348,median,0.0032,0.1698,0.1557,Regime 2 (Subcritical),CAUTION,0.55,-0.0697,-0.4223,-0.327,-0.4223,-0.4223,True,True,
NKE,"NIKE, Inc.",Consumer Discretionary,2021-Q4,2021-12-31,usd,1.25,2.0784,152.35023498535156,1828.5999755859375,0.51,15.04,4.81,20.85,246.58,10.3,1.0506,1.0437,0.0023,-11.4,0.2754,False,0.7306,0.0905,0.0983,2.178,0.7604,0.1941,0.7745,median,0.0067,0.1817,0.0834,Regime 2 (Subcritical),CAUTION,0.55,-0.39,-0.2904,-0.3331,-0.4975,-0.4975,True,True,
NKE,"NIKE, Inc.",Consumer Discretionary,2022-Q1,2022-03-31,usd,1.25,2.0784,123.27970886230469,1949.199951171875,0.57,13.75,4.81,20.27,199.2,9.85,1.0921,1.0464,0.0024,-11.4,0.1947,False,0.7175,-0.0618,-0.0507,0.335,0.9974,0.0986,0.8711,median,0.0089,0.0255,0.0762,Regime 2 (Subcritical),CAUTION,0.55,-0.2877,-0.0783,-0.284,-0.379,-0.379,True,True,
NKE,"NIKE, Inc.",Consumer Discretionary,2022-Q2,2022-06-30,usd,1.25,2.0784,93.86444854736328,1807.300048828125,0.57,13.75,4.79,20.27,151.2,9.85,1.093,1.0491,0.0016,-2.7,0.3446,False,0.6907,-0.495,-0.4813,-5.235,1.1582,-0.1299,1.0,median,0.0102,-0.4041,0.0772,Regime 2 (Subcritical),CAUTION,0.55,0.1551,0.0931,-0.2429,-0.1844,-0.2429,False,True,
NKE,"NIKE, Inc.",Consumer Discretionary,2022-Q3,2022-09-30,usd,1.25,2.0784,76.55992126464844,1672.0,0.56,15.68,4.78,22.46,121.41,10.87,1.0979,1.0517,0.0022,-7.8,0.0611,False,0.6495,-0.6101,-0.5937,-23.695,1.1432,-0.1785,1.0,median,0.0109,-0.5697,0.024,Regime 2 (Subcritical),CAUTION,0.55,0.4842,0.1649,0.1064,0.0,-0.1245,False,False,
NKE,"NIKE, Inc.",Consumer Discretionary,2022-Q4,2022-12-31,usd,1.25,2.0784,108.10601806640625,1826.199951171875,0.56,16.5,4.85,22.84,170.71,11.19,1.07,1.0543,0.0072,3.5,0.0114,False,0.6901,-0.4656,-0.4503,-4.452,1.2397,-0.1436,1.0,median,0.01,-0.3677,0.0826,Regime 2 (Subcritical),CAUTION,0.55,-0.0649,-0.0739,-0.3523,-0.2398,-0.3891,True,True,
NKE,"NIKE, Inc.",Consumer Discretionary,2023-Q1,2023-03-31,usd,1.25,2.0784,113.63067626953125,1969.0,0.56,15.84,4.94,21.48,178.9,10.7,1.0341,1.0565,0.0021,-1.5,0.063,False,0.6997,-0.2044,-0.1906,-1.292,1.1137,-0.0839,1.0,median,0.0095,-0.1075,0.0831,Regime 2 (Subcritical),CAUTION,0.55,-0.2151,-0.2232,-0.4671,-0.266,-0.4671,True,True,
NKE,"NIKE, Inc.",Consumer Discretionary,2023-Q2,2023-06-30,usd,1.25,2.0784,102.59866333007812,1929.4000244140625,0.56,15.84,5.08,21.48,161.06,10.74,1.0271,1.0579,0.0014,-1.4,0.2967,False,0.688,-0.0362,-0.0237,0.727,0.908,0.0933,0.8772,median,0.0084,0.0632,0.0869,Regime 2 (Subcritical),CAUTION,0.55,-0.0097,-0.3074,-0.3238,-0.3074,-0.5033,True,True,
NKE,"NIKE, Inc.",Consumer Discretionary,2023-Q3,2023-09-30,usd,1.25,2.0784,89.18536376953125,1866.0999755859375,0.55,16.46,5.11,22.88,137.64,11.25,1.0606,1.0587,0.0019,-1.1,-0.0022,True,0.6625,0.0803,0.0911,3.645,0.9333,0.0803,0.8925,median,0.0067,0.1255,0.0344,Regime 2 (Subcritical),CAUTION,0.55,0.0008,-0.0396,-0.2366,-0.24,-0.4222,True,True,
NKE,"NIKE, Inc.",Consumer Discretionary,2023-Q4,2023-12-31,usd,1.25,2.0784,101.60485076904297,2071.800048828125,0.55,16.58,5.15,23.88,156.24,11.54,1.0988,1.0594,0.0019,-0.7,0.0607,False,0.6759,-0.127,-0.1197,-2.844,0.9132,0.0303,0.9566,median,0.0048,-0.0886,0.0311,Regime 2 (Subcritical),CAUTION,0.55,-0.2873,-0.2874,-0.4021,-0.3278,-0.4889,True,True,
NKE,"NIKE, Inc.",Consumer Discretionary,2024-Q1,2024-03-31,usd,1.25,2.0784,88.26508331298828,2217.39990234375,0.5,16.9,5.08,22.25,135.4,11.18,1.0119,1.0603,0.0044,2.1,0.1491,False,0.6609,-0.3281,-0.3224,-6.364,0.8807,0.0926,0.878,median,0.0037,-0.2786,0.0438,Regime 2 (Subcritical),CAUTION,0.55,-0.0256,-0.3014,-0.4041,-0.3035,-0.4219,True,True,
NKE,"NIKE, Inc.",Consumer Discretionary,2024-Q2,2024-06-30,usd,1.25,2.0784,71.0633773803711,2339.60009765625,0.5,16.9,5.0,22.25,108.71,11.16,1.0157,1.0606,0.0014,0.2,0.3784,False,0.6274,-0.4358,-0.4318,-10.158,0.9883,0.0797,0.8932,median,0.0025,-0.3931,0.0387,Regime 2 (Subcritical),CAUTION,0.55,0.0042,-0.0555,-0.4393,-0.2965,-0.4434,True,True,
NKE,"NIKE, Inc.",Consumer Discretionary,2024-Q3,2024-09-30,usd,1.25,2.0784,83.72062683105469,2659.39990234375,0.5,16.19,4.95,21.03,125.75,10.67,0.9947,1.0603,0.0022,-10.9,0.1456,False,0.6571,-0.0392,-0.037,1.0,1.0605,0.2344,0.7399,median,0.0015,-0.0904,-0.0534,Regime 2 (Subcritical),CAUTION,0.55,-0.2746,-0.1937,-0.568,-0.3913,-0.5759,True,True,
NKE,"NIKE, Inc.",Consumer Discretionary,2024-Q4,2024-12-31,usd,1.25,2.0784,72.0302505493164,2641.0,0.5,16.02,4.86,21.56,107.75,10.73,1.0325,1.0594,0.0021,-3.5,0.0981,False,0.6325,-0.2988,-0.2988,1.0,1.0338,0.0849,0.887,median,-0.0,-0.3716,-0.0727,Regime 2 (Subcritical),CAUTION,0.55,-0.0185,-0.1383,-0.4979,-0.2925,-0.507,True,True,
NKE,"NIKE, Inc.",Consumer Discretionary,2025-Q1,2025-03-31,usd,1.25,2.0784,60.73242950439453,3122.800048828125,0.5,15.55,4.72,18.7,90.55,9.87,0.9228,1.0584,0.0023,-6.6,0.1889,False,0.6164,-0.274,-0.277,1.0,1.3186,0.0475,0.9335,median,-0.0019,-0.4023,-0.1253,Regime 2 (Subcritical),CAUTION,0.55,0.1086,-0.147,-0.4045,-0.1726,-0.4153,False,True,
NKE,"NIKE, Inc.",Consumer Discretionary,2025-Q2,2025-06-30,usd,1.25,2.0784,68.41688537597656,3307.699951171875,0.5,15.55,4.83,18.7,101.78,9.89,0.9177,1.0562,0.0016,-3.7,0.3248,False,0.6358,0.0613,0.0548,1.0,1.2442,0.0613,0.9158,median,-0.0041,-0.0659,-0.1207,Regime 2 (Subcritical),CAUTION,0.55,-0.1284,-0.4063,-0.4714,-0.4106,-0.481,True,True,
NKE,"NIKE, Inc.",Consumer Discretionary,2025-Q3,2025-09-30,usd,1.25,2.0784,67.50425720214844,3873.199951171875,0.5,16.06,4.86,19.77,99.84,10.3,0.9449,1.053,0.0022,-12.2,0.0958,False,0.6261,-0.1849,-0.1956,1.0,1.2548,0.0277,0.9601,median,-0.0069,-0.2307,-0.0351,Regime 2 (Subcritical),CAUTION,0.55,-0.2326,-0.4643,-0.4643,-0.474,-0.474,True,True,
NKE,"NIKE, Inc.",Consumer Discretionary,2025-Q4,2025-12-31,usd,1.25,2.0784,62.070167541503906,4341.10009765625,0.5,16.16,4.84,20.18,91.86,10.42,0.961,1.0494,0.0021,-3.8,0.0692,False,0.6094,-0.1151,-0.1299,1.0,1.4123,0.0216,0.9685,median,-0.0095,-0.1595,-0.0296,Regime 2 (Subcritical),CAUTION,0.55,-0.3136,-0.4174,-0.4174,-0.4279,-0.4279,True,True,
NKE,"NIKE, Inc.",Consumer Discretionary,2026-Q1,2026-03-31,usd,1.25,2.0784,51.80203628540039,4647.60009765625,0.5,15.91,4.77,18.12,76.69,9.82,0.8765,1.0456,0.0099,4.4,0.0973,False,0.5852,-0.1427,-0.1619,1.0,1.2793,0.0296,0.9575,median,-0.0121,-0.1662,-0.0043,Regime 2 (Subcritical),CAUTION,0.55,-0.3019,-0.3019,-0.3019,-0.3145,-0.3145,True,True,
NKE,"NIKE, Inc.",Consumer Discretionary,2026-Q2,2026-06-30,usd,1.25,2.0784,40.619110107421875,4038.5,0.5,15.91,4.8,18.12,60.16,9.83,0.8752,1.0409,0.0041,2.4,0.3007,False,0.5314,-0.4962,-0.5194,1.0,1.0102,0.0203,0.9705,median,-0.0146,-0.5258,-0.0064,Regime 2 (Subcritical),CAUTION,0.55,-0.1097,-0.1097,-0.1097,-0.1258,-0.1258,False,False,
BA,The Boeing Company,Consumer Discretionary,2017-Q1,2017-03-31,usd,1.25,2.0784,165.38504028320312,1247.300048828125,7.84,7.08,12.84,14.85,99.82,10.65,0.7452,0.6112,1.0572,361.3,0.1758,False,0.6122,0.3716,0.2259,8.545,0.8662,-0.0342,1.0,median,-0.1715,0.2559,0.0299,Regime 3 (Parasitic),DANGER,0.922,0.457,0.8987,1.2522,-0.007,-0.007,False,False,False
BA,The Boeing Company,Consumer Discretionary,2017-Q2,2017-06-30,usd,1.25,2.0784,186.33531188964844,1240.699951171875,7.91,7.41,12.82,17.4,110.14,11.39,0.8602,0.6161,0.9172,338.4,0.1616,False,0.6187,0.4232,0.2858,4.199,0.84,-0.0019,1.0,median,-0.1634,0.3751,0.0893,Regime 3 (Parasitic),DANGER,0.923,0.5083,0.733,0.9187,0.0,0.0,False,False,False
BA,The Boeing Company,Consumer Discretionary,2017-Q3,2017-09-30,usd,1.25,2.0784,240.96498107910156,1281.5,7.87,6.73,12.71,17.29,143.51,11.15,0.8893,0.6344,0.8029,313.3,0.1456,False,0.6656,0.5917,0.6249,24.505,0.8398,0.0145,0.9786,median,0.0394,0.6515,0.0266,Regime 3 (Parasitic),DANGER,0.95,0.2941,0.4824,0.5496,-0.0021,-0.0021,False,False,False
BA,The Boeing Company,Consumer Discretionary,2017-Q4,2017-12-31,usd,1.25,2.0784,281.047119140625,1306.300048828125,8.13,6.73,12.67,12.12,284.49,9.91,0.6247,0.6568,0.7651,307.1,0.1102,False,0.7417,0.5475,0.5842,8.107,0.9512,0.134,0.8327,median,0.0432,0.6664,0.0822,Regime 3 (Parasitic),DANGER,0.95,0.1415,0.1078,0.1447,-0.0006,-0.0006,False,False,False
BA,The Boeing Company,Consumer Discretionary,2018-Q1,2018-03-31,usd,1.25,2.0784,314.0097351074219,1322.800048828125,8.08,7.04,12.63,18.23,182.94,11.5,0.9268,0.6675,0.8214,247.1,-0.1064,True,0.6924,0.4518,0.5295,7.947,0.9488,0.0628,0.9139,median,0.0882,0.6057,0.0762,Regime 3 (Parasitic),DANGER,0.95,0.1649,0.2062,-0.5069,-0.0744,-0.6923,False,True,True
BA,The Boeing Company,Consumer Discretionary,2018-Q2,2018-06-30,usd,1.25,2.0784,322.91986083984375,1251.300048828125,8.04,8.08,12.61,18.89,185.52,11.91,0.9129,0.6833,0.7557,236.6,-0.1271,True,0.69,0.3846,0.477,11.727,0.8991,0.0421,0.9406,median,0.1035,0.5214,0.0445,Regime 3 (Parasitic),DANGER,0.95,-0.0496,0.1053,-0.3987,-0.1163,-0.7063,False,True,True
BA,The Boeing Company,Consumer Discretionary,2018-Q3,2018-09-30,usd,1.25,2.0784,359.7129821777344,1191.5,8.25,7.92,12.57,16.42,204.28,11.29,0.8015,0.7002,0.688,220.5,-0.1203,True,0.7057,0.2502,0.3403,27.7,0.8039,0.1073,0.8613,median,0.0988,0.353,0.0127,Regime 3 (Parasitic),DANGER,0.9,0.0074,0.0169,-0.5576,-0.227,-0.7431,True,True,True
BA,The Boeing Company,Consumer Discretionary,2018-Q4,2018-12-31,usd,1.25,2.0784,313.37225341796875,1278.300048828125,11.27,7.92,12.64,16.7,317.21,12.13,0.8121,0.7138,0.6171,217.7,-0.1919,True,0.7358,-0.1662,-0.0933,0.539,1.0437,-0.0618,1.0,median,0.0832,0.1089,0.2021,Regime 2 (Subcritical),CAUTION,0.55,0.1172,0.0334,-0.3086,-0.036,-0.6968,False,True,
BA,The Boeing Company,Consumer Discretionary,2019-Q1,2019-03-31,usd,1.25,2.0784,372.486572265625,1293.0,11.46,8.2,12.59,17.09,209.57,12.34,0.8218,0.7251,0.9435,262.8,-0.1703,True,0.6992,-0.005,0.0654,1.928,0.9107,0.0813,0.8914,median,0.0827,0.1359,0.0705,Regime 2 (Subcritical),CAUTION,0.55,-0.0104,-0.6017,-0.3409,-0.7515,-0.7515,True,True,
BA,The Boeing Company,Consumer Discretionary,2019-Q2,2019-06-30,usd,1.25,2.0784,357.526611328125,1409.699951171875,11.81,5.99,12.6,18.9,201.18,12.33,1.0166,0.7349,1.6019,292.0,-0.2464,True,0.6952,-0.0129,0.0463,2.331,1.041,0.0206,0.97,median,0.0728,0.0811,0.0348,Regime 2 (Subcritical),CAUTION,0.55,-0.0626,-0.4445,-0.3266,-0.7286,-0.7286,True,True,
BA,The Boeing Company,Consumer Discretionary,2019-Q3,2019-09-30,usd,1.25,2.0784,376.0252685546875,1465.699951171875,11.65,7.12,12.53,12.2,211.62,10.87,0.6211,0.7476,1.4993,330.1,-0.1151,True,0.7125,0.0219,0.0731,100.0,1.2042,-0.001,1.0,median,0.0655,0.0353,-0.0378,Regime 2 (Subcritical),CAUTION,0.55,-0.595,-0.5649,-0.4007,-0.7473,-0.7473,True,True,
BA,The Boeing Company,Consumer Discretionary,2019-Q4,2019-12-31,usd,1.25,2.0784,323.83331298828125,1519.5,11.4,7.12,12.5,21.49,327.8,13.13,1.0956,0.754,1.6071,314.7,-0.1322,True,0.7328,-0.09,-0.0459,0.417,0.9223,0.2442,0.7319,median,0.0548,0.0328,0.0787,Regime 2 (Subcritical),CAUTION,0.55,-0.434,-0.3309,-0.374,-0.7066,-0.7066,True,True,
BA,The Boeing Company,Consumer Discretionary,2020-Q1,2020-03-31,usd,1.25,2.0784,149.13999938964844,1583.4000244140625,11.31,6.18,12.4,0.56,84.16,7.61,0.0301,0.7648,2.1524,371.6,-0.0023,True,0.6451,-0.4666,-0.4298,1.0,1.3633,-0.1008,1.0,median,0.0533,-0.9123,-0.4825,Regime 2 (Subcritical),CAUTION,0.55,0.097,0.7079,0.284,-0.1954,-0.1954,False,False,
BA,The Boeing Company,Consumer Discretionary,2020-Q2,2020-06-30,usd,1.25,2.0784,183.3000030517578,1800.5,11.08,7.14,12.18,14.17,103.46,11.14,0.7331,0.7598,4.8572,514.4,-0.1411,True,0.6096,-0.5871,-0.5642,1.0,1.2425,0.0122,0.982,median,0.0333,-0.665,-0.1008,Regime 2 (Subcritical),CAUTION,0.55,0.1798,0.3069,-0.2541,-0.2123,-0.3679,True,True,
BA,The Boeing Company,Consumer Discretionary,2020-Q3,2020-09-30,usd,1.25,2.0784,165.25999450683594,1895.5,11.01,6.12,11.97,4.14,93.29,8.31,0.2287,0.7558,4.0819,522.9,0.0622,False,0.6451,-0.5575,-0.55,1.0,1.1182,0.0992,0.8705,median,0.0108,-0.8191,-0.2691,Regime 2 (Subcritical),CAUTION,0.55,0.5413,0.3309,-0.2673,-0.1263,-0.2989,False,True,
BA,The Boeing Company,Consumer Discretionary,2020-Q4,2020-12-31,usd,1.25,2.0784,214.05999755859375,1895.0999755859375,10.92,6.12,11.82,18.36,216.68,11.81,1.0239,0.7445,2.1153,310.9,-0.7312,True,0.7073,-0.2989,-0.3079,1.0,1.0728,0.1158,0.852,median,-0.0126,-0.414,-0.1061,Regime 2 (Subcritical),CAUTION,0.55,0.1199,-0.0595,-0.1101,-0.1209,-0.4587,False,True,
BA,The Boeing Company,Consumer Discretionary,2021-Q1,2021-03-31,usd,1.25,2.0784,254.72000122070312,1713.800048828125,10.85,6.12,11.64,5.64,148.96,8.56,0.3172,0.7404,3.2309,478.8,-0.0363,True,0.7018,0.4792,0.4536,4.866,0.7041,0.3339,0.6663,median,-0.0325,0.5709,0.1173,Regime 3 (Parasitic),DANGER,0.95,-0.1153,-0.2482,-0.166,-0.3359,-0.5451,True,True,True
BA,The Boeing Company,Consumer Discretionary,2021-Q2,2021-06-30,usd,1.25,2.0784,239.55999755859375,1771.5999755859375,10.78,6.15,11.34,9.64,140.42,9.48,0.5512,0.7312,2.7211,453.7,-0.0521,True,0.6835,0.4967,0.4675,100.0,0.7098,0.2339,0.7403,median,-0.0384,0.3054,-0.1621,Regime 3 (Parasitic),DANGER,0.95,-0.1499,-0.4293,-0.1186,-0.5164,-0.5164,True,True,True
BA,The Boeing Company,Consumer Discretionary,2021-Q3,2021-09-30,usd,1.25,2.0784,219.94000244140625,1757.0,10.7,6.69,11.11,6.85,129.26,8.84,0.3847,0.7217,3.2654,496.4,-0.0626,True,0.6819,0.2997,0.2643,5.28,0.7237,0.1319,0.8348,median,-0.0461,0.3261,0.0618,Regime 3 (Parasitic),DANGER,0.95,-0.1293,-0.4495,-0.1285,-0.4732,-0.4732,True,True,True
BA,The Boeing Company,Consumer Discretionary,2021-Q4,2021-12-31,usd,1.25,2.0784,201.32000732421875,1828.5999755859375,10.63,6.69,10.92,6.85,203.79,8.77,0.389,0.7101,29.1591,1754.7,-0.0797,True,0.7273,0.2722,0.2358,1.0,0.7604,0.1941,0.7745,median,-0.0474,-0.0614,-0.2972,Regime 3 (Parasitic),DANGER,0.872,-0.3054,-0.0538,0.2948,-0.4245,-0.4245,True,True,True
BA,The Boeing Company,Consumer Discretionary,2022-Q1,2022-03-31,usd,1.25,2.0784,191.5,1949.199951171875,10.56,5.98,10.76,1.38,113.3,7.17,0.0827,0.697,3.2627,491.1,-0.1243,True,0.6923,-0.0453,-0.0962,1.0,0.9974,0.0986,0.8711,median,-0.0604,-0.2737,-0.1775,Regime 2 (Subcritical),CAUTION,0.55,-0.3455,0.1093,0.0078,-0.395,-0.395,True,True,
BA,The Boeing Company,Consumer Discretionary,2022-Q2,2022-06-30,usd,1.25,2.0784,136.72000122070312,1807.300048828125,10.49,5.46,10.62,8.49,81.19,8.76,0.5278,0.6792,2.5437,457.6,-0.1652,True,0.6092,-0.403,-0.4697,1.0,1.1582,-0.1299,1.0,median,-0.0737,-0.5479,-0.0782,Regime 2 (Subcritical),CAUTION,0.55,0.3817,0.5445,0.3313,-0.1144,-0.1144,False,False,
BA,The Boeing Company,Consumer Discretionary,2022-Q3,2022-09-30,usd,1.25,2.0784,121.08000183105469,1672.0,10.42,7.81,10.51,19.15,72.16,11.97,1.0452,0.6636,2.3378,396.2,-0.1925,True,0.5076,-0.8039,-0.8864,-1.921,1.1432,-0.1785,1.0,median,-0.084,-0.5829,0.3035,Regime 2 (Subcritical),CAUTION,0.55,0.7545,0.5831,0.291,0.0,0.0,False,False,
BA,The Boeing Company,Consumer Discretionary,2022-Q4,2022-12-31,usd,1.25,2.0784,190.49000549316406,1826.199951171875,10.37,7.81,10.55,19.15,192.83,11.97,1.0428,0.656,3.6032,612.7,0.037,False,0.6937,-0.2878,-0.3662,-0.178,1.2397,-0.1436,1.0,median,-0.0793,-0.0553,0.3109,Regime 2 (Subcritical),CAUTION,0.55,0.0807,0.334,-0.0964,-0.0904,-0.293,False,True,
BA,The Boeing Company,Consumer Discretionary,2023-Q1,2023-03-31,usd,1.25,2.0784,212.42999267578125,1969.0,10.32,8.18,10.49,7.69,127.8,9.17,0.4119,0.6545,2.1039,404.0,-0.1223,True,0.6755,-0.0658,-0.1257,0.489,1.1137,-0.0839,1.0,median,-0.0629,0.1204,0.2461,Regime 2 (Subcritical),CAUTION,0.55,-0.0977,-0.0915,-0.1842,-0.1633,-0.3497,False,True,
BA,The Boeing Company,Consumer Discretionary,2023-Q2,2023-06-30,usd,1.25,2.0784,211.16000366210938,1929.4000244140625,10.26,8.33,10.46,7.76,127.37,9.2,0.4128,0.6506,1.677,359.1,-0.1135,True,0.6746,0.4441,0.4018,9.281,0.908,0.0933,0.8772,median,-0.043,0.4504,0.0485,Regime 3 (Parasitic),DANGER,0.95,0.2344,-0.138,0.0161,-0.2218,-0.3531,True,True,True
BA,The Boeing Company,Consumer Discretionary,2023-Q3,2023-09-30,usd,1.25,2.0784,191.67999267578125,1866.0999755859375,10.21,8.0,10.48,4.66,115.96,8.34,0.2521,0.6449,1.9339,380.9,-0.1104,True,0.6756,0.8659,0.8358,100.0,0.9333,0.0803,0.8925,median,-0.0286,0.4744,-0.3614,Regime 3 (Parasitic),DANGER,0.95,0.0275,-0.1678,0.1557,-0.1896,-0.2728,False,True,True
BA,The Boeing Company,Consumer Discretionary,2023-Q4,2023-12-31,usd,1.25,2.0784,260.6600036621094,2071.800048828125,10.19,8.0,10.66,4.66,263.86,8.38,0.2497,0.636,60.7147,2514.1,-0.1039,True,0.7471,0.7008,0.6704,100.0,0.9132,0.0303,0.9566,median,-0.0309,0.3136,-0.3567,Regime 3 (Parasitic),DANGER,0.95,-0.277,-0.2987,-0.1321,-0.4513,-0.4575,True,True,True
BA,The Boeing Company,Consumer Discretionary,2024-Q1,2024-03-31,usd,1.25,2.0784,192.99000549316406,2217.39990234375,10.12,8.12,10.7,7.5,118.47,9.11,0.3989,0.6248,2.5714,462.9,-0.1789,True,0.6661,-0.0217,-0.0691,1.0,0.8807,0.0926,0.878,median,-0.0465,-0.0757,-0.0066,Regime 2 (Subcritical),CAUTION,0.55,-0.1751,-0.1,0.0503,-0.271,-0.2792,True,True,
BA,The Boeing Company,Consumer Discretionary,2024-Q2,2024-06-30,usd,1.25,2.0784,182.00999450683594,2339.60009765625,10.18,9.32,10.98,4.92,112.15,8.85,0.2422,0.6135,2.5949,448.0,-0.1272,True,0.6628,-0.0277,-0.0883,1.0,0.9883,0.0797,0.8932,median,-0.0588,-0.1273,-0.039,Regime 2 (Subcritical),CAUTION,0.55,-0.032,0.1223,0.1595,-0.2684,-0.2684,True,True,
BA,The Boeing Company,Consumer Discretionary,2024-Q3,2024-09-30,usd,1.25,2.0784,152.0399932861328,2659.39990234375,10.12,8.96,11.24,21.41,93.99,12.93,1.0602,0.6006,1.6844,318.8,-0.4627,True,0.5577,-0.5787,-0.6486,-0.479,1.0605,0.2344,0.7399,median,-0.0712,-0.2101,0.4385,Regime 2 (Subcritical),CAUTION,0.55,0.1217,0.4196,0.323,-0.1016,-0.1016,False,False,
BA,The Boeing Company,Consumer Discretionary,2024-Q4,2024-12-31,usd,1.25,2.0784,177.0,2641.0,10.04,8.96,11.41,21.41,179.17,12.95,1.0511,0.595,3.6798,613.4,0.1806,False,0.6754,-0.7527,-0.8229,-0.888,1.0338,0.0849,0.887,median,-0.0666,-0.3871,0.4358,Regime 2 (Subcritical),CAUTION,0.55,0.1853,0.2267,0.1364,-0.2283,-0.2283,True,True,
BA,The Boeing Company,Consumer Discretionary,2025-Q1,2025-03-31,usd,1.25,2.0784,170.5500030517578,3122.800048828125,9.99,7.82,11.46,9.67,128.6,9.74,0.5014,0.5953,2.3749,432.3,-0.0014,True,0.6683,0.0649,0.0154,1.232,1.3186,0.0475,0.9335,median,-0.0484,0.082,0.0665,Regime 2 (Subcritical),CAUTION,0.55,0.2728,0.167,0.1794,-0.1991,-0.1991,False,False,
BA,The Boeing Company,Consumer Discretionary,2025-Q2,2025-06-30,usd,1.25,2.0784,209.52999877929688,3307.699951171875,8.82,10.81,11.66,9.74,158.44,10.26,0.4335,0.5946,1.6671,357.2,-0.0014,True,0.6883,0.2296,0.1976,2.336,1.2442,0.0613,0.9158,median,-0.0313,0.3455,0.1479,Regime 3 (Parasitic),DANGER,0.88,0.0368,0.0331,-0.04,-0.1451,-0.1451,False,False,False
BA,The Boeing Company,Consumer Discretionary,2025-Q3,2025-09-30,usd,1.25,2.0784,215.8300018310547,3873.199951171875,8.78,9.68,12.08,27.92,164.05,14.61,1.2836,0.5923,1.1681,264.7,-0.1507,True,0.6465,0.4486,0.4346,4.553,1.2548,0.0277,0.9601,median,-0.0138,0.557,0.1223,Regime 3 (Parasitic),DANGER,0.95,-0.0778,-0.068,-0.068,-0.1701,-0.1701,False,False,True
BA,The Boeing Company,Consumer Discretionary,2025-Q4,2025-12-31,usd,1.25,2.0784,217.1199951171875,4341.10009765625,18.84,9.68,15.36,27.92,219.78,17.95,1.1153,0.5975,2.1948,443.5,0.1636,False,0.6583,-0.1261,-0.1219,0.626,1.4123,0.0216,0.9685,median,0.0041,0.2043,0.3262,Regime 2 (Subcritical),CAUTION,0.55,0.0067,-0.0736,-0.0736,-0.1285,-0.1285,False,False,
BA,The Boeing Company,Consumer Discretionary,2026-Q1,2026-03-31,usd,1.25,2.0784,199.02999877929688,4647.60009765625,19.15,8.4,15.76,10.18,156.9,13.37,0.4215,0.6068,1.8051,355.6,0.0027,False,0.6515,-0.1382,-0.1185,0.627,1.2793,0.0296,0.9575,median,0.0191,0.1989,0.3174,Regime 2 (Subcritical),CAUTION,0.55,0.0107,0.0107,0.0107,-0.0102,-0.0102,False,False,
BA,The Boeing Company,Consumer Discretionary,2026-Q2,2026-06-30,usd,1.25,2.0784,216.47000122070312,4038.5,19.09,9.4,16.32,9.66,171.09,13.61,0.3755,0.6124,1.4717,318.4,-0.0122,True,0.6618,-0.237,-0.2062,0.271,1.0102,0.0203,0.9705,median,0.0296,0.0768,0.2831,Regime 2 (Subcritical),CAUTION,0.55,-0.0708,-0.0708,-0.0708,-0.0899,-0.0899,False,False,
GOOGL,Alphabet Inc.,Communication Services,2017-Q1,2017-03-31,usd,1.25,2.0784,41.990440368652344,1247.300048828125,19.68,22.97,35.94,26.27,581.24,26.22,0.446,0.4369,0.1374,28.8,0.6165,False,0.7237,-0.1139,-0.1005,0.314,0.8662,-0.0342,1.0,median,0.0158,0.046,0.1465,Regime 2 (Subcritical),CAUTION,0.55,0.1485,0.2233,0.3882,-0.0093,-0.0093,False,False,
GOOGL,Alphabet Inc.,Communication Services,2017-Q2,2017-06-30,usd,1.25,2.0784,46.04584503173828,1240.699951171875,19.54,23.49,37.68,16.53,638.08,24.31,0.2702,0.4363,0.1446,30.8,0.5825,False,0.7361,0.0992,0.1111,4.942,0.84,-0.0019,1.0,median,0.0142,0.1393,0.0282,Regime 2 (Subcritical),CAUTION,0.55,0.1331,0.2146,0.1647,-0.011,-0.011,False,False,
GOOGL,Alphabet Inc.,Communication Services,2017-Q3,2017-09-30,usd,1.25,2.0784,48.227088928222656,1281.5,19.61,23.2,40.12,31.13,670.15,28.52,0.4916,0.4251,0.1619,34.7,0.6332,False,0.7282,0.0703,0.0365,1.224,0.8398,0.0145,0.9786,median,-0.0401,0.1996,0.1631,Regime 2 (Subcritical),CAUTION,0.55,0.072,0.2477,0.2622,-0.0007,-0.0007,False,False,
GOOGL,Alphabet Inc.,Communication Services,2017-Q4,2017-12-31,usd,1.25,2.0784,52.173526763916016,1306.300048828125,19.44,23.2,42.38,31.13,724.99,29.04,0.4746,0.423,0.2687,51.6,0.5738,False,0.7327,0.1626,0.1275,1.786,0.9512,0.134,0.8327,median,-0.0413,0.2897,0.1622,Regime 2 (Subcritical),CAUTION,0.55,0.0522,-0.0263,0.248,-0.0825,-0.0825,False,False,
GOOGL,Alphabet Inc.,Communication Services,2018-Q1,2018-03-31,usd,1.25,2.0784,51.368194580078125,1322.800048828125,20.67,28.3,48.84,28.0,713.96,31.45,0.363,0.4241,0.1346,29.6,0.6033,False,0.7257,0.0498,0.0235,1.129,0.9488,0.0628,0.9139,median,-0.0298,0.2057,0.1822,Regime 2 (Subcritical),CAUTION,0.55,0.192,0.1622,0.132,-0.0276,-0.0276,False,False,
GOOGL,Alphabet Inc.,Communication Services,2018-Q2,2018-06-30,usd,1.25,2.0784,55.92731475830078,1251.300048828125,20.56,28.46,51.67,11.23,778.45,27.98,0.1401,0.4225,0.1334,30.1,0.5524,False,0.7401,0.0868,0.0581,1.413,0.8991,0.0421,0.9406,median,-0.0321,0.1988,0.1407,Regime 2 (Subcritical),CAUTION,0.55,-0.0836,-0.0519,0.2233,-0.1379,-0.1379,False,False,
GOOGL,Alphabet Inc.,Communication Services,2018-Q3,2018-09-30,usd,1.25,2.0784,59.78510284423828,1191.5,20.34,29.2,55.3,33.24,832.16,34.52,0.3934,0.4124,0.1436,32.0,0.6165,False,0.7302,0.0529,0.0254,1.133,0.8039,0.1073,0.8613,median,-0.0301,0.2165,0.1911,Regime 2 (Subcritical),CAUTION,0.55,-0.0262,0.0104,0.2131,-0.1852,-0.1852,False,False,
GOOGL,Alphabet Inc.,Communication Services,2018-Q4,2018-12-31,usd,1.25,2.0784,51.755516052246094,1278.300048828125,20.11,29.2,59.72,33.24,719.98,35.57,0.3738,0.4056,0.2997,52.1,0.5648,False,0.7164,-0.1729,-0.2098,-0.034,1.0437,-0.0618,1.0,median,-0.042,-0.0069,0.2028,Regime 2 (Subcritical),CAUTION,0.55,0.0527,0.2818,0.6615,-0.0187,-0.0187,False,False,
GOOGL,Alphabet Inc.,Communication Services,2019-Q1,2019-03-31,usd,1.25,2.0784,58.28983688354492,1293.0,20.01,32.47,60.53,26.43,809.97,34.86,0.2842,0.4003,0.1523,33.0,0.5844,False,0.7276,0.0726,0.0234,1.228,0.9107,0.0813,0.8914,median,-0.0578,0.1262,0.1028,Regime 2 (Subcritical),CAUTION,0.55,0.0225,-0.0439,0.7068,-0.1336,-0.1336,False,False,
GOOGL,Alphabet Inc.,Communication Services,2019-Q2,2019-06-30,usd,1.25,2.0784,53.629676818847656,1409.699951171875,19.9,33.02,64.89,36.72,744.43,38.63,0.375,0.3941,0.1515,33.5,0.6105,False,0.712,-0.3107,-0.3673,-0.138,1.041,0.0206,0.97,median,-0.0696,-0.0447,0.3226,Regime 2 (Subcritical),CAUTION,0.55,0.2315,0.2702,1.2231,-0.0417,-0.0417,False,False,
GOOGL,Alphabet Inc.,Communication Services,2019-Q3,2019-09-30,usd,1.25,2.0784,60.481483459472656,1465.699951171875,19.82,36.58,69.25,36.71,835.74,40.59,0.3469,0.3894,0.146,32.9,0.6059,False,0.7179,-0.1127,-0.1576,0.027,1.2042,-0.001,1.0,median,-0.0575,0.0043,0.1619,Regime 2 (Subcritical),CAUTION,0.55,-0.0613,0.2005,1.2005,-0.1368,-0.1368,False,False,
GOOGL,Alphabet Inc.,Communication Services,2019-Q4,2019-12-31,usd,1.25,2.0784,66.3382339477539,1519.5,22.6,36.58,73.65,36.71,913.26,42.38,0.333,0.3853,0.3374,54.6,0.5538,False,0.7217,0.1037,0.0624,1.356,0.9223,0.2442,0.7319,median,-0.0512,0.2378,0.1754,Regime 2 (Subcritical),CAUTION,0.55,0.0587,0.2963,1.1831,-0.213,-0.213,True,True,
GOOGL,Alphabet Inc.,Communication Services,2020-Q1,2020-03-31,usd,1.25,2.0784,57.54987335205078,1583.4000244140625,22.57,38.8,73.65,31.91,787.25,41.73,0.2838,0.3815,0.1499,33.0,0.5722,False,0.7101,-0.1751,-0.2084,-0.158,1.3633,-0.1008,1.0,median,-0.0482,-0.0285,0.18,Regime 2 (Subcritical),CAUTION,0.55,0.2617,0.7751,1.3937,-0.0596,-0.0596,False,False,
GOOGL,Alphabet Inc.,Communication Services,2020-Q2,2020-06-30,usd,1.25,2.0784,70.23416900634766,1800.5,22.52,37.84,73.65,25.53,956.89,39.88,0.229,0.377,0.172,34.6,0.5737,False,0.7301,0.2496,0.2192,7.882,1.2425,0.0122,0.982,median,-0.0443,0.2511,0.0319,Regime 3 (Parasitic),DANGER,0.85,0.2396,0.7219,0.5368,-0.0061,-0.0061,False,False,False
GOOGL,Alphabet Inc.,Communication Services,2020-Q3,2020-09-30,usd,1.25,2.0784,72.5892562866211,1895.5,22.39,38.45,73.65,44.85,983.91,44.83,0.4001,0.3713,0.1504,33.9,0.6092,False,0.7231,0.0966,0.0637,1.641,1.1182,0.0992,0.8705,median,-0.0476,0.1632,0.0995,Regime 2 (Subcritical),CAUTION,0.55,0.4073,0.8242,0.3053,-0.0099,-0.0099,False,False,
GOOGL,Alphabet Inc.,Communication Services,2020-Q4,2020-12-31,usd,1.25,2.0784,86.80598449707031,1895.0999755859375,22.62,38.45,84.75,44.85,1172.27,47.67,0.3641,0.3675,0.3353,57.3,0.5597,False,0.7318,0.1658,0.1322,2.125,1.0728,0.1158,0.852,median,-0.0472,0.2497,0.1175,Regime 2 (Subcritical),CAUTION,0.55,0.3973,0.653,0.0068,-0.017,-0.048,False,False,
GOOGL,Alphabet Inc.,Communication Services,2021-Q1,2021-03-31,usd,1.25,2.0784,102.15393829345703,1713.800048828125,24.16,41.03,84.75,65.75,1371.1,53.92,0.5227,0.3647,0.1271,31.4,0.6053,False,0.7341,0.3339,0.2985,2.165,0.7041,0.3339,0.6663,median,-0.0449,0.5548,0.2563,Regime 2 (Subcritical),CAUTION,0.55,0.3028,0.3485,0.0059,0.0,-0.191,False,False,
GOOGL,Alphabet Inc.,Communication Services,2021-Q2,2021-06-30,usd,1.25,2.0784,120.93869018554688,1771.5999755859375,24.03,44.06,84.75,77.44,1614.86,57.57,0.6012,0.3649,0.1259,33.9,0.5929,False,0.7405,0.1811,0.1563,1.426,0.7098,0.2339,0.7403,median,-0.0327,0.5233,0.367,Regime 2 (Subcritical),CAUTION,0.55,0.2012,-0.1075,-0.0196,-0.1334,-0.3166,False,True,
GOOGL,Alphabet Inc.,Communication Services,2021-Q3,2021-09-30,usd,1.25,2.0784,132.41595458984375,1757.0,24.17,43.8,84.75,84.12,1760.29,59.21,0.6544,0.3682,0.134,36.7,0.6023,False,0.7439,0.31,0.3036,2.091,0.7237,0.1319,0.8348,median,-0.0083,0.5817,0.2781,Regime 2 (Subcritical),CAUTION,0.55,0.0403,-0.2845,-0.0211,-0.2845,-0.3759,True,True,
GOOGL,Alphabet Inc.,Communication Services,2021-Q4,2021-12-31,usd,1.25,2.0784,143.48663330078125,1828.5999755859375,24.37,43.8,97.6,84.12,1900.11,62.47,0.5949,0.3746,0.1454,41.4,0.5483,False,0.7453,0.1979,0.2125,1.785,0.7604,0.1941,0.7745,median,0.0189,0.483,0.2705,Regime 2 (Subcritical),CAUTION,0.55,-0.2493,-0.3909,-0.0356,-0.424,-0.424,True,True,
GOOGL,Alphabet Inc.,Communication Services,2022-Q1,2022-03-31,usd,1.25,2.0784,137.75665283203125,1949.199951171875,24.32,49.97,97.6,80.38,1814.98,63.07,0.5447,0.3823,0.1445,40.2,0.5694,False,0.742,0.0841,0.1238,1.79,0.9974,0.0986,0.8711,median,0.0471,0.2805,0.1566,Regime 2 (Subcritical),CAUTION,0.55,-0.2995,-0.2541,0.0853,-0.4001,-0.4001,True,True,
GOOGL,Alphabet Inc.,Communication Services,2022-Q2,2022-06-30,usd,1.25,2.0784,107.93589782714844,1807.300048828125,25.33,53.99,97.6,77.81,1411.59,63.68,0.5133,0.3903,0.1375,39.4,0.5424,False,0.724,-0.2963,-0.2354,-1.334,1.1582,-0.1299,1.0,median,0.0674,-0.1345,0.1009,Regime 2 (Subcritical),CAUTION,0.55,-0.1883,0.0985,0.6736,-0.2343,-0.2343,True,True,
GOOGL,Alphabet Inc.,Communication Services,2022-Q3,2022-09-30,usd,1.25,2.0784,94.7484130859375,1672.0,31.03,55.48,97.6,68.54,1228.98,63.16,0.4477,0.398,0.13,36.6,0.5217,False,0.7128,-0.5002,-0.4239,-5.564,1.1432,-0.1785,1.0,median,0.0777,-0.3593,0.0646,Regime 2 (Subcritical),CAUTION,0.55,0.0845,0.3681,0.7183,-0.1278,-0.1278,False,False,
GOOGL,Alphabet Inc.,Communication Services,2022-Q4,2022-12-31,usd,1.25,2.0784,87.39835357666016,1826.199951171875,31.04,55.48,112.67,68.54,1122.98,66.93,0.4076,0.4046,0.2553,58.3,0.5022,False,0.6984,-0.671,-0.5949,-7.629,1.2397,-0.1436,1.0,median,0.077,-0.5259,0.0689,Regime 2 (Subcritical),CAUTION,0.55,0.3431,0.5674,1.1536,-0.0328,-0.0328,False,False,
GOOGL,Alphabet Inc.,Communication Services,2023-Q1,2023-03-31,usd,1.25,2.0784,102.75223541259766,1969.0,30.96,60.91,112.67,69.66,1307.21,68.55,0.4013,0.4097,0.1507,41.6,0.5137,False,0.7111,-0.4775,-0.4115,-3.937,1.1137,-0.0839,1.0,median,0.0693,-0.3282,0.0834,Regime 2 (Subcritical),CAUTION,0.55,0.2615,0.455,0.4949,-0.0002,-0.0002,False,False,
GOOGL,Alphabet Inc.,Communication Services,2023-Q2,2023-06-30,usd,1.25,2.0784,118.57169342041016,1929.4000244140625,31.18,56.28,112.67,87.35,1497.44,71.87,0.517,0.4137,0.1359,38.7,0.5031,False,0.7189,-0.1191,-0.0619,0.488,0.908,0.0933,0.8772,median,0.0583,0.059,0.1209,Regime 2 (Subcritical),CAUTION,0.55,0.167,0.5235,0.5004,-0.0272,-0.0272,False,False,
GOOGL,Alphabet Inc.,Communication Services,2023-Q3,2023-09-30,usd,1.25,2.0784,129.6265106201172,1866.0999755859375,30.98,60.95,112.67,85.37,1625.65,72.49,0.4917,0.418,0.1452,41.0,0.5023,False,0.7249,0.0903,0.1419,2.03,0.9333,0.0803,0.8925,median,0.049,0.2797,0.1378,Regime 2 (Subcritical),CAUTION,0.55,0.1249,0.225,0.8315,-0.0894,-0.0894,False,False,
GOOGL,Alphabet Inc.,Communication Services,2023-Q4,2023-12-31,usd,1.25,2.0784,138.373291015625,2071.800048828125,29.2,60.95,134.34,85.37,1724.13,77.47,0.4371,0.4222,0.181,46.8,0.4813,False,0.7244,0.2405,0.2826,2.934,0.9132,0.0303,0.9566,median,0.0426,0.4287,0.1461,Regime 2 (Subcritical),CAUTION,0.55,0.3198,0.3891,1.2886,-0.049,-0.049,False,False,
GOOGL,Alphabet Inc.,Communication Services,2024-Q1,2024-03-31,usd,1.25,2.0784,149.50733947753906,2217.39990234375,29.18,59.72,143.18,101.89,1851.05,83.49,0.5022,0.4257,0.1167,33.7,0.4302,False,0.7242,0.1118,0.1507,1.764,0.8807,0.0926,0.878,median,0.0381,0.3479,0.1972,Regime 2 (Subcritical),CAUTION,0.55,0.057,-0.0007,0.8647,-0.0416,-0.0649,False,False,
GOOGL,Alphabet Inc.,Communication Services,2024-Q2,2024-06-30,usd,1.25,2.0784,180.64012145996094,2339.60009765625,29.18,60.07,151.16,109.7,2225.85,87.53,0.5193,0.4292,0.1175,35.1,0.3863,False,0.7342,0.1612,0.1993,2.011,0.9883,0.0797,0.8932,median,0.0369,0.3964,0.1971,Regime 2 (Subcritical),CAUTION,0.55,0.056,-0.0323,0.968,-0.2064,-0.2064,True,True,
GOOGL,Alphabet Inc.,Communication Services,2024-Q3,2024-09-30,usd,1.25,2.0784,164.69351196289062,2659.39990234375,31.93,64.18,161.27,114.08,2019.8,92.87,0.506,0.4331,0.1106,33.2,0.3426,False,0.7227,-0.0654,-0.0306,0.876,1.0605,0.2344,0.7399,median,0.0354,0.2171,0.2477,Regime 2 (Subcritical),CAUTION,0.55,-0.0654,0.4722,1.1422,-0.1255,-0.1255,False,False,
GOOGL,Alphabet Inc.,Communication Services,2024-Q4,2024-12-31,usd,1.25,2.0784,188.19540405273438,2641.0,31.89,64.18,171.04,114.08,2298.05,95.3,0.485,0.4368,0.1247,38.5,0.4066,False,0.7306,0.0442,0.0802,1.387,1.0338,0.0849,0.887,median,0.0342,0.2873,0.2072,Regime 2 (Subcritical),CAUTION,0.55,-0.0689,0.6599,0.8746,-0.2347,-0.2347,True,True,
GOOGL,Alphabet Inc.,Communication Services,2025-Q1,2025-03-31,usd,1.25,2.0784,153.9147186279297,3122.800048828125,32.17,68.38,185.06,122.42,1870.83,102.01,0.483,0.4404,0.1092,30.3,0.3215,False,0.7078,-0.2245,-0.1897,0.053,1.3186,0.0475,0.9335,median,0.034,0.0106,0.2003,Regime 2 (Subcritical),CAUTION,0.55,0.5815,0.866,1.2922,-0.0643,-0.0643,False,False,
GOOGL,Alphabet Inc.,Communication Services,2025-Q2,2025-06-30,usd,1.25,2.0784,175.61578369140625,3307.699951171875,32.34,76.07,185.06,125.08,2125.65,104.64,0.479,0.4436,0.1162,32.6,0.3158,False,0.717,-0.2583,-0.2246,-0.258,1.2442,0.0613,0.9158,median,0.033,-0.0461,0.1785,Regime 2 (Subcritical),CAUTION,0.55,0.782,1.0336,1.0089,-0.0106,-0.0106,False,False,
GOOGL,Alphabet Inc.,Communication Services,2025-Q3,2025-09-30,usd,1.25,2.0784,242.4694366455078,3873.199951171875,33.27,90.18,185.06,124.91,2928.3,108.35,0.4538,0.4466,0.0994,27.7,0.3116,False,0.7382,0.1859,0.2172,2.408,1.2548,0.0277,0.9601,median,0.0309,0.3714,0.1542,Regime 2 (Subcritical),CAUTION,0.55,0.1845,0.455,0.455,-0.0269,-0.0269,False,False,
GOOGL,Alphabet Inc.,Communication Services,2025-Q4,2025-12-31,usd,1.25,2.0784,312.3923034667969,4341.10009765625,34.66,90.18,185.06,124.91,3776.2,108.7,0.4538,0.4491,0.1644,42.0,0.4121,False,0.7523,0.337,0.365,3.773,1.4123,0.0216,0.9685,median,0.0276,0.4967,0.1316,Regime 3 (Parasitic),DANGER,0.887,0.1555,0.1293,0.1293,-0.1256,-0.1256,False,False,False
GOOGL,Alphabet Inc.,Communication Services,2026-Q1,2026-03-31,usd,1.25,2.0784,287.2037353515625,4647.60009765625,67.22,85.29,185.06,158.78,3479.76,124.09,0.5873,0.4511,0.066,15.1,0.3437,False,0.7404,0.3998,0.4246,3.167,1.2793,0.0296,0.9575,median,0.0241,0.6206,0.1959,Regime 3 (Parasitic),DANGER,0.95,0.2284,0.2284,0.2284,0.0,0.0,False,False,False
GOOGL,Alphabet Inc.,Communication Services,2026-Q2,2026-06-30,usd,1.25,2.0784,357.14044189453125,4038.5,66.93,98.72,185.06,163.08,4367.83,128.45,0.5747,0.4541,0.1703,32.3,0.4666,False,0.7512,0.4909,0.5152,3.513,1.0102,0.0203,0.9705,median,0.0233,0.7202,0.205,Regime 3 (Parasitic),DANGER,0.95,-0.0122,-0.0122,-0.0122,-0.111,-0.111,False,False,True
META,"Meta Platforms, Inc.",Communication Services,2017-Q1,2017-03-31,usd,1.25,2.0784,140.702392578125,1247.300048828125,20.49,9.96,9.46,13.31,414.23,13.3,0.6853,0.7077,0.1489,25.4,0.596,False,0.7465,-0.257,-0.1191,0.474,0.8662,-0.0342,1.0,median,0.1584,0.1072,0.2263,Regime 2 (Subcritical),CAUTION,0.55,0.2029,0.1249,0.1735,-0.0187,-0.1266,False,False,
META,"Meta Platforms, Inc.",Communication Services,2017-Q2,2017-06-30,usd,1.25,2.0784,149.54766845703125,1240.699951171875,20.32,10.24,10.63,17.6,441.17,14.7,0.8438,0.7123,0.0777,14.3,0.6193,False,0.7444,-0.2053,-0.0667,0.715,0.84,-0.0019,1.0,median,0.1648,0.1675,0.2342,Regime 2 (Subcritical),CAUTION,0.55,0.1688,0.2871,0.2783,-0.0169,-0.1783,False,False,
META,"Meta Platforms, Inc.",Communication Services,2017-Q3,2017-09-30,usd,1.25,2.0784,169.2489776611328,1281.5,20.26,10.35,12.16,20.49,499.96,15.82,0.9102,0.723,0.0783,15.0,0.6247,False,0.7473,-0.0302,0.0507,1.2,0.8398,0.0145,0.9786,median,0.096,0.3045,0.2538,Regime 2 (Subcritical),CAUTION,0.55,-0.0571,-0.0296,0.0508,-0.1018,-0.268,False,True,
META,"Meta Platforms, Inc.",Communication Services,2017-Q4,2017-12-31,usd,1.25,2.0784,174.7859649658203,1306.300048828125,20.11,10.35,13.72,20.49,516.67,16.17,0.8511,0.7381,0.0951,28.1,0.5299,False,0.7479,0.117,0.1739,1.658,0.9512,0.134,0.8327,median,0.067,0.4383,0.2644,Regime 2 (Subcritical),CAUTION,0.55,0.0711,-0.2774,0.1314,-0.3162,-0.3162,True,True,
META,"Meta Platforms, Inc.",Communication Services,2018-Q1,2018-03-31,usd,1.25,2.0784,158.2740936279297,1322.800048828125,20.0,11.98,16.21,21.8,466.12,17.5,0.7732,0.7512,0.0556,10.9,0.6326,False,0.737,-0.2086,-0.156,0.431,0.9488,0.0628,0.9139,median,0.0596,0.118,0.2741,Regime 2 (Subcritical),CAUTION,0.55,0.0584,0.0727,0.068,-0.2016,-0.2016,True,True,
META,"Meta Platforms, Inc.",Communication Services,2018-Q2,2018-06-30,usd,1.25,2.0784,192.4765167236328,1251.300048828125,19.84,13.2,18.36,23.45,565.69,18.71,0.7433,0.7595,0.0995,21.3,0.6074,False,0.7447,-0.0502,0.0071,1.029,0.8991,0.0421,0.9406,median,0.0642,0.2486,0.2415,Regime 2 (Subcritical),CAUTION,0.55,-0.3251,-0.0221,0.118,-0.3714,-0.3714,True,True,
META,"Meta Platforms, Inc.",Communication Services,2018-Q3,2018-09-30,usd,1.25,2.0784,162.89981079101562,1191.5,19.75,14.4,21.11,23.12,477.46,19.6,0.6512,0.7641,0.0831,18.0,0.1995,False,0.7308,-0.3109,-0.2605,-0.215,0.8039,0.1073,0.8613,median,0.0553,-0.0461,0.2144,Regime 2 (Subcritical),CAUTION,0.55,0.0262,0.0963,0.6116,-0.2363,-0.2363,True,True,
META,"Meta Platforms, Inc.",Communication Services,2018-Q4,2018-12-31,usd,1.25,2.0784,129.8463592529297,1278.300048828125,19.59,14.4,24.68,23.12,379.28,20.45,0.5917,0.7637,0.1036,30.0,0.2475,False,0.7079,-0.5741,-0.5442,-1.315,1.0437,-0.0618,1.0,median,0.0341,-0.3091,0.2351,Regime 2 (Subcritical),CAUTION,0.55,0.4723,0.5657,1.0739,0.0,0.0,False,False,
META,"Meta Platforms, Inc.",Communication Services,2019-Q1,2019-03-31,usd,1.25,2.0784,165.108642578125,1293.0,19.48,27.7,27.34,13.27,473.7,21.95,0.2411,0.7591,0.0976,19.6,0.255,False,0.7216,-0.2195,-0.2105,0.071,0.9107,0.0813,0.8914,median,0.0105,0.0161,0.2266,Regime 2 (Subcritical),CAUTION,0.55,0.0498,-0.0163,0.7072,-0.1345,-0.1345,False,False,
META,"Meta Platforms, Inc.",Communication Services,2019-Q2,2019-06-30,usd,1.25,2.0784,191.16903686523438,1409.699951171875,19.33,26.16,30.0,18.5,549.23,23.5,0.3295,0.744,0.1069,22.5,0.2598,False,0.7278,-0.2405,-0.2573,-0.13,1.041,0.0206,0.97,median,-0.0207,-0.0295,0.2278,Regime 2 (Subcritical),CAUTION,0.55,0.0782,0.1432,0.8233,-0.2435,-0.2435,True,True,
META,"Meta Platforms, Inc.",Communication Services,2019-Q3,2019-09-30,usd,1.25,2.0784,176.39059448242188,1465.699951171875,19.19,19.58,32.28,28.74,507.12,24.95,0.5541,0.7248,0.0714,14.8,0.2414,False,0.7164,-0.1399,-0.1812,0.25,1.2042,-0.001,1.0,median,-0.0527,0.0603,0.2414,Regime 2 (Subcritical),CAUTION,0.55,-0.0681,0.4701,0.9071,-0.1801,-0.1801,False,False,
META,"Meta Platforms, Inc.",Communication Services,2019-Q4,2019-12-31,usd,1.25,2.0784,203.30284118652344,1519.5,19.61,19.58,35.32,28.74,584.7,25.81,0.5234,0.7081,0.1078,28.3,0.3148,False,0.7254,0.2608,0.1999,1.858,0.9223,0.2442,0.7319,median,-0.0756,0.4328,0.2329,Regime 2 (Subcritical),CAUTION,0.55,0.1063,0.3246,0.6778,-0.2886,-0.2886,True,True,
META,"Meta Platforms, Inc.",Communication Services,2020-Q1,2020-03-31,usd,1.25,2.0784,165.21759033203125,1583.4000244140625,19.65,22.39,37.13,23.57,473.84,25.68,0.396,0.6928,0.0835,15.6,0.3475,False,0.7075,-0.0938,-0.1569,0.002,1.3633,-0.1008,1.0,median,-0.0914,0.0003,0.1572,Regime 2 (Subcritical),CAUTION,0.55,0.5695,0.7658,0.3331,-0.0757,-0.0757,False,False,
META,"Meta Platforms, Inc.",Communication Services,2020-Q2,2020-06-30,usd,1.25,2.0784,224.91583251953125,1800.5,19.89,24.22,39.01,23.85,646.86,26.74,0.3772,0.6767,0.0748,14.6,0.3145,False,0.7304,0.0993,0.0343,1.265,1.2425,0.0122,0.982,median,-0.0948,0.1636,0.1294,Regime 2 (Subcritical),CAUTION,0.55,0.2189,0.5313,-0.2899,0.0,-0.3136,False,True,
META,"Meta Platforms, Inc.",Communication Services,2020-Q3,2020-09-30,usd,1.25,2.0784,259.4153747558594,1895.5,19.77,26.21,42.29,32.16,747.89,30.11,0.4695,0.66,0.0469,10.0,0.1606,False,0.7323,0.265,0.2005,2.067,1.1182,0.0992,0.8705,median,-0.0937,0.3885,0.188,Regime 2 (Subcritical),CAUTION,0.55,0.1246,0.2959,-0.4819,-0.0621,-0.4868,False,True,
META,"Meta Platforms, Inc.",Communication Services,2020-Q4,2020-12-31,usd,1.25,2.0784,270.5685729980469,1895.0999755859375,19.67,26.21,42.29,32.16,781.4,30.08,0.4695,0.6448,0.1288,31.6,0.2717,False,0.7353,0.2035,0.1369,1.894,1.0728,0.1158,0.852,median,-0.0937,0.29,0.1531,Regime 2 (Subcritical),CAUTION,0.55,0.2974,0.2313,-0.5595,-0.1007,-0.6745,False,True,
META,"Meta Platforms, Inc.",Communication Services,2021-Q1,2021-03-31,usd,1.25,2.0784,291.73583984375,1713.800048828125,19.56,27.28,42.29,45.51,840.78,33.66,0.6542,0.6308,0.0768,18.0,0.1981,False,0.7327,0.377,0.3031,2.121,0.7041,0.3339,0.6663,median,-0.0938,0.5735,0.2704,Regime 3 (Parasitic),DANGER,0.877,0.1531,-0.245,-0.2804,-0.3663,-0.6981,True,True,True
META,"Meta Platforms, Inc.",Communication Services,2021-Q2,2021-06-30,usd,1.25,2.0784,344.41131591796875,1771.5999755859375,19.73,32.21,42.29,49.47,992.25,35.92,0.664,0.6207,0.0831,20.7,0.1369,False,0.7394,0.1983,0.1326,1.449,0.7098,0.2339,0.7403,median,-0.0864,0.4278,0.2952,Regime 2 (Subcritical),CAUTION,0.55,-0.0137,-0.5363,-0.1747,-0.5518,-0.7443,True,True,
META,"Meta Platforms, Inc.",Communication Services,2021-Q3,2021-09-30,usd,1.25,2.0784,336.1703186035156,1757.0,19.43,37.05,42.29,41.69,966.83,35.12,0.5255,0.6136,0.0947,23.7,0.1373,False,0.7391,0.159,0.103,1.669,0.7237,0.1319,0.8348,median,-0.0729,0.2568,0.1538,Regime 2 (Subcritical),CAUTION,0.55,-0.3448,-0.6002,-0.1154,-0.604,-0.738,True,True,
META,"Meta Platforms, Inc.",Communication Services,2021-Q4,2021-12-31,usd,1.25,2.0784,333.1590881347656,1828.5999755859375,19.83,37.05,42.29,41.69,952.5,35.22,0.5255,0.607,0.1067,32.6,0.4583,False,0.738,0.0867,0.0405,1.257,0.7604,0.1941,0.7745,median,-0.0603,0.198,0.1575,Regime 2 (Subcritical),CAUTION,0.55,-0.5242,-0.6422,0.0524,-0.7357,-0.7357,True,True,
META,"Meta Platforms, Inc.",Communication Services,2022-Q1,2022-03-31,usd,1.25,2.0784,220.25050354003906,1949.199951171875,20.83,40.27,42.29,34.1,603.93,34.37,0.413,0.601,0.0928,23.0,0.1591,False,0.7027,-0.3109,-0.3518,-15.807,0.9974,0.0986,0.8711,median,-0.0485,-0.3309,0.0209,Regime 2 (Subcritical),CAUTION,0.55,-0.3865,-0.0469,1.1861,-0.6002,-0.6002,True,True,
META,"Meta Platforms, Inc.",Communication Services,2022-Q2,2022-06-30,usd,1.25,2.0784,159.72024536132812,1807.300048828125,21.19,46.71,42.29,33.43,435.88,35.91,0.3756,0.5939,0.0776,19.2,0.4175,False,0.6565,-0.7803,-0.8221,1.0,1.1582,-0.1299,1.0,median,-0.0441,-0.8226,-0.0005,Regime 2 (Subcritical),CAUTION,0.55,-0.2542,0.7797,2.1334,-0.4486,-0.4486,True,True,
META,"Meta Platforms, Inc.",Communication Services,2022-Q3,2022-09-30,usd,1.25,2.0784,134.392822265625,1672.0,21.14,50.22,42.29,22.66,365.28,34.08,0.2449,0.5858,0.0946,21.4,0.4307,False,0.6372,-0.8939,-0.9433,1.0,1.1432,-0.1785,1.0,median,-0.0464,-0.9734,-0.03,Regime 2 (Subcritical),CAUTION,0.55,0.5621,1.2126,3.1942,-0.3447,-0.3447,True,True,
META,"Meta Platforms, Inc.",Communication Services,2022-Q4,2022-12-31,usd,1.25,2.0784,119.1983642578125,1826.199951171875,21.2,50.22,42.29,22.66,322.07,34.09,0.2449,0.5754,0.3826,56.8,0.4198,False,0.6144,-0.9945,-1.0519,1.0,1.2397,-0.1436,1.0,median,-0.0535,-1.0843,-0.0324,Regime 2 (Subcritical),CAUTION,0.55,1.3006,1.8376,3.7579,0.0,0.0,False,False,
META,"Meta Platforms, Inc.",Communication Services,2023-Q1,2023-03-31,usd,1.25,2.0784,209.9293670654297,1969.0,21.6,49.06,42.29,28.91,544.98,35.47,0.3164,0.5634,0.0969,22.0,0.3957,False,0.6881,-0.0681,-0.134,-3.28,1.1137,-0.0839,1.0,median,-0.0644,-0.1027,0.0313,Regime 2 (Subcritical),CAUTION,0.55,0.4165,1.2936,1.7341,-0.0207,-0.0207,False,False,
META,"Meta Platforms, Inc.",Communication Services,2023-Q2,2023-06-30,usd,1.25,2.0784,284.25750732421875,1929.4000244140625,21.52,54.03,42.29,37.57,740.21,38.85,0.39,0.5512,0.1054,23.8,0.4662,False,0.7107,0.533,0.4507,6.717,0.908,0.0933,0.8772,median,-0.0746,0.5296,0.0788,Regime 3 (Parasitic),DANGER,0.95,0.2334,0.7606,1.5704,-0.013,-0.013,False,False,False
META,"Meta Platforms, Inc.",Communication Services,2023-Q3,2023-09-30,usd,1.25,2.0784,297.3619079589844,1866.0999755859375,21.48,45.24,42.29,54.99,779.98,41.0,0.6282,0.5398,0.101,23.3,0.4756,False,0.7105,0.6626,0.5736,4.1,0.9333,0.0803,0.8925,median,-0.0817,0.7586,0.185,Regime 3 (Parasitic),DANGER,0.95,0.5843,0.8547,1.4379,-0.0602,-0.0602,False,False,False
META,"Meta Platforms, Inc.",Communication Services,2023-Q4,2023-12-31,usd,1.25,2.0784,350.6020202636719,2071.800048828125,21.44,45.24,42.29,54.99,921.73,40.99,0.6282,0.5318,0.1014,29.6,0.4697,False,0.7249,0.9476,0.8671,5.704,0.9132,0.0303,0.9566,median,-0.0789,1.0515,0.1843,Regime 3 (Parasitic),DANGER,0.95,0.4591,0.7139,0.9365,-0.0053,-0.0053,False,False,False
META,"Meta Platforms, Inc.",Communication Services,2024-Q1,2024-03-31,usd,1.25,2.0784,481.48370361328125,2217.39990234375,21.48,53.73,42.29,55.27,1263.89,43.19,0.5756,0.5264,0.1407,33.6,0.4441,False,0.7429,0.7215,0.6441,4.267,0.8807,0.0926,0.878,median,-0.0679,0.8412,0.1972,Regime 3 (Parasitic),DANGER,0.95,0.1569,0.1773,0.1723,-0.1245,-0.1245,False,False,False
META,"Meta Platforms, Inc.",Communication Services,2024-Q2,2024-06-30,usd,1.25,2.0784,500.4628601074219,2339.60009765625,21.64,56.78,42.29,59.39,1310.71,45.02,0.5994,0.5227,0.1367,33.9,0.4243,False,0.7426,0.4868,0.4239,3.875,0.9883,0.0797,0.8932,median,-0.0531,0.5714,0.1475,Regime 3 (Parasitic),DANGER,0.95,0.1906,0.4675,0.1236,-0.1016,-0.1016,False,False,False
META,"Meta Platforms, Inc.",Communication Services,2024-Q3,2024-09-30,usd,1.25,2.0784,568.716552734375,2659.39990234375,21.63,52.17,42.29,69.4,1487.19,46.37,0.7347,0.5206,0.143,33.1,0.4651,False,0.7481,0.5616,0.5223,5.244,1.0605,0.2344,0.7399,median,-0.0363,0.6454,0.1231,Regime 3 (Parasitic),DANGER,0.95,0.0086,0.2869,0.2996,-0.1519,-0.1519,False,False,False
META,"Meta Platforms, Inc.",Communication Services,2024-Q4,2024-12-31,usd,1.25,2.0784,582.1708374023438,2641.0,21.57,52.17,42.29,69.4,1521.79,46.36,0.7347,0.5211,0.0877,26.8,0.4598,False,0.7494,0.402,0.3784,4.077,1.0338,0.0849,0.887,median,-0.0202,0.5014,0.123,Regime 3 (Parasitic),DANGER,0.902,0.2304,0.1309,0.2695,-0.1715,-0.1715,False,False,False
META,"Meta Platforms, Inc.",Communication Services,2025-Q1,2025-03-31,usd,1.25,2.0784,573.5828247070312,3122.800048828125,20.65,57.72,42.29,70.22,1485.58,47.72,0.7021,0.5237,0.142,31.3,0.439,False,0.7465,0.068,0.0619,1.622,1.3186,0.0475,0.9335,median,-0.0052,0.1616,0.0997,Regime 2 (Subcritical),CAUTION,0.55,0.2917,-0.0042,0.2885,-0.1591,-0.1591,False,False,
META,"Meta Platforms, Inc.",Communication Services,2025-Q2,2025-06-30,usd,1.25,2.0784,735.0986938476562,3307.699951171875,20.65,62.42,42.29,81.76,1896.55,51.78,0.7809,0.5276,0.1351,31.8,0.2697,False,0.7548,0.2182,0.2296,2.642,1.2442,0.0613,0.9158,median,0.0093,0.3695,0.1398,Regime 2 (Subcritical),CAUTION,0.55,-0.1062,-0.2343,0.0054,-0.2861,-0.2861,True,True,
META,"Meta Platforms, Inc.",Communication Services,2025-Q3,2025-09-30,usd,1.25,2.0784,731.8973388671875,3873.199951171875,24.34,74.62,42.29,82.14,1886.83,55.85,0.7026,0.5333,0.1251,30.8,0.247,False,0.7509,0.0207,0.0521,1.28,1.2548,0.0277,0.9601,median,0.0242,0.238,0.1859,Regime 2 (Subcritical),CAUTION,0.55,-0.2196,0.0098,0.0098,-0.2829,-0.2829,True,True,
META,"Meta Platforms, Inc.",Communication Services,2025-Q4,2025-12-31,usd,1.25,2.0784,658.3950805664062,4341.10009765625,28.23,74.62,42.29,82.14,1694.71,56.82,0.7026,0.5396,0.0297,8.1,0.3884,False,0.7441,-0.1411,-0.0959,0.529,1.4123,0.0216,0.9685,median,0.0349,0.1076,0.2035,Regime 2 (Subcritical),CAUTION,0.55,-0.0698,0.1226,0.1226,-0.2029,-0.2029,True,True,
META,"Meta Platforms, Inc.",Communication Services,2026-Q1,2026-03-31,usd,1.25,2.0784,571.1494750976562,4647.60009765625,24.75,81.25,42.29,91.49,1464.43,59.94,0.7405,0.5463,0.1361,28.3,0.3952,False,0.7313,-0.2995,-0.2424,-0.063,1.2793,0.0296,0.9575,median,0.0422,-0.0143,0.228,Regime 2 (Subcritical),CAUTION,0.55,0.294,0.294,0.294,-0.057,-0.057,False,False,
META,"Meta Platforms, Inc.",Communication Services,2026-Q2,2026-06-30,usd,1.25,2.0784,562.8457641601562,4038.5,23.41,109.06,42.29,75.1,1443.7,62.46,0.4962,0.5536,0.0051,-95.4,0.4039,False,0.7274,-0.5322,-0.4604,-1.455,1.0102,0.0203,0.9705,median,0.048,-0.2728,0.1875,Regime 2 (Subcritical),CAUTION,0.55,0.3131,0.3131,0.3131,-0.0431,-0.0431,False,False,
DIS,The Walt Disney Company,Communication Services,2017-Q1,2017-03-31,usd,1.25,2.0784,105.27958679199219,1247.300048828125,0.15,1.0,1.0,1.0,166.13,0.79,0.5,0.5,0.0015,0.0,1.9992,False,0.7924,0.2015,0.2015,100.0,0.8662,-0.0342,1.0,median,0.0,0.2015,0.0,Regime 3 (Parasitic),DANGER,0.752,-0.1242,-0.1004,0.0102,-0.1388,-0.1388,False,False,True
DIS,The Walt Disney Company,Communication Services,2017-Q2,2017-06-30,usd,1.25,2.0784,98.65028381347656,1240.699951171875,0.15,1.0,1.0,1.0,155.67,0.79,0.5,0.5,0.0015,0.0,1.9992,False,0.7919,0.1365,0.1365,100.0,0.84,-0.0019,1.0,median,0.0,0.1365,0.0,Regime 2 (Subcritical),CAUTION,0.55,0.0276,0.0018,0.3559,-0.0809,-0.0809,False,False,
DIS,The Walt Disney Company,Communication Services,2017-Q3,2017-09-30,usd,1.25,2.0784,92.20044708251953,1281.5,31.43,1.0,1.0,1.0,145.49,8.61,0.5,0.5,0.0015,0.0,1.7562,False,0.7078,-2.3166,-2.3166,0.031,0.8398,0.0145,0.9786,median,0.0,0.0748,2.3914,Regime 2 (Subcritical),CAUTION,0.55,0.0139,0.1899,0.3447,-0.0293,-0.0293,False,False,
DIS,The Walt Disney Company,Communication Services,2017-Q4,2017-12-31,usd,1.25,2.0784,101.37171936035156,1306.300048828125,31.43,1.0,1.0,15.94,159.96,12.34,7.972,0.5,0.0001,0.0,-3.5508,True,0.6734,-2.7054,-2.7054,0.017,0.9512,0.134,0.8327,median,0.0,0.0465,2.7519,Regime 2 (Subcritical),CAUTION,0.55,-0.0625,-0.0037,0.3302,-0.1186,-0.1186,False,False,
DIS,The Walt Disney Company,Communication Services,2018-Q1,2018-03-31,usd,1.25,2.0784,94.70539093017578,1322.800048828125,31.43,8.96,1.0,16.95,143.48,14.58,1.7023,0.8244,0.0001,0.0,-3.844,True,0.6288,-3.8587,-3.0653,-0.05,0.9488,0.0628,0.9139,median,0.5,-0.1466,2.9187,Regime 2 (Subcritical),CAUTION,0.55,0.1948,0.1432,0.0402,0.0,-0.1062,False,False,
DIS,The Walt Disney Company,Communication Services,2018-Q2,2018-06-30,usd,1.25,2.0784,98.82586669921875,1251.300048828125,31.43,8.85,1.0,16.76,149.23,14.51,1.7008,1.0438,0.0001,0.0,-3.6104,True,0.6362,-4.1357,-2.9559,-0.015,0.8991,0.0421,0.9406,median,0.736,-0.0423,2.9136,Regime 2 (Subcritical),CAUTION,0.55,0.0349,0.3468,0.0887,-0.0322,-0.1628,False,False,
DIS,The Walt Disney Company,Communication Services,2018-Q3,2018-09-30,usd,1.25,2.0784,111.14964294433594,1191.5,38.08,8.85,29.54,13.11,167.5,22.4,0.3414,1.1977,0.0443,9.4,0.1697,False,0.5685,-1.6117,-0.8155,0.147,0.8039,0.1073,0.8613,median,0.8736,0.1409,0.9563,Regime 2 (Subcritical),CAUTION,0.55,-0.0374,0.1368,0.1005,-0.13,-0.2474,False,True,
DIS,The Walt Disney Company,Communication Services,2018-Q4,2018-12-31,usd,1.25,2.0784,105.02902221679688,1278.300048828125,38.08,8.61,29.54,14.62,157.33,22.71,0.3832,1.2703,0.0044,0.0,0.0589,False,0.5498,-1.444,-0.6264,-0.027,1.0437,-0.0618,1.0,median,0.9324,-0.0166,0.6099,Regime 2 (Subcritical),CAUTION,0.55,0.2918,0.3351,0.6724,-0.0303,-0.2083,False,True,
DIS,The Walt Disney Company,Communication Services,2019-Q1,2019-03-31,usd,1.25,2.0784,106.35086059570312,1293.0,102.04,9.31,31.02,15.26,191.4,39.41,0.3785,1.295,0.0098,-61.6,0.2048,False,0.4959,-1.0904,-0.706,0.29,0.9107,0.0813,0.8914,median,0.4516,0.2882,0.9941,Regime 2 (Subcritical),CAUTION,0.55,0.1623,-0.1021,0.6692,-0.2284,-0.2284,True,True,
DIS,The Walt Disney Company,Communication Services,2019-Q2,2019-06-30,usd,1.25,2.0784,133.75514221191406,1409.699951171875,102.92,13.45,31.39,15.84,240.94,40.9,0.3533,1.2902,0.0071,-13.6,0.1291,False,0.5328,-0.7295,-0.5573,0.462,1.041,0.0206,0.97,median,0.212,0.4791,1.0364,Regime 2 (Subcritical),CAUTION,0.55,0.0415,-0.2031,0.2429,-0.3872,-0.3872,True,True,
DIS,The Walt Disney Company,Communication Services,2019-Q3,2019-09-30,usd,1.25,2.0784,125.60095977783203,1465.699951171875,103.51,13.45,31.6,13.74,226.38,40.58,0.3051,1.2669,0.007,-15.2,0.1821,False,0.5229,-0.337,-0.2931,0.507,1.2042,-0.001,1.0,median,0.0562,0.3012,0.5943,Regime 2 (Subcritical),CAUTION,0.55,-0.2296,-0.032,0.333,-0.338,-0.338,True,True,
DIS,The Walt Disney Company,Communication Services,2019-Q4,2019-12-31,usd,1.25,2.0784,140.22793579101562,1519.5,102.98,14.81,31.89,16.01,253.17,41.42,0.3427,1.2317,0.0066,-17.3,0.2016,False,0.5395,-0.1004,-0.1253,0.792,0.9223,0.2442,0.7319,median,-0.0309,0.4757,0.601,Regime 2 (Subcritical),CAUTION,0.55,-0.229,0.2526,0.0781,-0.407,-0.407,True,True,
DIS,The Walt Disney Company,Communication Services,2020-Q1,2020-03-31,usd,1.25,2.0784,93.65979766845703,1583.4000244140625,102.36,13.55,32.15,9.66,169.17,39.43,0.2115,1.1904,0.0078,-16.2,0.1879,False,0.4711,-0.0659,-0.124,-209.273,1.3633,-0.1008,1.0,median,-0.0842,-0.1234,0.0006,Regime 2 (Subcritical),CAUTION,0.55,0.2981,0.9101,0.4199,-0.0282,-0.0282,False,False,
DIS,The Walt Disney Company,Communication Services,2020-Q2,2020-06-30,usd,1.25,2.0784,108.11598205566406,1800.5,96.82,9.82,31.89,4.4,195.37,35.73,0.1054,1.1436,0.0121,-22.3,0.0692,False,0.5298,0.0082,-0.0746,1.0,1.2425,0.0122,0.982,median,-0.1206,-0.2097,-0.1351,Regime 2 (Subcritical),CAUTION,0.55,0.59,0.5763,-0.1534,0.0,-0.1634,False,False,
DIS,The Walt Disney Company,Communication Services,2020-Q3,2020-09-30,usd,1.25,2.0784,120.30339813232422,1895.5,96.86,9.82,32.08,2.42,217.81,35.3,0.0579,1.0925,0.0094,-26.9,-0.0172,True,0.5552,0.2028,0.1008,1.0,1.1182,0.0992,0.8705,median,-0.1481,-0.0386,-0.1394,Regime 3 (Parasitic),DANGER,0.853,0.4871,0.3634,-0.2398,-0.0452,-0.2598,False,True,True
DIS,The Walt Disney Company,Communication Services,2020-Q4,2020-12-31,usd,1.25,2.0784,175.6654510498047,1895.0999755859375,96.44,11.67,32.26,5.33,318.88,36.43,0.1213,1.0387,0.0085,-8.8,0.0789,False,0.6152,0.4805,0.3593,100.0,1.0728,0.1158,0.852,median,-0.1704,0.2307,-0.1286,Regime 3 (Parasitic),DANGER,0.95,-0.0216,-0.1451,-0.5205,-0.2154,-0.5354,True,True,True
DIS,The Walt Disney Company,Communication Services,2021-Q1,2021-03-31,usd,1.25,2.0784,178.90380859375,1713.800048828125,95.98,12.45,32.14,9.86,325.06,37.61,0.2211,0.985,0.0088,-27.6,0.1645,False,0.6107,0.8497,0.7004,100.0,0.7041,0.3339,0.6663,median,-0.1893,0.6531,-0.0473,Regime 3 (Parasitic),DANGER,0.95,-0.0642,-0.2567,-0.4573,-0.3007,-0.5438,True,True,True
DIS,The Walt Disney Company,Communication Services,2021-Q2,2021-06-30,usd,1.25,2.0784,170.4201202392578,1771.5999755859375,95.44,12.67,32.38,9.53,309.67,37.5,0.2115,0.9338,0.0081,-27.3,0.1569,False,0.6024,0.5663,0.4122,9.522,0.7098,0.2339,0.7403,median,-0.2027,0.4606,0.0484,Regime 3 (Parasitic),DANGER,0.95,-0.1189,-0.4629,-0.4921,-0.4692,-0.5211,True,True,True
DIS,The Walt Disney Company,Communication Services,2021-Q3,2021-09-30,usd,1.25,2.0784,164.02102661132812,1757.0,95.19,12.67,32.62,9.53,298.13,37.5,0.2103,0.8851,0.0176,-112.1,0.078,False,0.5953,0.415,0.2533,5.177,0.7237,0.1319,0.8348,median,-0.2105,0.3139,0.0606,Regime 3 (Parasitic),DANGER,0.95,-0.1892,-0.4424,-0.5209,-0.4571,-0.5277,True,True,True
DIS,The Walt Disney Company,Communication Services,2021-Q4,2021-12-31,usd,1.25,2.0784,150.17562866210938,1828.5999755859375,94.63,15.15,32.68,13.03,273.41,38.87,0.2725,0.8391,0.0064,-18.5,0.2018,False,0.5681,-0.0551,-0.2188,-2.366,0.7604,0.1941,0.7745,median,-0.2135,-0.1538,0.065,Regime 2 (Subcritical),CAUTION,0.55,-0.3793,-0.4391,-0.4152,-0.4566,-0.4879,True,True,
DIS,The Walt Disney Company,Communication Services,2022-Q1,2022-03-31,usd,1.25,2.0784,132.98529052734375,1949.199951171875,93.89,15.07,32.92,14.8,242.23,39.17,0.3083,0.7964,0.0072,-29.2,0.2155,False,0.5389,-0.1556,-0.3348,-7.23,0.9974,0.0986,0.8711,median,-0.2125,-0.2941,0.0407,Regime 2 (Subcritical),CAUTION,0.55,-0.2895,-0.27,-0.105,-0.3863,-0.4217,True,True,
DIS,The Walt Disney Company,Communication Services,2022-Q2,2022-06-30,usd,1.25,2.0784,91.52676391601562,1807.300048828125,93.28,16.4,33.58,14.27,166.86,39.38,0.2855,0.7575,0.0065,-34.1,0.206,False,0.4482,-0.4782,-0.6673,-12.647,1.1582,-0.1299,1.0,median,-0.2093,-0.6184,0.0489,Regime 1 (Virtuous),HEALTHY,0.624,-0.0765,-0.0542,0.0552,-0.1084,-0.1597,False,False,False
DIS,The Walt Disney Company,Communication Services,2022-Q3,2022-09-30,usd,1.25,2.0784,91.45889282226562,1672.0,92.73,16.4,33.6,14.27,164.63,39.25,0.2854,0.7215,0.0117,-73.7,0.1303,False,0.4454,-0.4388,-0.6394,-13.043,1.1432,-0.1785,1.0,median,-0.2043,-0.5939,0.0455,Regime 1 (Virtuous),HEALTHY,0.623,0.0615,-0.1408,0.0258,-0.153,-0.1591,False,False,False
DIS,The Walt Disney Company,Communication Services,2022-Q4,2022-12-31,usd,1.25,2.0784,84.23564910888672,1826.199951171875,92.21,15.31,34.2,12.17,153.88,38.47,0.2459,0.6884,0.0059,-14.9,0.1583,False,0.4384,-0.3688,-0.5645,1.0,1.2397,-0.1436,1.0,median,-0.198,-0.5748,-0.0103,Regime 2 (Subcritical),CAUTION,0.55,0.0035,0.0181,0.2607,-0.1085,-0.1085,False,False,
DIS,The Walt Disney Company,Communication Services,2023-Q1,2023-03-31,usd,1.25,2.0784,97.08235931396484,1969.0,91.77,14.46,34.58,13.14,177.4,38.48,0.268,0.6573,0.0064,-24.8,0.1778,False,0.4705,-0.1109,-0.2939,1.0,1.1137,-0.0839,1.0,median,-0.1921,-0.3115,-0.0176,Regime 2 (Subcritical),CAUTION,0.55,-0.1906,0.226,-0.0085,-0.2078,-0.2078,True,True,
DIS,The Walt Disney Company,Communication Services,2023-Q2,2023-06-30,usd,1.25,2.0784,86.5625991821289,1929.4000244140625,91.36,15.5,34.58,14.24,158.39,38.92,0.2843,0.6284,0.0062,-26.2,0.1917,False,0.4375,0.1434,-0.0402,1.0,0.908,0.0933,0.8772,median,-0.1868,-0.0521,-0.0119,Regime 3 (Parasitic),DANGER,0.643,0.0146,0.1157,0.3931,-0.1116,-0.1116,False,False,False
DIS,The Walt Disney Company,Communication Services,2023-Q3,2023-09-30,usd,1.25,2.0784,78.58309936523438,1866.0999755859375,90.13,15.5,34.94,14.24,141.45,38.7,0.2823,0.6019,0.0119,-61.0,0.1656,False,0.4109,0.0534,-0.1376,1.0,0.9333,0.0803,0.8925,median,-0.1813,-0.1517,-0.0141,Regime 2 (Subcritical),CAUTION,0.55,0.5031,0.1849,0.4288,-0.0288,-0.0288,False,False,
DIS,The Walt Disney Company,Communication Services,2023-Q4,2023-12-31,usd,1.25,2.0784,87.8271713256836,2071.800048828125,89.7,15.13,35.32,15.5,166.87,38.92,0.3073,0.5774,0.0057,-19.3,0.1941,False,0.4468,0.2433,0.0696,7.095,0.9132,0.0303,0.9566,median,-0.1758,0.081,0.0114,Regime 3 (Parasitic),DANGER,0.793,0.0946,0.2325,0.2911,-0.052,-0.0909,False,False,False
DIS,The Walt Disney Company,Communication Services,2024-Q1,2024-03-31,usd,1.25,2.0784,119.02239227294922,2217.39990234375,85.39,15.16,35.52,15.38,226.14,37.86,0.3034,0.555,0.006,-30.4,0.1988,False,0.526,0.4314,0.2591,100.0,0.8807,0.0926,0.878,median,-0.1691,0.2428,-0.0163,Regime 3 (Parasitic),DANGER,0.95,-0.2063,-0.1805,-0.1909,-0.2924,-0.3215,True,True,True
DIS,The Walt Disney Company,Communication Services,2024-Q2,2024-06-30,usd,1.25,2.0784,96.58167266845703,2339.60009765625,85.02,15.49,36.04,16.9,183.51,38.36,0.328,0.5346,0.0058,-32.9,0.1924,False,0.4685,0.3285,0.1615,100.0,0.9883,0.0797,0.8932,median,-0.1617,0.1472,-0.0144,Regime 3 (Parasitic),DANGER,0.878,0.1481,0.2818,0.0093,-0.1589,-0.1589,False,False,False
DIS,The Walt Disney Company,Communication Services,2024-Q3,2024-09-30,usd,1.25,2.0784,93.9979019165039,2659.39990234375,84.06,15.49,37.04,16.9,178.6,38.37,0.3217,0.5161,0.0095,-44.9,0.1479,False,0.4602,0.3925,0.2417,100.0,1.0605,0.2344,0.7399,median,-0.1537,0.2332,-0.0085,Regime 3 (Parasitic),DANGER,0.942,0.0306,0.2007,0.1067,-0.1467,-0.1467,False,False,False
DIS,The Walt Disney Company,Communication Services,2024-Q4,2024-12-31,usd,1.25,2.0784,109.29456329345703,2641.0,83.68,15.72,38.14,20.24,207.66,39.45,0.3758,0.4994,0.0055,-36.0,0.1974,False,0.4887,0.358,0.2051,16.15,1.0338,0.0849,0.887,median,-0.1451,0.2187,0.0135,Regime 3 (Parasitic),DANGER,0.908,0.1138,0.033,-0.0482,-0.2661,-0.2661,True,True,True
DIS,The Walt Disney Company,Communication Services,2025-Q1,2025-03-31,usd,1.25,2.0784,96.8780746459961,3122.800048828125,83.32,15.92,39.09,17.74,174.16,39.02,0.3225,0.4847,0.0057,-36.4,0.2014,False,0.446,-0.1527,-0.2913,-8.675,1.3186,0.0475,0.9335,median,-0.1355,-0.2612,0.0301,Regime 1 (Virtuous),HEALTHY,0.615,0.1679,-0.0127,0.0738,-0.172,-0.172,False,False,False
DIS,The Walt Disney Company,Communication Services,2025-Q2,2025-06-30,usd,1.25,2.0784,122.23994445800781,3307.699951171875,82.95,16.56,40.19,18.3,219.78,39.5,0.3225,0.4713,0.0057,-32.3,0.2009,False,0.5028,0.2799,0.1511,6.17,1.2442,0.0613,0.9158,median,-0.126,0.1804,0.0292,Regime 3 (Parasitic),DANGER,0.88,-0.073,-0.2126,-0.149,-0.2497,-0.2497,True,True,True
DIS,The Walt Disney Company,Communication Services,2025-Q3,2025-09-30,usd,1.25,2.0784,112.86568450927734,3873.199951171875,82.57,16.56,41.26,18.3,214.44,39.67,0.3165,0.459,0.0089,-39.9,0.1642,False,0.4948,0.2685,0.1497,5.5,1.2548,0.0277,0.9601,median,-0.1172,0.1829,0.0333,Regime 3 (Parasitic),DANGER,0.869,-0.1526,-0.0783,-0.0783,-0.1874,-0.1874,False,False,True
DIS,The Walt Disney Company,Communication Services,2025-Q4,2025-12-31,usd,1.25,2.0784,112.90486907958984,4341.10009765625,84.17,16.48,43.2,18.4,200.01,40.56,0.3083,0.4478,0.0053,-23.0,0.1744,False,0.4705,0.0453,-0.0655,-1.343,1.4123,0.0216,0.9685,median,-0.1091,-0.0375,0.0279,Regime 2 (Subcritical),CAUTION,0.55,-0.1523,-0.0786,-0.0786,-0.1877,-0.1877,False,False,
DIS,The Walt Disney Company,Communication Services,2026-Q1,2026-03-31,usd,1.25,2.0784,95.64710998535156,4647.60009765625,84.74,16.29,44.26,18.41,166.09,40.93,0.3041,0.4373,0.0056,-24.2,0.1859,False,0.4173,0.0109,-0.0951,-0.995,1.2793,0.0296,0.9575,median,-0.103,-0.0474,0.0477,Regime 1 (Virtuous),HEALTHY,0.624,0.0876,0.0876,0.0876,-0.0295,-0.0295,False,False,True
DIS,The Walt Disney Company,Communication Services,2026-Q2,2026-06-30,usd,1.25,2.0784,96.25,4038.5,84.47,15.87,44.74,22.22,166.19,41.83,0.3666,0.4275,0.0056,-25.2,0.1772,False,0.4069,-0.2354,-0.3367,-4.885,1.0102,0.0203,0.9705,median,-0.0975,-0.2795,0.0572,Regime 1 (Virtuous),HEALTHY,0.629,0.0808,0.0808,0.0808,-0.0355,-0.0355,False,False,True
NFLX,"Netflix, Inc.",Communication Services,2017-Q1,2017-03-31,usd,1.25,2.0784,14.781000137329102,1247.300048828125,0.02,1.81,0.28,3.92,63.71,1.51,1.8833,2.1408,0.0037,-16.2,0.069,False,0.7615,-0.4517,-0.0037,0.992,0.8662,-0.0342,1.0,median,0.3038,0.4396,0.4433,Regime 2 (Subcritical),CAUTION,0.55,0.2269,0.9982,1.4123,-0.0545,-0.0545,False,False,
NFLX,"Netflix, Inc.",Communication Services,2017-Q2,2017-06-30,usd,1.25,2.0784,14.940999984741211,1240.699951171875,0.02,1.92,0.31,3.53,64.51,1.45,1.5813,2.3036,0.0041,-13.1,0.0997,False,0.7634,-0.4407,0.1055,1.305,0.84,-0.0019,1.0,median,0.3771,0.4511,0.3456,Regime 2 (Subcritical),CAUTION,0.55,0.2848,1.6198,1.4585,-0.0217,-0.0217,False,False,
NFLX,"Netflix, Inc.",Communication Services,2017-Q3,2017-09-30,usd,1.25,2.0784,18.135000228881836,1281.5,0.02,1.88,0.32,3.97,78.48,1.55,1.7989,2.3282,0.0039,-13.8,0.0937,False,0.7679,-0.1937,0.3465,2.275,0.8398,0.0145,0.9786,median,0.3752,0.6182,0.2717,Regime 2 (Subcritical),CAUTION,0.55,0.6685,1.1136,0.5119,0.0,0.0,False,False,
NFLX,"Netflix, Inc.",Communication Services,2017-Q4,2017-12-31,usd,1.25,2.0784,19.195999145507812,1306.300048828125,0.02,0.45,0.32,4.71,83.19,1.38,6.1276,2.3127,0.004,-14.8,0.183,False,0.7734,-0.2379,0.1017,1.295,0.9512,0.134,0.8327,median,0.3414,0.4464,0.3447,Regime 2 (Subcritical),CAUTION,0.55,0.9467,0.3312,0.6092,0.0,0.0,False,False,
NFLX,"Netflix, Inc.",Communication Services,2018-Q1,2018-03-31,usd,1.25,2.0784,29.53499984741211,1322.800048828125,0.02,2.32,0.34,5.6,128.38,2.07,2.1074,2.4699,0.0037,-18.1,0.1947,False,0.7739,0.1624,0.3821,2.2,0.9488,0.0628,0.9139,median,0.143,0.7007,0.3186,Regime 2 (Subcritical),CAUTION,0.55,0.3348,0.2721,0.3235,-0.1656,-0.1656,False,False,
NFLX,"Netflix, Inc.",Communication Services,2018-Q2,2018-06-30,usd,1.25,2.0784,39.143001556396484,1251.300048828125,0.02,2.51,0.35,6.02,170.45,2.23,2.1023,2.5471,0.004,-17.9,0.2611,False,0.7789,0.3837,0.5412,2.257,0.8991,0.0421,0.9406,median,0.1005,0.9717,0.4305,Regime 3 (Parasitic),DANGER,0.884,-0.3569,-0.0775,0.1232,-0.4126,-0.4126,True,True,True
NFLX,"Netflix, Inc.",Communication Services,2018-Q3,2018-09-30,usd,1.25,2.0784,37.41299819946289,1191.5,0.02,2.68,0.37,5.87,163.15,2.24,1.9221,2.5796,0.004,-16.7,0.1904,False,0.7778,0.1999,0.3641,1.99,0.8039,0.1073,0.8613,median,0.1025,0.7319,0.3678,Regime 2 (Subcritical),CAUTION,0.55,-0.0652,-0.2984,0.2938,-0.3868,-0.3868,True,True,
NFLX,"Netflix, Inc.",Communication Services,2018-Q4,2018-12-31,usd,1.25,2.0784,26.766000747680664,1278.300048828125,0.02,2.68,0.42,5.81,116.86,2.24,1.8738,2.5814,0.0042,-18.9,0.2817,False,0.7689,-0.3115,-0.1447,0.701,1.0437,-0.0618,1.0,median,0.1099,0.3398,0.4845,Regime 2 (Subcritical),CAUTION,0.55,0.3995,0.2089,0.9599,-0.0488,-0.0488,False,False,
NFLX,"Netflix, Inc.",Communication Services,2019-Q1,2019-03-31,usd,1.25,2.0784,35.65599822998047,1293.0,0.02,2.3,0.43,6.6,155.89,2.34,2.4153,2.5645,0.0041,-14.0,0.1255,False,0.7757,0.0182,0.0721,1.59,0.9107,0.0813,0.8914,median,0.0376,0.1942,0.1221,Regime 2 (Subcritical),CAUTION,0.55,-0.2831,0.0109,0.399,-0.3062,-0.3062,True,True,
NFLX,"Netflix, Inc.",Communication Services,2019-Q2,2019-06-30,usd,1.25,2.0784,36.731998443603516,1409.699951171875,0.02,2.43,0.45,7.67,160.83,2.64,2.6595,2.5497,0.0042,-13.4,0.2381,False,0.7734,-0.2315,-0.2301,-0.338,1.041,0.0206,0.97,median,0.001,-0.0581,0.1719,Regime 2 (Subcritical),CAUTION,0.55,-0.1215,0.1939,0.4242,-0.3204,-0.3204,True,True,
NFLX,"Netflix, Inc.",Communication Services,2019-Q3,2019-09-30,usd,1.25,2.0784,26.761999130249023,1465.699951171875,0.02,2.45,0.48,8.59,117.28,2.89,2.9273,2.542,0.004,-13.1,0.2655,False,0.7601,-0.5652,-0.5844,-1.298,1.2042,-0.001,1.0,median,-0.0147,-0.3301,0.2544,Regime 2 (Subcritical),CAUTION,0.55,0.3861,0.844,1.2385,-0.0035,-0.0035,False,False,
NFLX,"Netflix, Inc.",Communication Services,2019-Q4,2019-12-31,usd,1.25,2.0784,32.356998443603516,1519.5,0.02,2.45,0.57,8.01,141.98,2.76,2.6535,2.5442,0.0043,-17.3,0.3243,False,0.7685,0.0022,-0.0168,0.921,0.9223,0.2442,0.7319,median,-0.0145,0.1947,0.2115,Regime 2 (Subcritical),CAUTION,0.55,0.4063,0.6213,0.8917,-0.0764,-0.0764,False,False,
NFLX,"Netflix, Inc.",Communication Services,2020-Q1,2020-03-31,usd,1.25,2.0784,37.54999923706055,1583.4000244140625,0.02,2.82,0.65,8.67,165.14,3.04,2.4962,2.5478,0.0042,-13.8,0.2846,False,0.7701,-0.1976,-0.205,0.22,1.3633,-0.1008,1.0,median,-0.0065,0.0577,0.2626,Regime 2 (Subcritical),CAUTION,0.55,0.3142,0.3892,-0.0024,-0.0366,-0.1185,False,False,
NFLX,"Netflix, Inc.",Communication Services,2020-Q2,2020-06-30,usd,1.25,2.0784,45.50400161743164,1800.5,0.02,2.85,0.75,10.02,200.68,3.41,2.782,2.5494,0.0041,-11.2,0.4219,False,0.7725,-0.033,-0.0331,0.87,1.2425,0.0122,0.982,median,-0.0001,0.2214,0.2545,Regime 2 (Subcritical),CAUTION,0.55,0.1666,0.1608,-0.6157,0.0,-0.6344,False,True,
NFLX,"Netflix, Inc.",Communication Services,2020-Q3,2020-09-30,usd,1.25,2.0784,50.00299835205078,1895.5,0.02,2.9,0.83,10.27,220.91,3.51,2.7539,2.5545,0.0041,-12.8,0.4294,False,0.7743,0.4334,0.4386,3.255,1.1182,0.0992,0.8705,median,0.0049,0.6332,0.1945,Regime 3 (Parasitic),DANGER,0.95,0.0433,0.2206,-0.5291,-0.0591,-0.6673,False,True,True
NFLX,"Netflix, Inc.",Communication Services,2020-Q4,2020-12-31,usd,1.25,2.0784,54.073001861572266,1895.0999755859375,0.02,2.9,0.96,9.92,239.49,3.45,2.5679,2.5613,0.004,-13.9,0.4455,False,0.7767,0.2929,0.3,2.347,1.0728,0.1158,0.852,median,0.0067,0.5228,0.2227,Regime 2 (Subcritical),CAUTION,0.55,-0.0133,0.1141,-0.4547,-0.1031,-0.6923,False,True,
NFLX,"Netflix, Inc.",Communication Services,2021-Q1,2021-03-31,usd,1.25,2.0784,52.16600036621094,1713.800048828125,0.02,3.29,1.02,7.84,231.3,3.04,1.821,2.5665,0.0038,-12.6,0.4808,False,0.7787,0.3282,0.337,100.0,0.7041,0.3339,0.6663,median,0.0073,0.3369,-0.0001,Regime 3 (Parasitic),DANGER,0.878,0.1484,-0.2819,-0.3377,-0.3655,-0.6811,True,True,True
NFLX,"Netflix, Inc.",Communication Services,2021-Q2,2021-06-30,usd,1.25,2.0784,52.82099914550781,1771.5999755859375,0.02,3.49,1.11,7.39,233.78,3.0,1.608,2.5597,0.0038,-14.2,0.4571,False,0.7792,0.2755,0.2801,100.0,0.7098,0.2339,0.7403,median,0.004,0.1527,-0.1275,Regime 3 (Parasitic),DANGER,0.826,0.1559,-0.6689,-0.1661,-0.685,-0.685,True,True,True
NFLX,"Netflix, Inc.",Communication Services,2021-Q3,2021-09-30,usd,1.25,2.0784,61.034000396728516,1757.0,0.02,3.54,1.22,7.02,270.35,2.95,1.4741,2.5415,0.0039,-14.0,0.4388,False,0.7823,0.3799,0.3741,100.0,0.7237,0.1319,0.8348,median,-0.0051,0.202,-0.1721,Regime 3 (Parasitic),DANGER,0.93,-0.3863,-0.6142,-0.3813,-0.7274,-0.7274,True,True,True
NFLX,"Netflix, Inc.",Communication Services,2021-Q4,2021-12-31,usd,1.25,2.0784,60.24399948120117,1828.5999755859375,0.02,3.54,1.32,7.02,267.46,2.98,1.4428,2.5134,0.0052,-20.1,0.2866,False,0.782,0.279,0.2579,100.0,0.7604,0.1941,0.7745,median,-0.0189,0.1105,-0.1474,Regime 3 (Parasitic),DANGER,0.829,-0.7013,-0.5105,-0.1918,-0.7238,-0.7238,True,True,True
NFLX,"Netflix, Inc.",Communication Services,2022-Q1,2022-03-31,usd,1.25,2.0784,37.45899963378906,1949.199951171875,0.02,4.22,1.38,7.89,166.42,3.38,1.4069,2.478,0.0039,-13.2,0.3138,False,0.7669,-0.3897,-0.4342,-3.134,0.9974,0.0986,0.8711,median,-0.0351,-0.3292,0.105,Regime 2 (Subcritical),CAUTION,0.55,-0.3601,-0.0777,0.6213,-0.5559,-0.5559,True,True,
NFLX,"Netflix, Inc.",Communication Services,2022-Q2,2022-06-30,usd,1.25,2.0784,17.48699951171875,1807.300048828125,0.02,4.5,1.36,6.31,77.77,3.05,1.0761,2.4374,0.004,-9.8,0.3079,False,0.735,-1.0487,-1.1166,-69.051,1.1582,-0.1299,1.0,median,-0.049,-1.1007,0.0159,Regime 2 (Subcritical),CAUTION,0.55,0.6648,1.519,2.8593,-0.0024,-0.0024,False,False,
NFLX,"Netflix, Inc.",Communication Services,2022-Q3,2022-09-30,usd,1.25,2.0784,23.54400062561035,1672.0,0.02,4.14,1.37,6.13,104.78,2.92,1.1116,2.3892,0.0041,-10.7,0.3153,False,0.7542,-0.8453,-0.9364,1.0,1.1432,-0.1785,1.0,median,-0.0618,-0.9479,-0.0115,Regime 2 (Subcritical),CAUTION,0.55,0.4674,0.6038,2.0044,-0.0898,-0.0898,False,False,
NFLX,"Netflix, Inc.",Communication Services,2022-Q4,2022-12-31,usd,1.25,2.0784,29.488000869750977,1826.199951171875,0.02,4.14,1.4,6.13,131.32,2.92,1.1065,2.3366,0.0065,-18.5,0.24,False,0.7636,-0.5854,-0.6933,1.0,1.2397,-0.1436,1.0,median,-0.0729,-0.7113,-0.018,Regime 2 (Subcritical),CAUTION,0.55,0.4934,0.6507,2.0528,-0.0074,-0.0074,False,False,
NFLX,"Netflix, Inc.",Communication Services,2023-Q1,2023-03-31,usd,1.25,2.0784,34.54800033569336,1969.0,0.02,4.35,1.41,6.86,153.58,3.16,1.1893,2.281,0.0042,-11.3,0.4073,False,0.7664,0.1053,-0.0139,1.0,1.1137,-0.0839,1.0,median,-0.0828,-0.0803,-0.0664,Regime 2 (Subcritical),CAUTION,0.55,0.093,0.7579,1.7031,-0.0808,-0.0808,False,False,
NFLX,"Netflix, Inc.",Communication Services,2023-Q2,2023-06-30,usd,1.25,2.0784,44.04899978637695,1929.4000244140625,0.02,4.24,1.47,7.31,195.2,3.26,1.28,2.225,0.0042,-12.0,0.4196,False,0.7728,0.9868,0.8538,13.843,0.908,0.0933,0.8772,median,-0.0911,0.9203,0.0665,Regime 3 (Parasitic),DANGER,0.95,0.1053,0.5321,2.0037,-0.2141,-0.2141,True,True,True
NFLX,"Netflix, Inc.",Communication Services,2023-Q3,2023-09-30,usd,1.25,2.0784,37.7599983215332,1866.0999755859375,0.02,4.54,1.5,7.67,165.27,3.43,1.2688,2.1703,0.004,-9.9,0.3914,False,0.7661,0.4456,0.2934,2.806,0.9333,0.0803,0.8925,median,-0.0961,0.4557,0.1624,Regime 3 (Parasitic),DANGER,0.946,0.5969,0.8598,2.172,-0.0898,-0.0898,False,False,False
NFLX,"Netflix, Inc.",Communication Services,2023-Q4,2023-12-31,usd,1.25,2.0784,48.6879997253418,2071.800048828125,0.02,4.54,1.49,7.67,210.7,3.43,1.2703,2.1172,0.0052,-16.4,0.3323,False,0.7735,0.4597,0.3131,2.96,0.9132,0.0303,0.9566,median,-0.0986,0.4728,0.1597,Regime 3 (Parasitic),DANGER,0.95,0.4405,0.9219,1.0017,0.0,0.0,False,False,False
NFLX,"Netflix, Inc.",Communication Services,2024-Q1,2024-03-31,usd,1.25,2.0784,60.733001708984375,2217.39990234375,0.02,4.43,1.5,10.53,261.74,4.12,1.7766,2.0659,0.0036,-11.1,0.2874,False,0.7745,0.4192,0.2684,2.014,0.8807,0.0926,0.878,median,-0.0991,0.5331,0.2648,Regime 3 (Parasitic),DANGER,0.919,0.1515,0.518,0.5652,-0.1036,-0.1036,False,False,False
NFLX,"Netflix, Inc.",Communication Services,2024-Q2,2024-06-30,usd,1.25,2.0784,67.48799896240234,2339.60009765625,0.02,4.55,1.51,10.41,289.63,4.13,1.7169,2.0221,0.0035,-10.6,0.2469,False,0.7769,0.3078,0.1595,1.679,0.9883,0.0797,0.8932,median,-0.0956,0.3946,0.2351,Regime 2 (Subcritical),CAUTION,0.55,0.3473,0.988,0.06,-0.1114,-0.1114,False,False,
NFLX,"Netflix, Inc.",Communication Services,2024-Q3,2024-09-30,usd,1.25,2.0784,70.927001953125,2659.39990234375,0.02,4.61,1.57,11.64,303.18,4.46,1.8838,1.984,0.0036,-11.4,0.3424,False,0.7762,0.4765,0.345,2.318,1.0605,0.2344,0.7399,median,-0.0898,0.6068,0.2618,Regime 3 (Parasitic),DANGER,0.95,0.3148,0.6904,0.0161,-0.0305,-0.0469,False,False,False
NFLX,"Netflix, Inc.",Communication Services,2024-Q4,2024-12-31,usd,1.25,2.0784,89.13200378417969,2641.0,32.45,4.61,1.59,11.64,381.27,12.57,1.876,1.9525,0.0038,-13.0,0.4204,False,0.7459,-0.5788,-0.7056,0.457,1.0338,0.0849,0.887,median,-0.081,0.5931,1.2987,Regime 2 (Subcritical),CAUTION,0.55,0.4513,0.0519,-0.1915,-0.0706,-0.2416,False,True,
NFLX,"Netflix, Inc.",Communication Services,2025-Q1,2025-03-31,usd,1.25,2.0784,93.25299835205078,3122.800048828125,32.04,4.98,1.64,13.39,396.96,13.01,2.0219,1.9265,0.0034,-10.7,0.2841,False,0.7461,-0.626,-0.7334,0.362,1.3186,0.0475,0.9335,median,-0.0698,0.4165,1.1499,Regime 2 (Subcritical),CAUTION,0.55,0.2937,0.0311,-0.2272,-0.1865,-0.2751,False,True,
NFLX,"Netflix, Inc.",Communication Services,2025-Q2,2025-06-30,usd,1.25,2.0784,133.91299438476562,3307.699951171875,32.09,5.06,1.74,15.1,569.03,13.5,2.2181,1.9067,0.0033,-10.8,0.2652,False,0.7612,-0.4209,-0.5102,0.57,1.2442,0.0613,0.9158,median,-0.0587,0.6753,1.1855,Regime 2 (Subcritical),CAUTION,0.55,-0.2969,-0.4668,-0.4618,-0.4706,-0.4952,True,True,
NFLX,"Netflix, Inc.",Communication Services,2025-Q3,2025-09-30,usd,1.25,2.0784,119.89199829101562,3873.199951171875,32.64,5.25,1.84,12.99,508.02,13.18,1.8341,1.894,0.0033,-11.8,0.3179,False,0.7575,-0.4976,-0.5673,0.476,1.2548,0.0277,0.9601,median,-0.0464,0.5162,1.0835,Regime 2 (Subcritical),CAUTION,0.55,-0.198,-0.3989,-0.3989,-0.4362,-0.4362,True,True,
NFLX,"Netflix, Inc.",Communication Services,2025-Q4,2025-12-31,usd,1.25,2.0784,93.76000213623047,4341.10009765625,32.78,5.25,2.0,12.99,395.87,13.26,1.792,1.8831,0.0035,-11.7,0.3849,False,0.7449,0.0379,-0.0152,0.711,1.4123,0.0216,0.9685,median,-0.0362,0.0376,0.0528,Regime 2 (Subcritical),CAUTION,0.55,-0.2087,-0.2314,-0.2314,-0.279,-0.279,True,True,
NFLX,"Netflix, Inc.",Communication Services,2026-Q1,2026-03-31,usd,1.25,2.0784,96.1500015258789,4647.60009765625,33.38,6.25,2.15,15.83,405.06,14.4,1.8849,1.8735,0.0034,-13.9,0.3447,False,0.7413,-0.0383,-0.0811,0.199,1.2793,0.0296,0.9575,median,-0.0279,0.0202,0.1013,Regime 2 (Subcritical),CAUTION,0.55,-0.2505,-0.2505,-0.2505,-0.2969,-0.2969,True,True,
NFLX,"Netflix, Inc.",Communication Services,2026-Q2,2026-06-30,usd,1.25,2.0784,71.4000015258789,4038.5,33.84,6.03,2.4,16.77,297.31,14.76,1.9906,1.8658,0.0032,-12.3,0.2129,False,0.7174,-0.7061,-0.7384,-7.278,1.0102,0.0203,0.9705,median,-0.0217,-0.6492,0.0892,Regime 2 (Subcritical),CAUTION,0.55,0.0093,0.0093,0.0093,-0.0532,-0.0532,False,False,
T,AT&T Inc.,Communication Services,2017-Q1,2017-03-31,usd,1.25,2.0784,16.120153427124023,1247.300048828125,113.89,33.95,125.29,27.46,131.22,75.15,0.1724,0.1626,0.0072,-41.2,0.1775,False,0.2197,0.1302,0.0371,11.284,0.8662,-0.0342,1.0,median,-0.1096,0.0407,0.0036,Regime 2 (Subcritical),CAUTION,0.55,-0.0257,-0.0826,-0.1252,-0.169,-0.2533,False,True,
T,AT&T Inc.,Communication Services,2017-Q2,2017-06-30,usd,1.25,2.0784,14.870522499084473,1240.699951171875,113.53,32.45,126.18,29.29,120.89,75.36,0.1846,0.1601,0.0072,-40.0,0.2241,False,0.2131,0.0592,-0.0462,-7.258,0.84,-0.0019,1.0,median,-0.1253,-0.0406,0.0056,Regime 2 (Subcritical),CAUTION,0.55,0.0658,-0.0873,0.0349,-0.1075,-0.1905,False,False,
T,AT&T Inc.,Communication Services,2017-Q3,2017-09-30,usd,1.25,2.0784,15.705360412597656,1281.5,113.44,33.27,126.46,25.61,127.65,74.7,0.1603,0.1605,0.0077,-235.9,0.272,False,0.2249,0.1058,0.0306,100.0,0.8398,0.0145,0.9786,median,-0.0892,0.0279,-0.0028,Regime 2 (Subcritical),CAUTION,0.55,-0.0569,-0.0762,0.1305,-0.1678,-0.2324,False,True,
T,AT&T Inc.,Communication Services,2017-Q4,2017-12-31,usd,1.25,2.0784,15.849334716796875,1306.300048828125,112.91,33.27,125.22,1.44,128.89,68.21,0.0091,0.1608,0.0073,-38.7,0.1416,False,0.3006,0.0974,0.0415,1.0,0.9512,0.134,0.8327,median,-0.0657,-0.0249,-0.0665,Regime 2 (Subcritical),CAUTION,0.55,-0.1361,-0.2008,0.1867,-0.2338,-0.2338,True,True,
T,AT&T Inc.,Communication Services,2018-Q1,2018-03-31,usd,1.25,2.0784,14.78857707977295,1322.800048828125,112.68,31.59,125.12,24.8,120.24,73.55,0.1583,0.1543,0.008,-51.4,0.2582,False,0.2267,-0.0198,-0.0659,1.0,0.9488,0.0628,0.9139,median,-0.0523,-0.0874,-0.0215,Regime 2 (Subcritical),CAUTION,0.55,-0.005,-0.0315,0.0081,-0.1733,-0.1733,False,False,
T,AT&T Inc.,Communication Services,2018-Q2,2018-06-30,usd,1.25,2.0784,13.572257995605469,1251.300048828125,173.41,34.74,129.56,25.86,130.5,90.89,0.1574,0.1507,0.0094,-33.4,0.1551,False,0.2576,-0.0574,-0.1109,0.408,0.8991,0.0421,0.9406,median,-0.06,0.0765,0.1873,Regime 1 (Virtuous),HEALTHY,0.694,-0.0803,0.1303,0.0917,-0.1159,-0.1159,False,False,True
T,AT&T Inc.,Communication Services,2018-Q3,2018-09-30,usd,1.25,2.0784,14.487068176269531,1191.5,175.15,38.39,130.35,29.08,139.6,93.24,0.1723,0.1488,0.008,-338.7,0.1485,False,0.2437,-0.063,-0.1323,0.403,0.8039,0.1073,0.8613,median,-0.076,0.0894,0.2218,Regime 1 (Virtuous),HEALTHY,0.711,-0.024,0.2269,-0.0041,-0.1669,-0.1669,False,False,True
T,AT&T Inc.,Communication Services,2018-Q4,2018-12-31,usd,1.25,2.0784,12.55640983581543,1278.300048828125,172.64,38.39,131.47,24.64,121.11,91.79,0.1451,0.1482,0.0076,-20.6,0.1241,False,0.2531,-0.2878,-0.3591,-0.21,1.0437,-0.0618,1.0,median,-0.0813,-0.0622,0.2969,Regime 1 (Virtuous),HEALTHY,0.748,0.2227,0.4848,0.1819,0.0,0.0,False,False,True
T,AT&T Inc.,Communication Services,2019-Q1,2019-03-31,usd,1.25,2.0784,14.101497650146484,1293.0,171.17,38.6,132.05,28.93,136.26,92.69,0.1695,0.1478,0.0084,-54.1,0.144,False,0.2398,-0.0694,-0.1062,0.541,0.9107,0.0813,0.8914,median,-0.0433,0.125,0.2313,Regime 1 (Virtuous),HEALTHY,0.716,0.2205,0.0217,0.1404,-0.0952,-0.0952,False,False,True
T,AT&T Inc.,Communication Services,2019-Q2,2019-06-30,usd,1.25,2.0784,15.389095306396484,1409.699951171875,169.95,39.38,132.07,30.0,148.88,92.85,0.175,0.148,0.0083,-57.1,0.1477,False,0.2369,0.1255,0.1105,6.183,1.041,0.0206,0.97,median,-0.0184,0.1318,0.0213,Regime 1 (Virtuous),HEALTHY,0.611,0.2194,-0.0319,0.018,-0.1533,-0.1533,False,False,False
T,AT&T Inc.,Communication Services,2019-Q3,2019-09-30,usd,1.25,2.0784,17.72708511352539,1465.699951171875,168.17,38.34,131.32,31.6,171.45,92.36,0.1863,0.1487,0.0084,-62.5,0.1411,False,0.244,0.2155,0.2151,100.0,1.2042,-0.001,1.0,median,-0.0006,0.2055,-0.0095,Regime 3 (Parasitic),DANGER,0.816,-0.172,-0.1883,-0.1366,-0.2667,-0.2667,True,True,True
T,AT&T Inc.,Communication Services,2019-Q4,2019-12-31,usd,1.25,2.0784,18.64388656616211,1519.5,167.04,38.34,130.13,21.28,177.06,89.2,0.1263,0.15,0.0081,-36.2,0.0312,False,0.2703,0.3991,0.4084,100.0,0.9223,0.2442,0.7319,median,0.0115,0.3798,-0.0286,Regime 3 (Parasitic),DANGER,0.949,-0.1942,-0.204,-0.2384,-0.3028,-0.3186,True,True,True
T,AT&T Inc.,Communication Services,2020-Q1,2020-03-31,usd,1.25,2.0784,14.154106140136719,1583.4000244140625,165.17,35.16,128.92,29.94,133.52,89.8,0.1825,0.1504,0.0087,-63.0,0.1472,False,0.2397,-0.0007,0.0114,1.0,1.3633,-0.1008,1.0,median,0.0175,-0.0203,-0.0317,Regime 2 (Subcritical),CAUTION,0.55,0.0166,0.1402,-0.0174,-0.058,-0.1024,False,False,
T,AT&T Inc.,Communication Services,2020-Q2,2020-06-30,usd,1.25,2.0784,15.02234172821045,1800.5,162.1,39.32,128.94,14.13,141.71,86.12,0.084,0.1513,0.0092,-59.6,-0.1044,True,0.2696,0.0108,0.0258,1.0,1.2425,0.0122,0.982,median,0.0219,-0.0493,-0.0752,Regime 2 (Subcritical),CAUTION,0.55,-0.0104,0.0447,0.1029,-0.0811,-0.1543,False,False,
T,AT&T Inc.,Communication Services,2020-Q3,2020-09-30,usd,1.25,2.0784,14.495250701904297,1895.5,161.21,37.06,128.94,24.53,136.76,87.94,0.1478,0.1508,0.0087,-66.0,0.0174,False,0.2459,-0.1867,-0.1771,1.0,1.1182,0.0992,0.8705,median,0.014,-0.2261,-0.049,Regime 2 (Subcritical),CAUTION,0.55,0.1134,0.0408,-0.1523,-0.0477,-0.1523,False,False,
T,AT&T Inc.,Communication Services,2020-Q4,2020-12-31,usd,1.25,2.0784,14.98047161102295,1895.0999755859375,150.65,37.06,128.94,24.53,141.45,85.3,0.1478,0.1504,0.0176,-103.8,-0.0677,True,0.2401,-0.182,-0.1798,1.0,1.0728,0.1158,0.852,median,0.0031,-0.2245,-0.0447,Regime 2 (Subcritical),CAUTION,0.55,0.0596,-0.059,0.0019,-0.152,-0.2038,False,True,
T,AT&T Inc.,Communication Services,2021-Q1,2021-03-31,usd,1.25,2.0784,16.138484954833984,1713.800048828125,148.55,37.53,128.94,30.64,152.56,86.42,0.1841,0.1501,0.0085,-86.2,0.0498,False,0.2281,0.1733,0.1717,100.0,0.7041,0.3339,0.6663,median,-0.0021,0.1333,-0.0384,Regime 3 (Parasitic),DANGER,0.723,-0.0516,-0.1382,-0.0136,-0.2128,-0.261,True,True,True
T,AT&T Inc.,Communication Services,2021-Q2,2021-06-30,usd,1.25,2.0784,15.693411827087402,1771.5999755859375,147.36,37.44,128.94,13.08,148.36,81.71,0.0786,0.1503,0.0085,-78.0,-0.1155,True,0.2707,0.1033,0.0985,100.0,0.7098,0.2339,0.7403,median,-0.0063,0.0458,-0.0527,Regime 2 (Subcritical),CAUTION,0.55,-0.1003,0.0557,-0.1476,-0.1905,-0.24,False,True,
T,AT&T Inc.,Communication Services,2021-Q3,2021-09-30,usd,1.25,2.0784,15.087295532226562,1757.0,146.0,36.83,128.94,28.44,142.65,85.05,0.1715,0.1495,0.0094,-96.1,0.0743,False,0.2287,0.0821,0.0755,100.0,0.7237,0.1319,0.8348,median,-0.0086,0.0421,-0.0334,Regime 2 (Subcritical),CAUTION,0.55,-0.0782,-0.1856,-0.1501,-0.1856,-0.239,False,True,
T,AT&T Inc.,Communication Services,2021-Q4,2021-12-31,usd,1.25,2.0784,14.09648323059082,1828.5999755859375,145.01,36.83,128.94,19.58,133.31,82.59,0.1181,0.1492,0.0121,-87.4,0.0274,False,0.2478,-0.0208,-0.027,1.0,0.7604,0.1941,0.7745,median,-0.0082,-0.0593,-0.0322,Regime 2 (Subcritical),CAUTION,0.55,0.195,0.0647,0.0356,-0.1539,-0.1855,False,False,
T,AT&T Inc.,Communication Services,2022-Q1,2022-03-31,usd,1.25,2.0784,13.907362937927246,1949.199951171875,144.7,37.47,128.94,22.56,99.56,83.42,0.1356,0.1485,0.0104,-90.5,0.2139,False,0.2399,-0.3828,-0.3915,1.0,0.9974,0.0986,0.8711,median,-0.0103,-0.4268,-0.0353,Regime 2 (Subcritical),CAUTION,0.55,-0.1055,0.1447,0.1189,-0.1424,-0.1744,False,False,
T,AT&T Inc.,Communication Services,2022-Q2,2022-06-30,usd,1.25,2.0784,16.568269729614258,1807.300048828125,98.12,29.06,128.94,19.82,118.07,68.99,0.1255,0.1479,0.0098,-100.5,0.1461,False,0.2506,-0.0444,-0.0591,1.0,1.1582,-0.1299,1.0,median,-0.0164,-0.2284,-0.1692,Regime 2 (Subcritical),CAUTION,0.55,-0.0922,-0.1926,0.0365,-0.2801,-0.307,True,True,
T,AT&T Inc.,Communication Services,2022-Q3,2022-09-30,usd,1.25,2.0784,12.28732967376709,1672.0,98.09,28.81,128.94,24.05,87.57,69.97,0.1524,0.1471,0.0097,-104.6,0.1325,False,0.2355,-0.2767,-0.2927,1.0,1.1432,-0.1785,1.0,median,-0.0163,-0.4879,-0.1952,Regime 2 (Subcritical),CAUTION,0.55,0.2956,0.0435,0.6258,-0.0655,-0.0655,False,False,
T,AT&T Inc.,Communication Services,2022-Q4,2022-12-31,usd,1.25,2.0784,15.008315086364746,1826.199951171875,73.25,28.81,128.94,37.61,107.01,67.15,0.2384,0.1465,0.0088,-92.0,-1.2599,True,0.2093,0.0048,-0.0129,1.0,1.2397,-0.1436,1.0,median,-0.0179,-0.2198,-0.2069,Regime 2 (Subcritical),CAUTION,0.55,-0.1243,-0.0444,0.3673,-0.2484,-0.2484,True,True,
T,AT&T Inc.,Communication Services,2023-Q1,2023-03-31,usd,1.25,2.0784,15.919713020324707,1969.0,73.24,28.7,128.94,24.01,113.81,63.72,0.1523,0.1472,0.0091,-103.7,0.121,False,0.2519,0.4118,0.4031,100.0,1.1137,-0.0839,1.0,median,-0.0092,0.1337,-0.2693,Regime 3 (Parasitic),DANGER,0.95,-0.1946,-0.0225,0.6561,-0.2788,-0.2788,True,True,True
T,AT&T Inc.,Communication Services,2023-Q2,2023-06-30,usd,1.25,2.0784,13.377690315246582,1929.4000244140625,73.19,28.04,128.94,25.62,95.64,63.95,0.1632,0.1477,0.0093,-90.8,0.1555,False,0.2417,-0.134,-0.1349,1.0,0.908,0.0933,0.8772,median,-0.0009,-0.2107,-0.0758,Regime 2 (Subcritical),CAUTION,0.55,0.0913,0.2837,0.9847,-0.1417,-0.1417,False,False,
T,AT&T Inc.,Communication Services,2023-Q3,2023-09-30,usd,1.25,2.0784,12.822284698486328,1866.0999755859375,73.19,28.82,128.94,23.13,91.68,63.52,0.1466,0.1484,0.0092,-18314.9,0.1522,False,0.247,0.1335,0.1426,100.0,0.9333,0.0803,0.8925,median,0.0086,0.0458,-0.0967,Regime 3 (Parasitic),DANGER,0.684,0.2426,0.5951,1.1405,-0.0052,-0.0052,False,False,False
T,AT&T Inc.,Communication Services,2023-Q4,2023-12-31,usd,1.25,2.0784,14.598424911499023,2071.800048828125,73.14,28.82,128.94,21.08,104.42,63.0,0.1336,0.1488,0.0087,-80.9,0.0409,False,0.2562,0.0241,0.0394,1.0,0.9132,0.0303,0.9566,median,0.0155,-0.0245,-0.0639,Regime 2 (Subcritical),CAUTION,0.55,0.1443,0.3919,0.5957,-0.0438,-0.0438,False,False,
T,AT&T Inc.,Communication Services,2024-Q1,2024-03-31,usd,1.25,2.0784,15.561593055725098,2217.39990234375,73.14,28.08,128.94,23.39,111.58,63.39,0.1489,0.149,0.0091,-83.6,0.1374,False,0.2544,-0.0273,-0.0145,1.0,0.8807,0.0926,0.878,median,0.0125,-0.0198,-0.0053,Regime 2 (Subcritical),CAUTION,0.55,0.291,0.71,0.8297,-0.0655,-0.0655,False,False,
T,AT&T Inc.,Communication Services,2024-Q2,2024-06-30,usd,1.25,2.0784,17.173471450805664,2339.60009765625,73.13,28.17,128.94,23.04,123.14,63.32,0.1466,0.1492,0.0091,-81.8,0.1372,False,0.2632,0.2525,0.2626,100.0,0.9883,0.0797,0.8932,median,0.0098,0.2527,-0.0099,Regime 3 (Parasitic),DANGER,0.803,0.2382,0.6043,0.1976,-0.0262,-0.0262,False,False,False
T,AT&T Inc.,Communication Services,2024-Q3,2024-09-30,usd,1.25,2.0784,20.067352294921875,2659.39990234375,68.69,27.83,128.94,8.46,143.99,58.48,0.054,0.1493,0.0089,-68.2,0.1537,False,0.3345,0.5279,0.5341,100.0,1.0605,0.2344,0.7399,median,0.0063,0.4514,-0.0826,Regime 3 (Parasitic),DANGER,0.95,0.3185,0.3439,0.251,-0.0231,-0.0231,False,False,False
T,AT&T Inc.,Communication Services,2024-Q4,2024-12-31,usd,1.25,2.0784,21.0363826751709,2641.0,68.69,27.83,128.94,8.46,151.0,58.48,0.054,0.1484,0.0383,-376.4,-0.1409,True,0.3414,0.4464,0.4432,100.0,1.0338,0.0849,0.887,median,-0.003,0.3689,-0.0744,Regime 3 (Parasitic),DANGER,0.95,0.2981,0.1398,0.1934,-0.0411,-0.0411,False,False,False
T,AT&T Inc.,Communication Services,2025-Q1,2025-03-31,usd,1.25,2.0784,26.458498001098633,3122.800048828125,68.69,28.58,128.94,23.02,190.38,62.31,0.1461,0.1467,0.0089,-84.5,0.1597,False,0.3442,0.5678,0.5515,100.0,1.3186,0.0475,0.9335,median,-0.0159,0.5343,-0.0172,Regime 3 (Parasitic),DANGER,0.95,0.0131,0.07,-0.0512,-0.1511,-0.2362,False,True,True
T,AT&T Inc.,Communication Services,2025-Q2,2025-06-30,usd,1.25,2.0784,27.363370895385742,3307.699951171875,68.69,27.78,128.94,26.0,195.66,62.85,0.1659,0.1453,0.009,-89.8,0.1761,False,0.3455,0.4974,0.4705,100.0,1.2442,0.0613,0.9158,median,-0.0264,0.4631,-0.0074,Regime 3 (Parasitic),DANGER,0.95,-0.1262,-0.2535,-0.0825,-0.2535,-0.2614,True,True,True
T,AT&T Inc.,Communication Services,2025-Q3,2025-09-30,usd,1.25,2.0784,26.968307495117188,3873.199951171875,68.68,29.82,128.94,24.48,191.19,62.98,0.1542,0.1444,0.0094,-98.6,0.2206,False,0.3387,0.2431,0.2095,3.827,1.2548,0.0277,0.9601,median,-0.0332,0.2835,0.0741,Regime 3 (Parasitic),DANGER,0.793,0.0498,-0.0691,-0.0691,-0.2506,-0.2506,True,True,True
T,AT&T Inc.,Communication Services,2025-Q4,2025-12-31,usd,1.25,2.0784,23.976802825927734,4341.10009765625,68.68,29.82,128.94,24.48,167.85,62.98,0.1542,0.1438,0.0141,-149.7,-0.0311,True,0.3091,0.0635,0.0317,1.428,1.4123,0.0216,0.9685,median,-0.0314,0.1058,0.0741,Regime 2 (Subcritical),CAUTION,0.6,-0.1571,0.0471,0.0471,-0.1571,-0.1571,False,False,
T,AT&T Inc.,Communication Services,2026-Q1,2026-03-31,usd,1.25,2.0784,28.31065559387207,4647.60009765625,69.97,29.26,128.94,26.63,196.71,63.7,0.1683,0.1434,0.0092,-103.9,0.1839,False,0.34,0.0338,0.0105,1.475,1.2793,0.0296,0.9575,median,-0.0226,0.0327,0.0222,Regime 1 (Virtuous),HEALTHY,0.611,-0.1132,-0.1132,-0.1132,-0.2862,-0.2862,True,True,False
T,AT&T Inc.,Communication Services,2026-Q2,2026-06-30,usd,1.25,2.0784,20.42649269104004,4038.5,69.93,28.88,128.94,28.15,139.97,63.98,0.1784,0.1433,0.0093,-108.2,0.2069,False,0.2666,-0.3384,-0.3527,-18.909,1.0102,0.0203,0.9705,median,-0.0137,-0.3349,0.0177,Regime 2 (Subcritical),CAUTION,0.55,0.229,0.229,0.229,-0.0106,-0.0106,False,False,
HON,Honeywell International Inc.,Industrials,2017-Q1,2017-03-31,usd,1.25,2.0784,97.44200134277344,1247.300048828125,22.42,5.4,5.82,12.54,78.4,11.54,1.1188,1.0784,0.2445,61.9,0.3459,False,0.5482,0.0316,0.0402,2.063,0.8662,-0.0342,1.0,median,0.0101,0.078,0.0378,Regime 2 (Subcritical),CAUTION,0.55,0.1464,0.1805,0.383,-0.019,-0.019,False,False,
HON,Honeywell International Inc.,Industrials,2017-Q2,2017-06-30,usd,1.25,2.0784,104.53912353515625,1240.699951171875,22.6,5.52,5.72,12.91,83.93,11.69,1.1486,1.0824,0.2227,58.9,0.3423,False,0.5612,0.105,0.1167,4.753,0.84,-0.0019,1.0,median,0.0138,0.1477,0.0311,Regime 2 (Subcritical),CAUTION,0.55,0.1621,0.1024,0.4231,0.0,0.0,False,False,
HON,Honeywell International Inc.,Industrials,2017-Q3,2017-09-30,usd,1.25,2.0784,111.7070541381836,1281.5,22.86,5.79,5.76,12.99,88.65,11.85,1.1253,1.0885,0.2306,60.1,0.3497,False,0.5704,0.1632,0.1672,5.083,0.8398,0.0145,0.9786,median,0.0047,0.2082,0.041,Regime 2 (Subcritical),CAUTION,0.55,0.0231,0.1898,0.2888,-0.0008,-0.0635,False,False,
HON,Honeywell International Inc.,Industrials,2017-Q4,2017-12-31,usd,1.25,2.0784,121.48323059082031,1306.300048828125,22.77,5.79,5.93,13.39,96.29,11.97,1.1429,1.0935,0.1842,49.1,0.3638,False,0.5859,0.2354,0.2484,7.306,0.9512,0.134,0.8327,median,0.0152,0.2877,0.0394,Regime 3 (Parasitic),DANGER,0.785,-0.0535,-0.0848,0.2511,-0.1353,-0.1353,False,False,True
HON,Honeywell International Inc.,Industrials,2018-Q1,2018-03-31,usd,1.25,2.0784,115.02906036376953,1322.800048828125,22.98,5.9,6.08,12.8,90.69,11.94,1.0685,1.0983,0.2141,53.3,0.3414,False,0.5734,0.0954,0.1116,4.288,0.9488,0.0628,0.9139,median,0.0183,0.1455,0.0339,Regime 2 (Subcritical),CAUTION,0.55,0.18,0.1887,0.0056,-0.0713,-0.2073,False,True,
HON,Honeywell International Inc.,Industrials,2018-Q2,2018-06-30,usd,1.25,2.0784,115.24476623535156,1251.300048828125,22.4,6.11,5.97,13.22,90.33,11.92,1.0944,1.1,0.1791,47.7,0.3297,False,0.5723,0.0391,0.0536,3.695,0.8991,0.0421,0.9406,median,0.0161,0.0735,0.0199,Regime 2 (Subcritical),CAUTION,0.55,-0.048,0.2841,0.0777,-0.0912,-0.2243,False,True,
HON,Honeywell International Inc.,Industrials,2018-Q3,2018-09-30,usd,1.25,2.0784,133.7761688232422,1191.5,22.39,6.1,5.97,12.82,103.4,11.82,1.0632,1.1009,0.1917,48.7,0.3799,False,0.6027,0.146,0.1564,100.0,0.8039,0.1073,0.8613,median,0.0113,0.1539,-0.0025,Regime 3 (Parasitic),DANGER,0.696,-0.0038,0.0711,0.066,-0.2217,-0.3357,True,True,True
HON,Honeywell International Inc.,Industrials,2018-Q4,2018-12-31,usd,1.25,2.0784,111.44109344482422,1278.300048828125,19.68,6.1,5.3,12.18,82.26,10.81,1.0688,1.1003,0.2112,52.0,0.3771,False,0.5723,-0.0618,-0.056,1.0,1.0437,-0.0618,1.0,median,0.0062,-0.1575,-0.1015,Regime 2 (Subcritical),CAUTION,0.55,0.3519,0.367,0.6671,-0.0155,-0.1936,False,False,
HON,Honeywell International Inc.,Industrials,2019-Q1,2019-03-31,usd,1.25,2.0784,134.76129150390625,1293.0,19.59,5.45,5.28,12.02,99.21,10.59,1.1204,1.0992,0.2664,59.0,0.3659,False,0.6157,0.2098,0.2104,100.0,0.9107,0.0813,0.8914,median,0.0007,0.0898,-0.1206,Regime 3 (Parasitic),DANGER,0.76,0.051,-0.1674,0.409,-0.3436,-0.3436,True,True,True
HON,Honeywell International Inc.,Industrials,2019-Q2,2019-06-30,usd,1.25,2.0784,148.76971435546875,1409.699951171875,19.51,5.55,5.26,12.6,108.29,10.73,1.1654,1.0989,0.2487,58.2,0.3318,False,0.629,0.288,0.2871,100.0,1.041,0.0206,0.97,median,-0.001,0.1813,-0.1058,Regime 3 (Parasitic),DANGER,0.838,0.0081,-0.1713,0.2734,-0.4035,-0.4035,True,True,True
HON,Honeywell International Inc.,Industrials,2019-Q3,2019-09-30,usd,1.25,2.0784,144.9011688232422,1465.699951171875,19.21,5.18,5.24,12.19,104.74,10.46,1.1696,1.1001,0.282,62.3,0.4208,False,0.6278,0.1358,0.1353,100.0,1.2042,-0.001,1.0,median,-0.0007,0.0129,-0.1224,Regime 2 (Subcritical),CAUTION,0.55,-0.2132,-0.0048,0.3229,-0.3798,-0.3798,True,True,
HON,Honeywell International Inc.,Industrials,2019-Q4,2019-12-31,usd,1.25,2.0784,152.3345489501953,1519.5,19.3,5.18,5.33,12.67,109.59,10.62,1.2058,1.1023,0.2228,52.7,0.3601,False,0.6329,0.3035,0.305,100.0,0.9223,0.2442,0.7319,median,0.0018,0.2869,-0.0181,Regime 3 (Parasitic),DANGER,0.854,-0.1726,0.2196,0.2179,-0.41,-0.41,True,True,True
HON,Honeywell International Inc.,Industrials,2020-Q1,2020-03-31,usd,1.25,2.0784,115.76922607421875,1583.4000244140625,18.86,4.95,5.21,11.72,82.19,10.19,1.1525,1.1058,0.2897,62.4,0.3276,False,0.586,-0.1538,-0.1497,1.0,1.3633,-0.1008,1.0,median,0.006,-0.1881,-0.0385,Regime 2 (Subcritical),CAUTION,0.55,0.2457,0.6587,0.5139,-0.0809,-0.0809,False,False,
HON,Honeywell International Inc.,Industrials,2020-Q2,2020-06-30,usd,1.25,2.0784,126.03697204589844,1800.5,19.07,4.73,5.33,8.8,89.48,9.48,0.8752,1.1092,0.4159,71.4,0.4677,False,0.618,-0.0738,-0.0674,1.0,1.2425,0.0122,0.982,median,0.0093,-0.1907,-0.1233,Regime 2 (Subcritical),CAUTION,0.55,0.4614,0.5461,0.2485,-0.0223,-0.0223,False,False,
HON,Honeywell International Inc.,Industrials,2020-Q3,2020-09-30,usd,1.25,2.0784,144.29946899414062,1895.5,19.16,4.41,5.42,9.66,102.44,9.66,0.9822,1.1077,0.3953,71.0,0.4698,False,0.6382,0.0521,0.0569,1.0,1.1182,0.0992,0.8705,median,0.0069,-0.0222,-0.0791,Regime 2 (Subcritical),CAUTION,0.55,0.3307,0.3121,0.0528,-0.021,-0.021,False,False,
HON,Honeywell International Inc.,Industrials,2020-Q4,2020-12-31,usd,1.25,2.0784,187.32997131347656,1895.0999755859375,19.62,4.41,5.57,11.7,132.05,10.32,1.1717,1.1047,0.249,50.1,0.4839,False,0.6663,0.2132,0.2147,100.0,1.0728,0.1158,0.852,median,0.0022,0.1865,-0.0282,Regime 3 (Parasitic),DANGER,0.763,0.0462,-0.0029,0.0459,-0.0815,-0.189,False,False,True
HON,Honeywell International Inc.,Industrials,2021-Q1,2021-03-31,usd,1.25,2.0784,192.02496337890625,1713.800048828125,20.78,4.94,5.55,7.1,134.94,9.59,0.6768,1.1035,0.2735,53.1,0.4191,False,0.6795,0.5574,0.5557,100.0,0.7041,0.3339,0.6663,median,-0.0021,0.4957,-0.06,Regime 3 (Parasitic),DANGER,0.95,-0.0017,-0.0873,-0.0852,-0.1652,-0.2089,False,True,True
HON,Honeywell International Inc.,Industrials,2021-Q2,2021-06-30,usd,1.25,2.0784,194.8655242919922,1771.5999755859375,20.88,4.83,5.52,7.17,136.1,9.6,0.6931,1.0964,0.2508,50.5,0.4104,False,0.6805,0.4158,0.407,33.982,0.7098,0.2339,0.7403,median,-0.0115,0.4194,0.0123,Regime 3 (Parasitic),DANGER,0.95,-0.046,-0.1925,-0.0161,-0.1953,-0.2204,False,True,True
HON,Honeywell International Inc.,Industrials,2021-Q3,2021-09-30,usd,1.25,2.0784,189.33660888671875,1757.0,20.6,4.61,5.51,7.17,131.86,9.47,0.7086,1.0856,0.3099,59.8,0.429,False,0.6783,0.2877,0.2722,100.0,0.7237,0.1319,0.8348,median,-0.0202,0.2525,-0.0197,Regime 3 (Parasitic),DANGER,0.838,-0.0744,-0.1976,-0.0935,-0.1976,-0.1976,False,False,True
HON,Honeywell International Inc.,Industrials,2021-Q4,2021-12-31,usd,1.25,2.0784,186.77777099609375,1828.5999755859375,21.37,4.61,5.56,7.17,129.4,9.68,0.7052,1.0723,0.5369,72.7,0.3194,False,0.6734,0.0672,0.0443,1.0,0.7604,0.1941,0.7745,median,-0.0298,-0.0203,-0.0646,Regime 2 (Subcritical),CAUTION,0.55,-0.1512,0.049,0.0492,-0.1866,-0.1866,False,False,
HON,Honeywell International Inc.,Industrials,2022-Q1,2022-03-31,usd,1.25,2.0784,175.2593994140625,1949.199951171875,21.4,7.12,5.56,7.06,120.69,10.29,0.5568,1.0573,0.334,64.5,0.3845,False,0.6544,-0.141,-0.1814,-1.597,0.9974,0.0986,0.8711,median,-0.0427,-0.1116,0.0698,Regime 2 (Subcritical),CAUTION,0.55,-0.1171,0.0023,0.1004,-0.1332,-0.1332,False,False,
HON,Honeywell International Inc.,Industrials,2022-Q2,2022-06-30,usd,1.25,2.0784,157.35479736328125,1807.300048828125,20.91,6.77,5.56,7.47,107.25,10.18,0.6057,1.0396,0.3275,68.8,0.3529,False,0.6373,-0.2438,-0.2967,-4.083,1.1582,-0.1299,1.0,median,-0.0533,-0.2383,0.0584,Regime 2 (Subcritical),CAUTION,0.55,0.2478,0.2184,0.2819,-0.0346,-0.0346,False,False,
HON,Honeywell International Inc.,Industrials,2022-Q3,2022-09-30,usd,1.25,2.0784,151.91726684570312,1672.0,20.19,6.46,5.56,7.81,103.33,10.01,0.6495,1.0205,0.3028,65.7,0.3366,False,0.6336,-0.2333,-0.2985,-4.459,1.1432,-0.1785,1.0,median,-0.0618,-0.2439,0.0547,Regime 2 (Subcritical),CAUTION,0.55,0.1563,0.1297,0.2981,0.0,0.0,False,False,
HON,Honeywell International Inc.,Industrials,2022-Q4,2022-12-31,usd,1.25,2.0784,195.93515014648438,1826.199951171875,20.72,6.46,5.47,7.81,132.33,10.11,0.6544,1.0012,0.5721,87.3,0.3119,False,0.6696,0.0517,-0.0217,0.508,1.2397,-0.1436,1.0,median,-0.0686,0.0224,0.0441,Regime 2 (Subcritical),CAUTION,0.55,-0.0215,0.0002,0.1038,-0.1652,-0.1652,False,False,
HON,Honeywell International Inc.,Industrials,2023-Q1,2023-03-31,usd,1.25,2.0784,175.66714477539062,1969.0,20.75,6.7,5.47,7.79,118.31,10.18,0.64,0.9821,0.3233,69.9,0.328,False,0.6527,0.0681,-0.0093,1.0,1.1137,-0.0839,1.0,median,-0.0738,-0.02,-0.0107,Regime 2 (Subcritical),CAUTION,0.55,-0.023,0.0979,0.149,-0.0689,-0.0689,False,False,
HON,Honeywell International Inc.,Industrials,2023-Q2,2023-06-30,usd,1.25,2.0784,191.72344970703125,1929.4000244140625,21.37,6.55,5.49,8.21,128.79,10.4,0.6821,0.9632,0.3303,70.8,0.3471,False,0.662,0.2428,0.1612,8.371,0.908,0.0933,0.8772,median,-0.0763,0.183,0.0219,Regime 3 (Parasitic),DANGER,0.793,0.0222,0.0521,0.1512,-0.1469,-0.1469,False,False,False
HON,Honeywell International Inc.,Industrials,2023-Q3,2023-09-30,usd,1.25,2.0784,171.62806701660156,1866.0999755859375,21.1,6.46,5.49,8.33,114.47,10.35,0.6969,0.9452,0.3222,70.8,0.3457,False,0.6452,0.1565,0.0691,3.073,0.9333,0.0803,0.8925,median,-0.0766,0.1025,0.0333,Regime 2 (Subcritical),CAUTION,0.55,0.1368,0.1624,0.196,-0.0359,-0.0359,False,False,
HON,Honeywell International Inc.,Industrials,2023-Q4,2023-12-31,usd,1.25,2.0784,195.9722137451172,2071.800048828125,21.28,6.46,5.49,8.33,129.22,10.39,0.6969,0.9282,0.5188,85.5,0.2563,False,0.6627,0.0303,-0.0506,-0.886,0.9132,0.0303,0.9566,median,-0.0757,-0.0238,0.0268,Regime 2 (Subcritical),CAUTION,0.55,0.0328,0.1074,0.0403,-0.0842,-0.1016,False,False,
HON,Honeywell International Inc.,Industrials,2024-Q1,2024-03-31,usd,1.25,2.0784,192.85862731933594,2217.39990234375,21.12,6.65,5.49,12.89,127.05,11.54,1.0621,0.9123,0.3579,72.5,0.3396,False,0.6435,0.0285,-0.0539,0.57,0.8807,0.0926,0.878,median,-0.0738,0.0713,0.1252,Regime 2 (Subcritical),CAUTION,0.55,0.0389,0.0704,0.2383,-0.0577,-0.0756,False,False,
HON,Honeywell International Inc.,Industrials,2024-Q2,2024-06-30,usd,1.25,2.0784,201.7104949951172,2339.60009765625,26.03,6.97,5.49,13.4,132.58,12.97,1.0759,0.9012,0.3553,71.7,0.3452,False,0.6324,-0.1149,-0.1918,0.131,0.9883,0.0797,0.8932,median,-0.0666,0.029,0.2208,Regime 2 (Subcritical),CAUTION,0.55,0.0993,0.1272,0.1203,-0.1194,-0.1194,False,False,
HON,Honeywell International Inc.,Industrials,2024-Q3,2024-09-30,usd,1.25,2.0784,196.32725524902344,2659.39990234375,27.02,7.06,5.49,13.68,129.14,13.31,1.0897,0.8942,0.3588,69.4,0.323,False,0.6236,-0.0703,-0.1315,0.478,1.0605,0.2344,0.7399,median,-0.0554,0.1206,0.2521,Regime 2 (Subcritical),CAUTION,0.55,0.0349,0.0395,0.0789,-0.1063,-0.1063,False,False,
HON,Honeywell International Inc.,Industrials,2024-Q4,2024-12-31,usd,1.25,2.0784,215.60003662109375,2641.0,28.48,7.06,5.49,13.46,141.73,13.62,1.0725,0.8907,0.3994,71.2,0.39,False,0.6361,-0.1296,-0.1786,0.341,1.0338,0.0849,0.887,median,-0.0413,0.0924,0.2709,Regime 2 (Subcritical),CAUTION,0.55,0.0681,-0.0637,-0.0175,-0.1862,-0.1862,False,False,
HON,Honeywell International Inc.,Industrials,2025-Q1,2025-03-31,usd,1.25,2.0784,203.18580627441406,3122.800048828125,28.56,7.2,5.49,13.85,132.11,13.77,1.0916,0.8897,0.3923,74.8,0.3101,False,0.622,-0.1092,-0.1382,0.22,1.3186,0.0475,0.9335,median,-0.025,0.039,0.1773,Regime 2 (Subcritical),CAUTION,0.55,-0.0014,0.1568,0.0425,-0.1364,-0.1364,False,False,
HON,Honeywell International Inc.,Industrials,2025-Q2,2025-06-30,usd,1.25,2.0784,224.60293579101562,3307.699951171875,31.16,7.64,5.49,14.66,144.26,14.73,1.1169,0.891,0.3962,76.4,0.2856,False,0.6261,-0.0294,-0.0428,0.664,1.2442,0.0613,0.9158,median,-0.0113,0.0845,0.1273,Regime 2 (Subcritical),CAUTION,0.55,-0.092,-0.0061,-0.0569,-0.1332,-0.1332,False,False,
HON,Honeywell International Inc.,Industrials,2025-Q3,2025-09-30,usd,1.25,2.0784,204.0752410888672,3873.199951171875,30.87,7.17,5.49,12.93,131.08,14.11,1.0216,0.8944,0.4027,75.7,0.3133,False,0.6174,-0.0439,-0.0437,0.254,1.2548,0.0277,0.9601,median,0.0002,0.0149,0.0586,Regime 2 (Subcritical),CAUTION,0.55,0.1518,0.038,0.038,-0.046,-0.046,False,False,
HON,Honeywell International Inc.,Industrials,2025-Q4,2025-12-31,usd,1.25,2.0784,201.87478637695312,4341.10009765625,27.82,7.17,5.49,13.88,122.29,13.59,1.0965,0.8983,0.3572,69.1,0.4208,False,0.61,-0.1548,-0.145,1.0,1.4123,0.0216,0.9685,median,0.0085,-0.1476,-0.0025,Regime 2 (Subcritical),CAUTION,0.55,0.0952,0.0493,0.0493,-0.0025,-0.0025,False,False,
HON,Honeywell International Inc.,Industrials,2026-Q1,2026-03-31,usd,1.25,2.0784,235.05201721191406,4647.60009765625,27.64,7.21,5.49,8.52,142.03,12.21,0.6709,0.9035,0.4769,86.1,0.3089,False,0.6545,0.1747,0.1926,100.0,1.2793,0.0296,0.9575,median,0.0153,0.0724,-0.1202,Regime 3 (Parasitic),DANGER,0.775,-0.0988,-0.0988,-0.0988,-0.1433,-0.1433,False,False,True
HON,Honeywell International Inc.,Industrials,2026-Q2,2026-06-30,usd,1.25,2.0784,223.2301788330078,4038.5,26.38,7.47,5.49,8.96,70.74,12.07,0.6915,0.9053,0.4276,78.5,0.2845,False,0.5169,-0.5325,-0.5135,1.0,1.0102,0.0203,0.9705,median,0.0159,-0.7126,-0.1991,Regime 2 (Subcritical),CAUTION,0.55,-0.0511,-0.0511,-0.0511,-0.0979,-0.0979,False,False,
CAT,Caterpillar Inc.,Industrials,2017-Q1,2017-03-31,usd,1.25,2.0784,75.7689437866211,1247.300048828125,8.34,5.85,14.73,9.32,44.64,9.56,0.4527,0.356,0.6025,111.5,0.0484,False,0.4277,0.1541,0.1663,100.0,0.8662,-0.0342,1.0,median,0.0143,0.1311,-0.0352,Regime 2 (Subcritical),CAUTION,0.55,0.3654,0.6308,0.5355,-0.0053,-0.0053,False,False,
CAT,Caterpillar Inc.,Industrials,2017-Q2,2017-06-30,usd,1.25,2.0784,88.50541687011719,1240.699951171875,8.37,6.97,14.42,11.29,52.31,10.26,0.528,0.3593,0.4551,96.0,0.2401,False,0.4535,0.2561,0.2759,21.799,0.84,-0.0019,1.0,median,0.0235,0.2892,0.0133,Regime 3 (Parasitic),DANGER,0.806,0.4858,0.2916,0.3303,-0.0088,-0.0088,False,False,False
CAT,Caterpillar Inc.,Industrials,2017-Q3,2017-09-30,usd,1.25,2.0784,103.45414733886719,1281.5,8.37,6.77,14.19,12.14,61.54,10.37,0.5793,0.3718,0.4819,102.3,0.265,False,0.5009,0.3037,0.3118,5.034,0.8398,0.0145,0.9786,median,0.0096,0.3891,0.0773,Regime 3 (Parasitic),DANGER,0.854,0.1943,0.2495,0.0627,0.0,-0.0736,False,False,False
CAT,Caterpillar Inc.,Industrials,2017-Q4,2017-12-31,usd,1.25,2.0784,131.50143432617188,1306.300048828125,8.31,6.77,14.15,12.92,78.59,10.54,0.6173,0.3889,0.362,88.6,0.2372,False,0.5621,0.3448,0.3883,3.041,0.9512,0.134,0.8327,median,0.0511,0.5786,0.1903,Regime 2 (Subcritical),CAUTION,0.55,-0.1277,-0.1727,-0.0113,-0.2686,-0.2686,True,True,
CAT,Caterpillar Inc.,Industrials,2018-Q1,2018-03-31,usd,1.25,2.0784,123.56031799316406,1322.800048828125,8.54,6.88,13.91,14.34,73.88,10.92,0.6896,0.4081,0.4102,98.8,0.2353,False,0.5377,0.2505,0.3711,3.794,0.9488,0.0628,0.9139,median,0.1367,0.5039,0.1328,Regime 3 (Parasitic),DANGER,0.75,0.0716,-0.0356,-0.1819,-0.2055,-0.3273,True,True,True
CAT,Caterpillar Inc.,Industrials,2018-Q2,2018-06-30,usd,1.25,2.0784,114.31558227539062,1251.300048828125,8.29,7.61,13.75,15.43,67.94,11.27,0.7223,0.4296,0.3664,95.0,0.2465,False,0.5058,0.0086,0.168,2.798,0.8991,0.0421,0.9406,median,0.1787,0.2615,0.0935,Regime 2 (Subcritical),CAUTION,0.55,-0.0668,0.0252,-0.0275,-0.1654,-0.2934,False,True,
CAT,Caterpillar Inc.,Industrials,2018-Q3,2018-09-30,usd,1.25,2.0784,129.2759246826172,1191.5,8.21,7.11,13.61,14.96,76.29,10.97,0.7222,0.4519,0.4151,104.8,0.2515,False,0.5449,-0.0201,0.1579,3.776,0.8039,0.1073,0.8613,median,0.1952,0.2147,0.0569,Regime 2 (Subcritical),CAUTION,0.55,-0.0988,-0.1483,0.0257,-0.2576,-0.3714,True,True,
CAT,Caterpillar Inc.,Industrials,2018-Q4,2018-12-31,usd,1.25,2.0784,108.4122543334961,1278.300048828125,8.11,7.11,13.57,14.57,62.39,10.84,0.7044,0.4737,0.3634,97.0,0.2129,False,0.4922,-0.4323,-0.2593,-8.074,1.0437,-0.0618,1.0,median,0.1973,-0.2308,0.0286,Regime 2 (Subcritical),CAUTION,0.55,0.0885,0.1951,0.5009,-0.0896,-0.2515,False,True,
CAT,Caterpillar Inc.,Industrials,2019-Q1,2019-03-31,usd,1.25,2.0784,116.33960723876953,1293.0,8.0,7.02,13.26,14.88,66.51,10.79,0.7341,0.4938,0.4518,112.9,0.222,False,0.5125,-0.2556,-0.0934,1.0,0.9107,0.0813,0.8914,median,0.1906,-0.105,-0.0117,Regime 2 (Subcritical),CAUTION,0.55,-0.0849,-0.1804,0.7585,-0.3261,-0.3261,True,True,
CAT,Caterpillar Inc.,Industrials,2019-Q2,2019-06-30,usd,1.25,2.0784,117.73588562011719,1409.699951171875,7.94,7.0,13.17,14.92,66.24,10.76,0.7396,0.5128,0.3857,102.7,0.2229,False,0.5122,-0.1229,0.021,1.0,1.041,0.0206,0.97,median,0.1771,-0.0253,-0.0463,Regime 2 (Subcritical),CAUTION,0.55,0.1025,-0.0536,0.6637,-0.3123,-0.3123,True,True,
CAT,Caterpillar Inc.,Industrials,2019-Q3,2019-09-30,usd,1.25,2.0784,109.9541244506836,1465.699951171875,7.77,6.73,12.84,13.62,60.77,10.24,0.696,0.5306,0.5171,123.6,0.2293,False,0.5011,-0.2838,-0.1583,1.0,1.2042,-0.001,1.0,median,0.1605,-0.2274,-0.0691,Regime 2 (Subcritical),CAUTION,0.55,-0.1024,0.2043,0.6513,-0.262,-0.262,True,True,
CAT,Caterpillar Inc.,Industrials,2019-Q4,2019-12-31,usd,1.25,2.0784,129.5673828125,1519.5,7.76,6.73,12.9,13.08,71.28,10.12,0.6661,0.5463,0.4604,112.7,0.2498,False,0.5478,0.0877,0.2024,100.0,0.9223,0.2442,0.7319,median,0.1425,0.1331,-0.0693,Regime 2 (Subcritical),CAUTION,0.55,-0.1295,0.2558,0.4675,-0.3737,-0.3737,True,True,
CAT,Caterpillar Inc.,Industrials,2020-Q1,2020-03-31,usd,1.25,2.0784,102.52210235595703,1583.4000244140625,7.62,5.91,12.49,10.59,55.57,9.15,0.5758,0.5596,0.6956,142.4,0.164,False,0.5073,-0.1016,-0.0152,1.0,1.3633,-0.1008,1.0,median,0.1251,-0.1798,-0.1646,Regime 2 (Subcritical),CAUTION,0.55,0.2916,1.0549,1.015,-0.0914,-0.0914,False,False,
CAT,Caterpillar Inc.,Industrials,2020-Q2,2020-06-30,usd,1.25,2.0784,112.7896728515625,1800.5,7.61,6.08,12.36,8.79,61.08,8.71,0.4767,0.5695,0.7648,145.9,0.097,False,0.5463,0.0582,0.1302,1.0,1.2425,0.0122,0.982,median,0.1049,-0.0811,-0.2114,Regime 2 (Subcritical),CAUTION,0.55,0.4155,0.7611,0.4765,-0.0061,-0.0061,False,False,
CAT,Caterpillar Inc.,Industrials,2020-Q3,2020-09-30,usd,1.25,2.0784,133.98080444335938,1895.5,7.67,5.88,12.23,9.24,72.79,8.75,0.5099,0.5752,0.7815,147.0,0.1514,False,0.5869,0.2818,0.3373,100.0,1.1182,0.0992,0.8705,median,0.0806,0.1805,-0.1569,Regime 3 (Parasitic),DANGER,0.882,0.5724,0.3147,0.1488,-0.0164,-0.0164,False,False,False
CAT,Caterpillar Inc.,Industrials,2020-Q4,2020-12-31,usd,1.25,2.0784,164.50648498535156,1895.0999755859375,7.7,5.88,12.4,11.14,89.71,9.28,0.6096,0.5783,0.579,121.3,0.3159,False,0.6179,0.2757,0.3162,100.0,1.0728,0.1158,0.852,median,0.057,0.23,-0.0862,Regime 3 (Parasitic),DANGER,0.826,0.2023,0.1595,0.3752,-0.0024,-0.0737,False,False,False
CAT,Caterpillar Inc.,Industrials,2021-Q1,2021-03-31,usd,1.25,2.0784,210.67498779296875,1713.800048828125,7.59,6.45,12.13,7.26,115.41,8.36,0.3904,0.5811,0.5731,123.3,0.2912,False,0.6747,0.7919,0.8217,100.0,0.7041,0.3339,0.6663,median,0.0377,0.7309,-0.0908,Regime 3 (Parasitic),DANGER,0.95,-0.1382,-0.0194,0.0307,-0.1954,-0.2767,False,True,True
CAT,Caterpillar Inc.,Industrials,2021-Q2,2021-06-30,usd,1.25,2.0784,198.63046264648438,1771.5999755859375,7.55,7.24,12.01,7.16,108.75,8.49,0.3717,0.5805,0.4975,114.7,0.2763,False,0.6643,0.5879,0.6025,100.0,0.7098,0.2339,0.7403,median,0.0192,0.5769,-0.0256,Regime 3 (Parasitic),DANGER,0.95,-0.0369,-0.1616,0.1818,-0.162,-0.2328,False,True,True
CAT,Caterpillar Inc.,Industrials,2021-Q3,2021-09-30,usd,1.25,2.0784,176.15090942382812,1757.0,7.47,7.07,11.9,6.66,95.28,8.28,0.3508,0.5772,0.556,124.7,0.2412,False,0.6482,0.3227,0.3254,100.0,0.7237,0.1319,0.8348,median,0.0035,0.2692,-0.0562,Regime 3 (Parasitic),DANGER,0.873,0.1728,-0.1262,0.4858,-0.1349,-0.1349,False,False,True
CAT,Caterpillar Inc.,Industrials,2021-Q4,2021-12-31,usd,1.25,2.0784,190.7512664794922,1828.5999755859375,7.37,7.07,12.09,6.66,102.22,8.29,0.3474,0.5716,2.9483,288.6,0.1416,False,0.6587,0.252,0.243,100.0,0.7604,0.1941,0.7745,median,-0.0117,0.1306,-0.1124,Regime 3 (Parasitic),DANGER,0.802,-0.1293,0.186,0.4937,-0.2012,-0.2012,True,True,True
CAT,Caterpillar Inc.,Industrials,2022-Q1,2022-03-31,usd,1.25,2.0784,206.58526611328125,1949.199951171875,7.26,7.21,11.93,7.42,110.19,8.46,0.3876,0.5644,0.5187,125.2,0.185,False,0.6667,-0.0334,-0.058,-3.937,0.9974,0.0986,0.8711,median,-0.0291,-0.0462,0.0117,Regime 2 (Subcritical),CAUTION,0.55,-0.2467,0.0511,0.7173,-0.2624,-0.2624,True,True,
CAT,Caterpillar Inc.,Industrials,2022-Q2,2022-06-30,usd,1.25,2.0784,166.53028869628906,1807.300048828125,7.08,7.62,11.74,7.78,87.91,8.56,0.4016,0.5567,0.4874,125.1,0.1759,False,0.6287,-0.1827,-0.2205,-27.263,1.1582,-0.1299,1.0,median,-0.0418,-0.2127,0.0078,Regime 2 (Subcritical),CAUTION,0.55,0.3621,0.4096,0.9436,-0.085,-0.085,False,False,
CAT,Caterpillar Inc.,Industrials,2022-Q3,2022-09-30,usd,1.25,2.0784,153.9192352294922,1672.0,6.9,7.51,11.64,9.7,80.1,8.94,0.5065,0.5488,0.4678,126.7,0.1855,False,0.6023,-0.2011,-0.2505,-2.256,1.1432,-0.1785,1.0,median,-0.0503,-0.1735,0.0769,Regime 2 (Subcritical),CAUTION,0.55,0.4107,0.7005,1.4789,0.0,0.0,False,False,
CAT,Caterpillar Inc.,Industrials,2022-Q4,2022-12-31,usd,1.25,2.0784,226.22877502441406,1826.199951171875,6.05,7.51,12.03,9.7,116.8,8.82,0.4965,0.5422,1.6083,231.8,0.1539,False,0.669,0.1241,0.0719,2.17,1.2397,-0.1436,1.0,median,-0.0528,0.1333,0.0614,Regime 2 (Subcritical),CAUTION,0.55,0.0405,0.2631,0.5756,-0.1299,-0.1299,False,False,
CAT,Caterpillar Inc.,Industrials,2023-Q1,2023-03-31,usd,1.25,2.0784,217.13595581054688,1969.0,6.0,7.74,11.97,10.92,112.02,9.16,0.5542,0.5365,0.475,131.6,0.1935,False,0.6576,-0.0151,-0.0635,0.206,1.1137,-0.0839,1.0,median,-0.0508,0.0165,0.08,Regime 2 (Subcritical),CAUTION,0.55,0.2054,0.6338,0.4921,-0.096,-0.096,False,False,
CAT,Caterpillar Inc.,Industrials,2023-Q2,2023-06-30,usd,1.25,2.0784,234.7330322265625,1929.4000244140625,5.92,8.22,12.12,14.61,119.74,10.22,0.7179,0.5322,0.4268,126.4,0.1468,False,0.6514,0.1756,0.1313,1.739,0.908,0.0933,0.8772,median,-0.0451,0.309,0.1777,Regime 2 (Subcritical),CAUTION,0.55,0.2139,0.3789,0.6184,-0.072,-0.072,False,False,
CAT,Caterpillar Inc.,Industrials,2023-Q3,2023-09-30,usd,1.25,2.0784,261.7332458496094,1866.0999755859375,5.87,8.71,12.29,13.8,133.25,10.17,0.657,0.5309,0.4727,133.8,0.1449,False,0.6677,0.4151,0.38,3.949,0.9333,0.0803,0.8925,median,-0.0332,0.5089,0.1289,Regime 3 (Parasitic),DANGER,0.915,0.3618,0.4647,0.7942,-0.1638,-0.1638,False,False,False
CAT,Caterpillar Inc.,Industrials,2023-Q4,2023-12-31,usd,1.25,2.0784,284.932373046875,2071.800048828125,5.87,8.71,12.68,13.8,142.3,10.27,0.6449,0.5313,0.9361,179.8,0.1621,False,0.6753,0.0659,0.0458,1.302,0.9132,0.0303,0.9566,median,-0.0204,0.1974,0.1517,Regime 2 (Subcritical),CAUTION,0.55,0.1474,0.2601,1.0345,-0.0481,-0.0481,False,False,
CAT,Caterpillar Inc.,Industrials,2024-Q1,2024-03-31,usd,1.25,2.0784,354.7586364746094,2217.39990234375,5.79,8.39,12.54,14.08,173.58,10.2,0.6727,0.5328,506.7695,139685.8,0.1009,False,0.6995,0.3376,0.3306,4.077,0.8807,0.0926,0.878,median,-0.0069,0.438,0.1074,Regime 3 (Parasitic),DANGER,0.838,0.0835,-0.0797,1.0042,-0.1223,-0.2355,False,True,True
CAT,Caterpillar Inc.,Industrials,2024-Q2,2024-06-30,usd,1.25,2.0784,323.6658020019531,2339.60009765625,5.75,8.75,12.58,13.93,156.95,10.25,0.653,0.5355,0.4685,137.1,0.0648,False,0.6877,0.261,0.2674,84.576,0.9883,0.0797,0.8932,median,0.0062,0.2706,0.0032,Regime 3 (Parasitic),DANGER,0.811,0.1172,0.1988,2.3241,-0.1581,-0.1581,False,False,False
CAT,Caterpillar Inc.,Industrials,2024-Q3,2024-09-30,usd,1.25,2.0784,381.5903015136719,2659.39990234375,5.76,8.81,12.84,12.59,184.23,10.0,0.5816,0.5389,0.5084,138.7,0.131,False,0.7075,0.3259,0.3406,100.0,1.0605,0.2344,0.7399,median,0.0149,0.324,-0.0166,Regime 3 (Parasitic),DANGER,0.876,-0.1506,0.2393,1.116,-0.2945,-0.2945,True,True,True
CAT,Caterpillar Inc.,Industrials,2024-Q4,2024-12-31,usd,1.25,2.0784,355.19287109375,2641.0,5.64,8.81,13.36,12.59,169.75,10.1,0.5678,0.542,1.1645,203.4,0.1698,False,0.6982,0.1715,0.1927,100.0,1.0338,0.0849,0.887,median,0.0201,0.1764,-0.0163,Regime 3 (Parasitic),DANGER,0.722,0.0868,0.603,1.2732,-0.2421,-0.2421,True,True,True
CAT,Caterpillar Inc.,Industrials,2025-Q1,2025-03-31,usd,1.25,2.0784,324.1042175292969,3122.800048828125,5.63,8.29,13.43,10.32,152.65,9.42,0.4749,0.5448,139.2489,34114.6,0.083,False,0.6942,-0.0717,-0.0488,1.0,1.3186,0.0475,0.9335,median,0.0223,-0.1285,-0.0797,Regime 2 (Subcritical),CAUTION,0.55,0.4421,1.1777,1.4913,-0.1694,-0.1694,False,False,
CAT,Caterpillar Inc.,Industrials,2025-Q2,2025-06-30,usd,1.25,2.0784,383.3423767089844,3307.699951171875,5.65,8.98,13.9,11.44,179.6,9.99,0.5001,0.5463,0.5158,138.2,0.1226,False,0.7051,0.1401,0.1605,100.0,1.2442,0.0613,0.9158,median,0.0201,0.1348,-0.0257,Regime 3 (Parasitic),DANGER,0.74,0.5002,1.7728,1.1063,0.0,0.0,False,False,False
CAT,Caterpillar Inc.,Industrials,2025-Q3,2025-09-30,usd,1.25,2.0784,472.8932189941406,3873.199951171875,5.61,9.51,14.31,12.21,221.31,10.41,0.5126,0.5471,0.4821,132.5,0.1706,False,0.7204,0.1279,0.1433,4.569,1.2548,0.0277,0.9601,median,0.0151,0.1834,0.0401,Regime 2 (Subcritical),CAUTION,0.55,0.4925,0.7074,0.7074,0.0,0.0,False,False,
CAT,Caterpillar Inc.,Industrials,2025-Q4,2025-12-31,usd,1.25,2.0784,569.3905029296875,4341.10009765625,5.56,9.51,15.14,12.21,264.94,10.6,0.4953,0.5473,1.4897,224.6,0.1967,False,0.7327,0.3865,0.3964,9.119,1.4123,0.0216,0.9685,median,0.0098,0.4452,0.0488,Regime 3 (Parasitic),DANGER,0.95,0.738,0.4181,0.4181,0.0,0.0,False,False,False
CAT,Caterpillar Inc.,Industrials,2026-Q1,2026-03-31,usd,1.25,2.0784,705.8045043945312,4647.60009765625,6.28,9.41,15.25,12.34,325.09,10.82,0.5004,0.547,0.5282,140.7,0.1032,False,0.7444,0.6128,0.617,5.442,1.2793,0.0296,0.9575,median,0.0041,0.7559,0.1389,Regime 3 (Parasitic),DANGER,0.95,0.144,0.144,0.144,0.0,0.0,False,False,False
CAT,Caterpillar Inc.,Industrials,2026-Q2,2026-06-30,usd,1.25,2.0784,1062.92822265625,4038.5,6.28,10.54,15.63,17.18,488.63,12.41,0.6566,0.5463,0.4523,132.3,0.1306,False,0.758,0.7845,0.7845,4.626,1.0102,0.0203,0.9705,median,-0.0,1.0009,0.2164,Regime 3 (Parasitic),DANGER,0.95,-0.2404,-0.2404,-0.2404,-0.267,-0.267,True,True,True
GE,General Electric Company,Industrials,2017-Q1,2017-03-31,usd,1.25,2.0784,130.82958984375,1247.300048828125,86.83,18.02,49.02,2.61,142.01,39.12,0.039,0.3476,1.1163,128.3,-0.2746,True,0.4146,-0.0342,0.0756,1.0,0.8662,-0.0342,1.0,median,0.1291,-0.0498,-0.1254,Regime 2 (Subcritical),CAUTION,0.55,-0.1736,-0.5323,-0.6319,-0.5527,-0.7629,True,True,
GE,General Electric Company,Industrials,2017-Q2,2017-06-30,usd,1.25,2.0784,119.58111572265625,1240.699951171875,89.26,17.15,50.17,5.47,129.42,40.51,0.0812,0.3258,1.0089,122.6,-0.2642,True,0.3835,-0.0744,-0.0203,1.0,0.84,-0.0019,1.0,median,0.0643,-0.1169,-0.0966,Regime 2 (Subcritical),CAUTION,0.55,-0.343,-0.4787,-0.5763,-0.5129,-0.7406,True,True,
GE,General Electric Company,Industrials,2017-Q3,2017-09-30,usd,1.25,2.0784,108.12152099609375,1281.5,108.5,19.42,54.1,7.34,117.2,47.34,0.0999,0.3001,0.9871,127.7,-0.2679,True,0.3488,-0.172,-0.2334,-4.258,0.8398,0.0145,0.9786,median,-0.0729,-0.189,0.0444,Regime 2 (Subcritical),CAUTION,0.6,-0.443,-0.5249,-0.607,-0.5257,-0.7176,True,True,
GE,General Electric Company,Industrials,2017-Q4,2017-12-31,usd,1.25,2.0784,78.56686401367188,1306.300048828125,104.24,19.42,53.87,7.34,85.25,46.22,0.1002,0.2768,21.9812,520.0,-2.8966,True,0.3202,-0.4172,-0.5787,-52.017,0.9512,0.134,0.8327,median,-0.1899,-0.5678,0.0109,Regime 2 (Subcritical),CAUTION,0.55,-0.23,-0.567,-0.3335,-0.6168,-0.6168,True,True,
GE,General Electric Company,Industrials,2018-Q1,2018-03-31,usd,1.25,2.0784,61.19462203979492,1322.800048828125,106.13,16.82,53.65,34.39,66.44,52.75,0.4881,0.2565,0.8207,96.0,-0.3392,True,0.2312,-0.7904,-1.0585,-2.542,0.9488,0.0628,0.9139,median,-0.304,-0.7597,0.2989,Regime 2 (Subcritical),CAUTION,0.6,-0.1236,-0.1915,-0.3589,-0.4791,-0.5036,True,True,
GE,General Electric Company,Industrials,2018-Q2,2018-06-30,usd,1.25,2.0784,62.33317184448242,1251.300048828125,102.19,17.95,50.87,3.2,67.72,43.55,0.0465,0.2534,0.6699,86.0,-0.3823,True,0.3478,-0.4957,-0.7201,-8.949,0.8991,0.0421,0.9406,median,-0.2514,-0.6477,0.0724,Regime 2 (Subcritical),CAUTION,0.6,-0.4322,-0.1727,-0.4618,-0.4933,-0.5661,True,True,
GE,General Electric Company,Industrials,2018-Q3,2018-09-30,usd,1.25,2.0784,52.20051574707031,1191.5,79.22,19.42,50.64,35.49,56.76,46.19,0.5065,0.2448,0.6354,88.1,-1.2601,True,0.1483,-0.5151,-0.7005,1.0,0.8039,0.1073,0.8613,median,-0.2035,-0.7252,-0.0246,Regime 2 (Subcritical),CAUTION,0.55,-0.1386,-0.2275,-0.4685,-0.445,-0.5247,True,True,
GE,General Electric Company,Industrials,2018-Q4,2018-12-31,usd,1.25,2.0784,35.04884719848633,1278.300048828125,77.77,19.42,50.75,3.04,38.13,37.75,0.0434,0.2469,0.511,71.4,0.1654,False,0.3165,-0.502,-0.6022,1.0,1.0437,-0.0618,1.0,median,-0.1143,-0.8047,-0.2025,Regime 2 (Subcritical),CAUTION,0.55,0.4634,0.5394,0.4848,0.0,-0.242,False,True,
GE,General Electric Company,Industrials,2019-Q1,2019-03-31,usd,1.25,2.0784,48.15446472167969,1293.0,70.25,16.58,50.27,14.35,52.49,37.86,0.2147,0.243,0.5999,75.9,-0.3338,True,0.2224,0.1419,0.096,1.0,0.9107,0.0813,0.8914,median,-0.0539,-0.2356,-0.3316,Regime 3 (Parasitic),DANGER,0.742,-0.1031,-0.2157,0.3284,-0.3927,-0.4543,True,True,True
GE,General Electric Company,Industrials,2019-Q2,2019-06-30,usd,1.25,2.0784,50.661502838134766,1409.699951171875,68.92,16.74,49.94,0.51,55.27,34.03,0.0076,0.2398,0.5639,76.1,-0.3496,True,0.3076,0.0883,0.0436,1.0,1.041,0.0206,0.97,median,-0.055,-0.2032,-0.2468,Regime 2 (Subcritical),CAUTION,0.55,0.0538,-0.3574,0.242,-0.482,-0.482,True,True,
GE,General Electric Company,Industrials,2019-Q3,2019-09-30,usd,1.25,2.0784,43.1812858581543,1465.699951171875,37.43,13.17,42.89,28.03,47.11,30.38,0.5001,0.2326,0.5114,66.4,-0.6193,True,0.114,0.2725,0.2326,1.0,1.2042,-0.001,1.0,median,-0.0511,-0.1864,-0.419,Regime 3 (Parasitic),DANGER,0.923,-0.1158,-0.312,0.4983,-0.3847,-0.3847,True,True,True
GE,General Electric Company,Industrials,2019-Q4,2019-12-31,usd,1.25,2.0784,53.953025817871094,1519.5,37.39,13.17,43.29,2.91,58.93,24.19,0.0516,0.2329,0.4256,54.6,0.2401,False,0.3001,0.9273,0.8805,100.0,0.9223,0.2442,0.7319,median,-0.0582,0.4355,-0.4449,Regime 3 (Parasitic),DANGER,0.95,-0.3865,-0.0355,0.0695,-0.5076,-0.5076,True,True,True
GE,General Electric Company,Industrials,2020-Q1,2020-03-31,usd,1.25,2.0784,38.42405319213867,1583.4000244140625,36.98,15.15,43.17,24.8,42.01,30.02,0.4252,0.2298,0.6704,76.7,-0.178,True,0.1001,0.0479,0.0093,1.0,1.3633,-0.1008,1.0,median,-0.056,-0.2227,-0.232,Regime 2 (Subcritical),CAUTION,0.55,-0.2268,0.6616,0.4522,-0.3086,-0.3086,True,True,
GE,General Electric Company,Industrials,2020-Q2,2020-06-30,usd,1.25,2.0784,33.10197830200195,1800.5,35.12,14.76,42.82,21.3,36.22,28.5,0.3699,0.2309,0.9229,93.3,-0.2246,True,0.1064,-0.2194,-0.2453,1.0,1.2425,0.0122,0.982,median,-0.0377,-0.4226,-0.1773,Regime 2 (Subcritical),CAUTION,0.55,0.5501,0.9788,0.1744,-0.1288,-0.1288,False,False,
GE,General Electric Company,Industrials,2020-Q3,2020-09-30,usd,1.25,2.0784,30.243959426879883,1895.5,35.19,15.29,42.21,23.3,33.12,29.0,0.4052,0.234,0.7822,87.2,-0.2344,True,0.0913,-0.3098,-0.3057,1.0,1.1182,0.0992,0.8705,median,0.006,-0.3524,-0.0466,Regime 2 (Subcritical),CAUTION,0.55,1.111,1.0738,0.2514,-0.0096,-0.0096,False,False,
GE,General Electric Company,Industrials,2020-Q4,2020-12-31,usd,1.25,2.0784,52.47756576538086,1895.0999755859375,35.3,15.29,44.66,10.54,57.5,26.45,0.1759,0.239,1.3565,164.5,0.335,False,0.2262,-0.1321,-0.1139,-0.276,1.0728,0.1158,0.852,median,0.0257,-0.0246,0.0892,Regime 1 (Virtuous),HEALTHY,0.645,0.25,0.0969,-0.023,-0.0306,-0.2892,False,True,True
GE,General Electric Company,Industrials,2021-Q1,2021-03-31,usd,1.25,2.0784,63.84614562988281,1713.800048828125,34.72,13.81,44.66,20.54,70.06,28.43,0.3513,0.2417,1.9844,202.4,0.0162,False,0.2254,0.5259,0.5659,100.0,0.7041,0.3339,0.6663,median,0.0507,0.5114,-0.0545,Regime 3 (Parasitic),DANGER,0.95,0.0134,-0.126,0.1748,-0.1845,-0.4158,False,True,True
GE,General Electric Company,Industrials,2021-Q2,2021-06-30,usd,1.25,2.0784,65.5006332397461,1771.5999755859375,34.95,13.88,44.66,21.93,71.9,28.86,0.3747,0.2454,1.6899,190.0,0.1535,False,0.2253,0.6271,0.6732,55.088,0.7098,0.2339,0.7403,median,0.0607,0.6857,0.0124,Regime 3 (Parasitic),DANGER,0.95,-0.1183,-0.4065,0.3158,-0.4065,-0.4305,True,True,True
GE,General Electric Company,Industrials,2021-Q3,2021-09-30,usd,1.25,2.0784,62.72081756591797,1757.0,34.52,13.5,44.66,5.03,68.88,24.43,0.0865,0.2499,1.6567,188.1,0.2136,False,0.318,0.8534,0.9038,100.0,0.7237,0.1319,0.8348,median,0.0656,0.7323,-0.1715,Regime 3 (Parasitic),DANGER,0.95,-0.1103,-0.3966,0.3849,-0.4053,-0.4053,True,True,True
GE,General Electric Company,Industrials,2021-Q4,2021-12-31,usd,1.25,2.0784,57.56016159057617,1828.5999755859375,35.51,13.5,44.66,24.36,63.26,29.51,0.4189,0.2512,1.1476,171.2,-0.1058,True,0.1817,-0.0521,-0.014,0.872,0.7604,0.1941,0.7745,median,0.0497,0.0955,0.1095,Regime 2 (Subcritical),CAUTION,0.6,-0.326,-0.1092,0.7433,-0.352,-0.352,True,True,
GE,General Electric Company,Industrials,2022-Q1,2022-03-31,usd,1.25,2.0784,55.80063247680664,1949.199951171875,34.34,17.17,44.66,20.45,61.42,29.15,0.3307,0.2543,1.6,207.5,0.0809,False,0.1723,-0.1995,-0.1567,-5.249,0.9974,0.0986,0.8711,median,0.0507,-0.1317,0.0251,Regime 1 (Virtuous),HEALTHY,0.613,-0.3128,0.3442,1.4732,-0.3316,-0.3316,True,True,True
GE,General Electric Company,Industrials,2022-Q2,2022-06-30,usd,1.25,2.0784,38.875064849853516,1807.300048828125,33.82,13.66,44.66,22.38,42.63,28.63,0.3836,0.2577,1.3674,200.8,0.0985,False,0.1247,-0.5591,-0.5148,1.0,1.1582,-0.1299,1.0,median,0.049,-0.5227,-0.0079,Regime 2 (Subcritical),CAUTION,0.55,0.3183,1.217,3.0357,-0.0405,-0.0405,False,False,
GE,General Electric Company,Industrials,2022-Q3,2022-09-30,usd,1.25,2.0784,37.84736633300781,1672.0,33.0,14.22,44.66,22.9,41.35,28.69,0.389,0.2618,1.2566,193.7,0.089,False,0.1168,-0.717,-0.6712,-3.168,1.1432,-0.1785,1.0,median,0.0467,-0.5101,0.161,Regime 1 (Virtuous),HEALTHY,0.681,0.9818,1.2951,3.8493,0.0,0.0,False,False,True
GE,General Electric Company,Industrials,2022-Q4,2022-12-31,usd,1.25,2.0784,51.27273178100586,1826.199951171875,33.42,14.22,44.66,8.89,55.84,25.3,0.151,0.2666,1.0507,178.1,0.1339,False,0.2426,-0.0297,0.0292,1.0,1.2397,-0.1436,1.0,median,0.0596,-0.1247,-0.154,Regime 2 (Subcritical),CAUTION,0.55,0.6574,0.9297,2.2056,0.0,0.0,False,False,
GE,General Electric Company,Industrials,2023-Q1,2023-03-31,usd,1.25,2.0784,75.00733947753906,1969.0,19.1,10.29,44.66,30.02,81.68,26.02,0.5463,0.269,1.7675,227.4,0.077,False,0.3125,0.3456,0.3989,100.0,1.1137,-0.0839,1.0,median,0.056,0.2851,-0.1138,Regime 3 (Parasitic),DANGER,0.946,0.1581,0.8399,1.6475,-0.0209,-0.0209,False,False,False
GE,General Electric Company,Industrials,2023-Q2,2023-06-30,usd,1.25,2.0784,86.18782043457031,1929.4000244140625,19.3,11.25,44.66,0.14,93.8,18.84,0.0025,0.274,1.3681,204.8,0.1124,False,0.4932,1.147,1.2072,100.0,0.908,0.0933,0.8772,median,0.0613,0.7887,-0.4185,Regime 3 (Parasitic),DANGER,0.95,0.1643,0.8203,1.9338,-0.0329,-0.0329,False,False,False
GE,General Electric Company,Industrials,2023-Q3,2023-09-30,usd,1.25,2.0784,86.86361694335938,1866.0999755859375,18.97,10.57,44.66,1.39,94.54,18.9,0.0252,0.2749,1.2178,197.0,0.1142,False,0.4925,1.1933,1.2445,100.0,0.9333,0.0803,0.8925,median,0.0486,0.8269,-0.4177,Regime 3 (Parasitic),DANGER,0.95,0.6145,1.1471,2.4219,-0.0249,-0.0249,False,False,False
GE,General Electric Company,Industrials,2023-Q4,2023-12-31,usd,1.25,2.0784,100.3470687866211,2071.800048828125,19.08,10.57,44.66,6.36,109.22,20.17,0.1152,0.2729,0.7462,129.9,0.2301,False,0.5006,0.8745,0.8974,100.0,0.9132,0.0303,0.9566,median,0.0232,0.6708,-0.2266,Regime 3 (Parasitic),DANGER,0.95,0.5843,0.6834,2.1401,-0.015,-0.015,False,False,False
GE,General Electric Company,Industrials,2024-Q1,2024-03-31,usd,1.25,2.0784,138.00765991210938,2217.39990234375,18.85,11.1,44.66,6.15,151.06,20.19,0.1102,0.2695,2.5554,365.6,0.1826,False,0.5757,0.8662,0.8685,100.0,0.8807,0.0926,0.878,median,0.0022,0.6149,-0.2536,Regime 3 (Parasitic),DANGER,0.95,0.3312,0.4422,1.0556,-0.0249,-0.0249,False,False,False
GE,General Electric Company,Industrials,2024-Q2,2024-06-30,usd,1.25,2.0784,156.8881072998047,2339.60009765625,13.25,4.9,44.66,5.06,170.12,16.97,0.1022,0.2652,1.0469,112.9,0.2455,False,0.6365,0.7334,0.6998,100.0,0.9883,0.0797,0.8932,median,-0.0326,0.5953,-0.1045,Regime 3 (Parasitic),DANGER,0.95,0.075,0.6299,1.3792,-0.0129,-0.0129,False,False,False
GE,General Electric Company,Industrials,2024-Q3,2024-09-30,usd,1.25,2.0784,186.70147705078125,2659.39990234375,13.12,6.64,44.66,7.41,202.07,17.96,0.1444,0.26,0.9746,110.6,0.2636,False,0.6518,0.865,0.8104,100.0,1.0605,0.2344,0.7399,median,-0.0556,0.7596,-0.0509,Regime 3 (Parasitic),DANGER,0.95,0.0651,0.6051,0.7087,-0.1518,-0.1518,False,False,False
GE,General Electric Company,Industrials,2024-Q4,2024-12-31,usd,1.25,2.0784,165.3975372314453,2641.0,12.79,6.64,44.66,7.6,177.59,17.92,0.1481,0.2547,0.8093,103.8,0.2967,False,0.6323,0.6767,0.6041,100.0,1.0338,0.0849,0.887,median,-0.0689,0.4861,-0.118,Regime 3 (Parasitic),DANGER,0.95,0.4958,0.8573,0.9287,0.0,0.0,False,False,False
GE,General Electric Company,Industrials,2025-Q1,2025-03-31,usd,1.25,2.0784,198.8483123779297,3122.800048828125,12.97,4.94,44.66,7.91,212.05,17.62,0.1595,0.2493,0.9423,110.2,0.2426,False,0.6619,0.555,0.4752,100.0,1.3186,0.0475,0.9335,median,-0.0779,0.3391,-0.1361,Regime 3 (Parasitic),DANGER,0.95,0.471,0.4253,0.6043,-0.1666,-0.1666,False,False,False
GE,General Electric Company,Industrials,2025-Q2,2025-06-30,usd,1.25,2.0784,255.71603393554688,3307.699951171875,13.34,5.52,44.66,8.11,271.17,17.91,0.1617,0.2441,0.8206,105.5,0.2073,False,0.6899,0.497,0.4124,8.655,1.2442,0.0613,0.9158,median,-0.0828,0.4663,0.0539,Regime 3 (Parasitic),DANGER,0.95,0.2152,0.4597,0.2475,-0.0491,-0.0491,False,False,False
GE,General Electric Company,Industrials,2025-Q3,2025-09-30,usd,1.25,2.0784,299.665771484375,3873.199951171875,13.32,6.44,44.66,8.63,316.09,18.26,0.1688,0.2391,0.7207,100.0,0.2295,False,0.7037,0.5157,0.4307,26.679,1.2548,0.0277,0.9601,median,-0.0839,0.4474,0.0168,Regime 3 (Parasitic),DANGER,0.95,-0.0542,0.0646,0.0646,-0.0893,-0.0893,False,False,False
GE,General Electric Company,Industrials,2025-Q4,2025-12-31,usd,1.25,2.0784,307.1990051269531,4341.10009765625,13.29,6.44,44.66,8.63,322.18,18.25,0.1688,0.2344,2.2861,184.5,0.2506,False,0.7056,0.6619,0.5774,32.7,1.4123,0.0216,0.9685,median,-0.0832,0.5957,0.0182,Regime 3 (Parasitic),DANGER,0.95,0.219,0.0384,0.0384,-0.1116,-0.1116,False,False,False
GE,General Electric Company,Industrials,2026-Q1,2026-03-31,usd,1.25,2.0784,283.4167175292969,4647.60009765625,13.15,6.1,44.66,7.62,295.7,17.88,0.15,0.2299,0.7589,107.0,0.1978,False,0.6993,0.4014,0.3179,22.681,1.2793,0.0296,0.9575,median,-0.0811,0.3325,0.0147,Regime 3 (Parasitic),DANGER,0.95,0.1256,0.1256,0.1256,-0.0264,-0.0264,False,False,False
GE,General Electric Company,Industrials,2026-Q2,2026-06-30,usd,1.25,2.0784,373.2647399902344,4038.5,13.04,6.36,44.66,9.48,387.29,18.39,0.1858,0.2255,0.6425,98.2,0.1575,False,0.7211,0.4124,0.3301,13.523,1.0102,0.0203,0.9705,median,-0.0793,0.3564,0.0264,Regime 3 (Parasitic),DANGER,0.95,-0.1454,-0.1454,-0.1454,-0.1774,-0.1774,False,False,True
RTX,RTX Corporation,Industrials,2017-Q1,2017-03-31,usd,1.25,2.0784,56.91289138793945,1247.300048828125,43.05,8.24,9.26,14.95,72.46,18.87,0.8548,0.9361,0.4554,101.7,0.2057,False,0.4148,0.0091,0.0385,3.447,0.8662,-0.0342,1.0,median,0.0345,0.0542,0.0157,Regime 2 (Subcritical),CAUTION,0.55,0.0465,0.1474,0.2023,-0.0124,-0.0536,False,False,
RTX,RTX Corporation,Industrials,2017-Q2,2017-06-30,usd,1.25,2.0784,62.27273178100586,1240.699951171875,43.47,8.59,9.47,16.72,79.04,19.56,0.9256,0.9294,0.3843,90.5,0.2519,False,0.4233,0.1016,0.1246,8.587,0.84,-0.0019,1.0,median,0.0273,0.1411,0.0164,Regime 2 (Subcritical),CAUTION,0.55,0.0574,0.0479,0.1161,-0.0974,-0.1351,False,False,
RTX,RTX Corporation,Industrials,2017-Q3,2017-09-30,usd,1.25,2.0784,59.557132720947266,1281.5,43.87,8.42,9.76,16.08,75.57,19.53,0.8839,0.9262,0.4044,92.4,0.2373,False,0.4138,0.1014,0.1004,4.899,0.8398,0.0145,0.9786,median,-0.0011,0.1262,0.0258,Regime 1 (Virtuous),HEALTHY,0.613,0.0825,0.2161,0.2152,-0.0043,-0.1072,False,False,True
RTX,RTX Corporation,Industrials,2017-Q4,2017-12-31,usd,1.25,2.0784,65.84432220458984,1306.300048828125,43.79,8.42,10.19,15.79,83.68,19.55,0.8484,0.9224,0.3218,76.1,0.2906,False,0.4392,0.1447,0.1329,4.843,0.9512,0.134,0.8327,median,-0.0139,0.1675,0.0346,Regime 3 (Parasitic),DANGER,0.645,-0.0135,-0.1505,0.2218,-0.1858,-0.1858,False,False,True
RTX,RTX Corporation,Industrials,2018-Q1,2018-03-31,usd,1.25,2.0784,65.30186462402344,1322.800048828125,44.33,9.06,10.28,15.85,83.02,19.88,0.8193,0.9171,0.3141,70.8,0.2204,False,0.4316,0.1021,0.084,2.617,0.9488,0.0628,0.9139,median,-0.0205,0.136,0.052,Regime 1 (Virtuous),HEALTHY,0.626,0.1447,0.0677,-0.1667,-0.1596,-0.3659,False,True,True
RTX,RTX Corporation,Industrials,2018-Q2,2018-06-30,usd,1.25,2.0784,65.2579345703125,1251.300048828125,43.44,9.39,10.12,17.13,82.97,20.02,0.8782,0.9104,0.2558,61.5,0.2608,False,0.4255,0.0438,0.0254,2.102,0.8991,0.0421,0.9406,median,-0.0206,0.0485,0.0231,Regime 1 (Virtuous),HEALTHY,0.612,-0.1481,0.065,-0.1752,-0.1746,-0.3773,False,True,True
RTX,RTX Corporation,Industrials,2018-Q3,2018-09-30,usd,1.25,2.0784,73.36195373535156,1191.5,43.38,9.07,10.24,15.9,93.37,19.64,0.8235,0.9054,0.2884,60.5,0.3011,False,0.4644,0.2265,0.2058,37.156,0.8039,0.1073,0.8613,median,-0.0227,0.2115,0.0057,Regime 3 (Parasitic),DANGER,0.777,-0.0747,-0.0086,-0.3179,-0.2716,-0.4504,True,True,True
RTX,RTX Corporation,Industrials,2018-Q4,2018-12-31,usd,1.25,2.0784,56.193275451660156,1278.300048828125,74.54,9.07,12.3,17.19,76.95,28.27,0.8045,0.8999,0.3282,64.5,0.2272,False,0.3984,-0.4312,-0.4529,-0.227,1.0437,-0.0618,1.0,median,-0.0247,-0.0839,0.369,Regime 1 (Virtuous),HEALTHY,0.785,0.2476,0.4382,0.1201,-0.0282,-0.2768,False,True,True
RTX,RTX Corporation,Industrials,2019-Q1,2019-03-31,usd,1.25,2.0784,68.4240493774414,1293.0,74.67,10.9,12.21,18.63,93.75,29.1,0.8062,0.8938,0.3487,68.1,0.1547,False,0.4103,-0.2376,-0.2595,0.319,0.9107,0.0813,0.8914,median,-0.0257,0.1216,0.3811,Regime 1 (Virtuous),HEALTHY,0.791,0.0358,-0.2447,-0.0232,-0.4252,-0.4252,True,True,False
RTX,RTX Corporation,Industrials,2019-Q2,2019-06-30,usd,1.25,2.0784,69.50076293945312,1409.699951171875,74.32,11.4,12.29,20.88,95.29,29.72,0.8816,0.8878,0.3041,62.8,0.1366,False,0.4011,-0.2363,-0.2568,0.35,1.041,0.0206,0.97,median,-0.0252,0.1385,0.3952,Regime 1 (Virtuous),HEALTHY,0.798,0.1567,-0.2323,0.0753,-0.4203,-0.4203,True,True,False
RTX,RTX Corporation,Industrials,2019-Q3,2019-09-30,usd,1.25,2.0784,73.3078842163086,1465.699951171875,73.73,11.34,12.2,21.14,100.56,29.6,0.8979,0.8835,0.3215,65.9,0.1449,False,0.4107,-0.3168,-0.3359,0.181,1.2042,-0.001,1.0,median,-0.0245,0.0741,0.41,Regime 1 (Virtuous),HEALTHY,0.805,-0.2715,-0.3119,0.0658,-0.4456,-0.4456,True,True,False
RTX,RTX Corporation,Industrials,2019-Q4,2019-12-31,usd,1.25,2.0784,80.81793975830078,1519.5,74.11,11.34,12.76,19.27,111.12,29.37,0.7995,0.8808,0.3139,64.2,0.0118,False,0.4351,0.3467,0.3295,9.657,0.9223,0.2442,0.7319,median,-0.0214,0.3675,0.0381,Regime 3 (Parasitic),DANGER,0.897,-0.3373,-0.2212,-0.0409,-0.4972,-0.4972,True,True,True
RTX,RTX Corporation,Industrials,2020-Q1,2020-03-31,usd,1.25,2.0784,51.147403717041016,1583.4000244140625,73.08,11.68,12.48,11.15,44.3,27.1,0.4616,0.8774,0.3603,68.7,0.1933,False,0.396,-0.6654,-0.6783,1.0,1.3633,-0.1008,1.0,median,-0.0186,-0.7496,-0.0714,Regime 2 (Subcritical),CAUTION,0.55,-0.0138,0.3407,0.7597,-0.1589,-0.1589,False,False,
RTX,RTX Corporation,Industrials,2020-Q2,2020-06-30,usd,1.25,2.0784,53.561092376708984,1800.5,95.27,10.02,14.8,7.39,81.82,31.87,0.2976,0.8677,0.6348,80.7,-0.3295,True,0.4573,-0.2065,-0.2222,-2.182,1.2425,0.0122,0.982,median,-0.0228,-0.1523,0.0698,Regime 2 (Subcritical),CAUTION,0.55,0.1584,0.422,0.6399,-0.1443,-0.1443,False,False,
RTX,RTX Corporation,Industrials,2020-Q3,2020-09-30,usd,1.25,2.0784,50.386962890625,1895.5,95.09,8.17,14.73,6.97,76.52,31.24,0.3044,0.8513,0.5498,72.9,0.1731,False,0.4669,-0.3014,-0.327,-5.073,1.1182,0.0992,0.8705,median,-0.0371,-0.2731,0.0538,Regime 2 (Subcritical),CAUTION,0.55,0.361,0.5323,0.4934,-0.0904,-0.0904,False,False,
RTX,RTX Corporation,Industrials,2020-Q4,2020-12-31,usd,1.25,2.0784,63.075286865234375,1895.0999755859375,94.82,8.17,14.96,8.61,95.84,31.64,0.3723,0.8307,0.3925,58.1,0.0568,False,0.4664,-0.1809,-0.2225,-1.984,1.0728,0.1158,0.852,median,-0.0586,-0.1479,0.0746,Regime 2 (Subcritical),CAUTION,0.55,0.2204,0.2327,0.4794,-0.084,-0.084,False,False,
RTX,RTX Corporation,Industrials,2021-Q1,2021-03-31,usd,1.25,2.0784,68.57524108886719,1713.800048828125,94.26,7.24,14.74,4.05,103.9,30.07,0.1844,0.8085,0.4477,62.1,0.1645,False,0.4965,0.8127,0.7482,8.182,0.7041,0.3339,0.6663,median,-0.0818,0.8524,0.1042,Regime 3 (Parasitic),DANGER,0.95,0.1394,0.3125,0.3277,-0.0023,-0.0023,False,False,False
RTX,RTX Corporation,Industrials,2021-Q2,2021-06-30,usd,1.25,2.0784,76.16643524169922,1771.5999755859375,93.92,8.1,14.66,5.13,114.85,30.45,0.2253,0.7829,0.4149,60.6,0.1398,False,0.4981,0.4628,0.3846,100.0,0.7098,0.2339,0.7403,median,-0.1028,0.3391,-0.0456,Regime 3 (Parasitic),DANGER,0.95,0.0188,0.1532,0.2031,-0.0623,-0.0623,False,False,False
RTX,RTX Corporation,Industrials,2021-Q3,2021-09-30,usd,1.25,2.0784,77.20738983154297,1757.0,92.63,7.62,14.52,5.37,115.56,30.04,0.2427,0.7559,0.3911,58.3,0.1556,False,0.5002,0.5429,0.4516,100.0,0.7237,0.1319,0.8348,median,-0.1189,0.4122,-0.0394,Regime 3 (Parasitic),DANGER,0.95,0.1657,-0.0254,-0.122,-0.075,-0.1267,False,False,True
RTX,RTX Corporation,Industrials,2021-Q4,2021-12-31,usd,1.25,2.0784,77.75065612792969,1828.5999755859375,92.95,7.62,14.97,5.37,116.03,30.23,0.2378,0.7285,5.1937,210.5,0.0965,False,0.499,0.3375,0.2368,100.0,0.7604,0.1941,0.7745,median,-0.1313,0.1912,-0.0457,Regime 3 (Parasitic),DANGER,0.888,0.1404,0.2001,0.0269,-0.0424,-0.1595,False,False,False
RTX,RTX Corporation,Industrials,2022-Q1,2022-03-31,usd,1.25,2.0784,90.00212097167969,1949.199951171875,92.43,8.42,14.84,4.32,133.85,30.0,0.1858,0.7012,0.4299,61.9,0.123,False,0.5185,0.3758,0.2557,100.0,0.9974,0.0986,0.8711,median,-0.1425,0.2533,-0.0024,Regime 3 (Parasitic),DANGER,0.926,-0.159,0.0116,0.035,-0.1727,-0.2739,False,True,True
RTX,RTX Corporation,Industrials,2022-Q2,2022-06-30,usd,1.25,2.0784,87.834716796875,1807.300048828125,91.37,8.49,14.74,5.41,129.69,30.0,0.233,0.6736,0.4048,60.7,0.0965,False,0.5107,0.2723,0.1364,100.0,1.1582,-0.1299,1.0,median,-0.1504,0.1215,-0.0149,Regime 3 (Parasitic),DANGER,0.872,0.0561,0.0432,0.0982,-0.1523,-0.256,False,True,True
RTX,RTX Corporation,Industrials,2022-Q3,2022-09-30,usd,1.25,2.0784,75.24735260009766,1672.0,90.21,8.21,14.67,5.92,110.62,29.75,0.2587,0.6469,0.3714,58.1,0.0964,False,0.4903,0.1185,-0.0343,1.0,1.1432,-0.1785,1.0,median,-0.1557,-0.0437,-0.0094,Regime 2 (Subcritical),CAUTION,0.55,0.2099,-0.0991,0.5456,-0.104,-0.1315,False,False,
RTX,RTX Corporation,Industrials,2022-Q4,2022-12-31,usd,1.25,2.0784,93.31161499023438,1826.199951171875,90.66,8.21,15.17,5.92,136.7,29.99,0.2532,0.6215,4.1683,189.1,0.0869,False,0.5163,0.3289,0.1718,100.0,1.2397,-0.1436,1.0,median,-0.1588,0.1639,-0.0079,Regime 3 (Parasitic),DANGER,0.929,-0.0169,-0.1434,0.2005,-0.2989,-0.2989,True,True,True
RTX,RTX Corporation,Industrials,2023-Q1,2023-03-31,usd,1.25,2.0784,91.04524993896484,1969.0,90.38,8.02,15.15,6.61,133.03,30.04,0.2852,0.5974,0.3908,60.8,0.1004,False,0.5107,0.1452,-0.0074,-4.902,1.1137,-0.0839,1.0,median,-0.1602,-0.0062,0.0013,Regime 2 (Subcritical),CAUTION,0.55,-0.2554,0.0232,0.4121,-0.2822,-0.2822,True,True,
RTX,RTX Corporation,Industrials,2023-Q2,2023-06-30,usd,1.25,2.0784,91.63297271728516,1929.4000244140625,90.36,9.46,15.29,5.83,133.37,30.23,0.2356,0.5748,0.3605,59.5,0.0848,False,0.5084,0.1762,0.0203,3.628,0.908,0.0933,0.8772,median,-0.1586,0.028,0.0077,Regime 3 (Parasitic),DANGER,0.676,-0.1287,0.0527,0.5488,-0.2868,-0.2868,True,True,True
RTX,RTX Corporation,Industrials,2023-Q3,2023-09-30,usd,1.25,2.0784,67.7914047241211,1866.0999755859375,89.75,8.45,15.35,16.16,97.48,32.43,0.6789,0.5533,0.6513,78.9,-0.0176,True,0.4305,-0.0478,-0.2125,-1.47,0.9333,0.0803,0.8925,median,-0.1563,-0.1265,0.086,Regime 2 (Subcritical),CAUTION,0.6,0.3863,0.7307,1.3994,-0.0275,-0.0275,False,False,
RTX,RTX Corporation,Industrials,2023-Q4,2023-12-31,usd,1.25,2.0784,79.83900451660156,2071.800048828125,89.1,8.45,15.75,16.16,105.93,32.36,0.6676,0.5377,0.6975,84.8,0.1049,False,0.4386,-0.188,-0.3311,-3.349,0.9132,0.0303,0.9566,median,-0.1449,-0.255,0.0761,Regime 1 (Virtuous),HEALTHY,0.638,0.1929,0.3838,1.2511,-0.0023,-0.0023,False,False,True
RTX,RTX Corporation,Industrials,2024-Q1,2024-03-31,usd,1.25,2.0784,93.15379333496094,2217.39990234375,88.6,8.25,15.64,7.48,123.85,29.99,0.3131,0.5267,0.3304,58.2,0.0649,False,0.4953,0.0583,-0.07,1.0,0.8807,0.0926,0.878,median,-0.1259,-0.0715,-0.0015,Regime 2 (Subcritical),CAUTION,0.55,0.2455,0.3847,1.0505,-0.0021,-0.0021,False,False,
RTX,RTX Corporation,Industrials,2024-Q2,2024-06-30,usd,1.25,2.0784,96.46231842041016,2339.60009765625,87.85,8.62,15.69,2.12,128.32,28.57,0.087,0.5157,0.3244,58.0,0.0499,False,0.5197,0.13,0.018,1.0,0.9883,0.0797,0.8932,median,-0.1085,-0.0386,-0.0566,Regime 2 (Subcritical),CAUTION,0.55,0.1849,0.4976,0.9769,0.0,0.0,False,False,
RTX,RTX Corporation,Industrials,2024-Q3,2024-09-30,usd,1.25,2.0784,117.0427017211914,2659.39990234375,87.92,8.56,15.89,8.11,155.79,30.12,0.3318,0.5024,0.3037,54.1,0.0462,False,0.5287,0.6373,0.5427,100.0,1.0605,0.2344,0.7399,median,-0.0964,0.4689,-0.0738,Regime 3 (Parasitic),DANGER,0.95,0.1047,0.4087,0.6371,-0.0533,-0.0533,False,False,False
RTX,RTX Corporation,Industrials,2024-Q4,2024-12-31,usd,1.25,2.0784,112.3829345703125,2641.0,86.23,8.56,16.09,8.11,149.71,29.75,0.3291,0.4901,2.4006,145.6,0.0358,False,0.5226,0.5279,0.4302,100.0,1.0338,0.0849,0.887,median,-0.0927,0.3459,-0.0843,Regime 3 (Parasitic),DANGER,0.95,0.2587,0.6144,0.705,-0.014,-0.014,False,False,False
RTX,RTX Corporation,Industrials,2025-Q1,2025-03-31,usd,1.25,2.0784,129.291259765625,3122.800048828125,86.16,8.34,16.14,8.14,172.73,29.69,0.3326,0.4785,0.2904,52.3,0.0383,False,0.5487,0.4409,0.3427,100.0,1.3186,0.0475,0.9335,median,-0.096,0.3327,-0.01,Regime 3 (Parasitic),DANGER,0.95,0.2471,0.4809,0.482,-0.1413,-0.1413,False,False,False
RTX,RTX Corporation,Industrials,2025-Q2,2025-06-30,usd,1.25,2.0784,143.25344848632812,3307.699951171875,86.08,9.08,16.2,8.58,191.75,29.99,0.3395,0.4678,0.2922,55.1,0.0263,False,0.5643,0.453,0.3533,8.302,1.2442,0.0613,0.9158,median,-0.0976,0.4017,0.0484,Regime 3 (Parasitic),DANGER,0.95,0.2736,0.3201,0.3376,-0.0125,-0.0125,False,False,False
RTX,RTX Corporation,Industrials,2025-Q3,2025-09-30,usd,1.25,2.0784,164.88265991210938,3873.199951171875,85.57,8.48,16.32,10.09,221.07,30.12,0.4069,0.4578,0.2504,48.7,0.0567,False,0.5881,0.4443,0.3501,100.0,1.2548,0.0277,0.9601,median,-0.0929,0.35,-0.0001,Regime 3 (Parasitic),DANGER,0.95,0.1612,0.1621,0.1621,-0.0617,-0.0617,False,False,False
RTX,RTX Corporation,Industrials,2025-Q4,2025-12-31,usd,1.25,2.0784,181.431884765625,4341.10009765625,85.19,8.48,16.87,10.09,243.53,30.16,0.3981,0.4494,1.6338,117.3,0.0854,False,0.6043,0.561,0.4729,35.655,1.4123,0.0216,0.9685,median,-0.0867,0.4866,0.0136,Regime 3 (Parasitic),DANGER,0.95,0.0535,0.0561,0.0561,-0.0635,-0.0635,False,False,False
RTX,RTX Corporation,Industrials,2026-Q1,2026-03-31,usd,1.25,2.0784,191.46377563476562,4647.60009765625,84.76,8.41,16.84,10.22,257.84,30.06,0.4047,0.442,0.238,45.0,0.0475,False,0.6143,0.4701,0.3884,32.882,1.2793,0.0296,0.9575,median,-0.0793,0.4006,0.0122,Regime 3 (Parasitic),DANGER,0.95,0.0008,0.0008,0.0008,-0.1126,-0.1126,False,False,False
RTX,RTX Corporation,Industrials,2026-Q2,2026-06-30,usd,1.25,2.0784,189.101806640625,4038.5,83.97,9.54,16.96,11.24,254.86,30.43,0.4243,0.4357,0.1964,40.8,0.0494,False,0.6089,0.3436,0.2699,19.401,1.0102,0.0203,0.9705,median,-0.0709,0.2845,0.0147,Regime 3 (Parasitic),DANGER,0.894,0.0133,0.0133,0.0133,0.0,0.0,False,False,False
UPS,"United Parcel Service, Inc.",Industrials,2017-Q1,2017-03-31,usd,1.25,2.0784,73.75718688964844,1247.300048828125,5.56,54.12,19.23,7.14,64.83,21.51,0.0973,0.1343,0.0384,22.4,0.1703,False,0.3997,-0.3795,-0.0849,-0.397,0.8662,-0.0342,1.0,median,0.2349,-0.0241,0.0608,Regime 1 (Virtuous),HEALTHY,0.63,0.1365,0.0063,0.1097,-0.0337,-0.115,False,False,True
UPS,"United Parcel Service, Inc.",Industrials,2017-Q2,2017-06-30,usd,1.25,2.0784,76.62382507324219,1240.699951171875,5.67,54.14,19.84,8.86,67.2,22.13,0.1198,0.1393,0.0347,20.1,0.209,False,0.3901,-0.3993,-0.0656,0.175,0.84,-0.0019,1.0,median,0.2712,0.014,0.0796,Regime 1 (Virtuous),HEALTHY,0.64,0.0935,-0.0091,-0.0033,-0.0591,-0.1481,False,False,False
UPS,"United Parcel Service, Inc.",Industrials,2017-Q3,2017-09-30,usd,1.25,2.0784,83.8249740600586,1281.5,5.74,55.77,20.99,8.14,73.43,22.66,0.106,0.1402,0.0377,21.3,0.1955,False,0.4046,-0.2666,0.0229,1.267,0.8398,0.0145,0.9786,median,0.2363,0.1088,0.0859,Regime 1 (Virtuous),HEALTHY,0.643,-0.1197,-0.0028,0.0599,-0.1449,-0.2258,False,True,False
UPS,"United Parcel Service, Inc.",Industrials,2017-Q4,2017-12-31,usd,1.25,2.0784,83.7867202758789,1306.300048828125,5.84,55.77,22.12,5.98,73.31,22.43,0.0767,0.1389,0.0275,16.7,0.1818,False,0.4124,-0.1319,0.1254,100.0,0.9512,0.134,0.8327,median,0.2112,0.0553,-0.07,Regime 2 (Subcritical),CAUTION,0.55,-0.1269,-0.1857,0.0117,-0.2494,-0.2494,True,True,
UPS,"United Parcel Service, Inc.",Industrials,2018-Q1,2018-03-31,usd,1.25,2.0784,74.22087860107422,1322.800048828125,5.92,62.37,23.24,6.08,64.57,24.4,0.071,0.1354,0.0357,20.1,0.2282,False,0.3934,-0.1408,-0.1302,-0.032,0.9488,0.0628,0.9139,median,0.0083,-0.004,0.1261,Regime 1 (Virtuous),HEALTHY,0.663,0.1417,0.1115,0.0085,-0.1136,-0.1136,False,False,True
UPS,"United Parcel Service, Inc.",Industrials,2018-Q2,2018-06-30,usd,1.25,2.0784,75.92691802978516,1251.300048828125,5.87,62.73,23.9,7.09,66.06,24.9,0.0819,0.1311,0.0292,16.5,0.2802,False,0.3872,-0.0567,-0.135,-0.145,0.8991,0.0421,0.9406,median,-0.0606,-0.0172,0.1179,Regime 1 (Virtuous),HEALTHY,0.659,-0.0738,0.0092,0.1096,-0.1375,-0.1375,False,False,True
UPS,"United Parcel Service, Inc.",Industrials,2018-Q3,2018-09-30,usd,1.25,2.0784,84.07772064208984,1191.5,5.89,62.87,25.38,6.91,73.15,25.26,0.0783,0.1269,0.0326,17.8,0.2656,False,0.3949,0.017,-0.1126,-0.036,0.8039,0.1073,0.8613,median,-0.0998,-0.0039,0.1088,Regime 1 (Virtuous),HEALTHY,0.654,-0.0324,0.0564,0.5376,-0.2284,-0.2284,True,True,True
UPS,"United Parcel Service, Inc.",Industrials,2018-Q4,2018-12-31,usd,1.25,2.0784,70.81986999511719,1278.300048828125,5.89,62.87,26.58,8.02,61.61,25.84,0.0896,0.1228,0.0129,7.5,0.2723,False,0.3638,-0.1643,-0.3155,-1.228,1.0437,-0.0618,1.0,median,-0.1226,-0.1739,0.1416,Regime 1 (Virtuous),HEALTHY,0.671,0.0752,0.2424,0.8229,-0.0316,-0.0764,False,False,True
UPS,"United Parcel Service, Inc.",Industrials,2019-Q1,2019-03-31,usd,1.25,2.0784,81.85025024414062,1293.0,5.91,63.06,27.25,5.58,71.13,25.45,0.0617,0.1194,0.0371,17.9,0.2248,False,0.3925,0.2049,0.0547,2.304,0.9107,0.0813,0.8914,median,-0.1263,0.0967,0.042,Regime 2 (Subcritical),CAUTION,0.55,0.0584,-0.114,0.5724,-0.2197,-0.2197,True,True,
UPS,"United Parcel Service, Inc.",Industrials,2019-Q2,2019-06-30,usd,1.25,2.0784,76.3696060180664,1409.699951171875,5.93,63.62,28.09,8.57,66.37,26.55,0.0935,0.1157,0.0324,16.2,0.2611,False,0.3629,0.0809,-0.0598,0.072,1.041,0.0206,0.97,median,-0.1248,0.0047,0.0644,Regime 1 (Virtuous),HEALTHY,0.632,0.174,0.1028,1.141,-0.141,-0.141,False,False,True
UPS,"United Parcel Service, Inc.",Industrials,2019-Q3,2019-09-30,usd,1.25,2.0784,89.36175537109375,1465.699951171875,5.91,64.76,29.07,8.51,77.66,27.06,0.0907,0.1127,0.0315,15.8,0.2684,False,0.3815,0.1185,-0.0091,0.868,1.2042,-0.001,1.0,median,-0.1182,0.0598,0.0689,Regime 1 (Virtuous),HEALTHY,0.634,-0.1689,0.4555,0.632,-0.268,-0.268,True,True,True
UPS,"United Parcel Service, Inc.",Industrials,2019-Q4,2019-12-31,usd,1.25,2.0784,87.98405456542969,1519.5,5.98,64.76,30.48,8.53,76.46,27.44,0.0896,0.1102,0.0153,8.0,0.2672,False,0.374,0.2744,0.1557,3.588,0.9223,0.2442,0.7319,median,-0.1084,0.2159,0.0602,Regime 3 (Parasitic),DANGER,0.774,-0.0308,0.4673,0.9287,-0.2566,-0.2566,True,True,True
UPS,"United Parcel Service, Inc.",Industrials,2020-Q1,2020-03-31,usd,1.25,2.0784,70.91162109375,1583.4000244140625,5.95,67.85,30.91,4.29,61.62,27.25,0.0434,0.1081,0.0356,15.4,0.2196,False,0.3813,-0.1175,-0.2119,-2.097,1.3633,-0.1008,1.0,median,-0.0995,-0.1435,0.0684,Regime 1 (Virtuous),HEALTHY,0.634,0.8342,0.8735,1.4167,-0.0366,-0.0366,False,False,True
UPS,"United Parcel Service, Inc.",Industrials,2020-Q2,2020-06-30,usd,1.25,2.0784,85.27767944335938,1800.5,5.99,72.99,31.44,8.85,74.11,29.82,0.0847,0.1054,0.0308,14.8,0.3339,False,0.3727,0.0841,-0.0056,0.952,1.2425,0.0122,0.982,median,-0.0934,0.1103,0.1159,Regime 1 (Virtuous),HEALTHY,0.658,0.5393,0.9151,0.7252,0.0,0.0,False,False,True
UPS,"United Parcel Service, Inc.",Industrials,2020-Q3,2020-09-30,usd,1.25,2.0784,128.62335205078125,1895.5,6.11,75.5,32.16,9.45,111.9,30.81,0.0878,0.1031,0.0232,11.5,0.3362,False,0.4296,0.3221,0.2359,2.822,1.1182,0.0992,0.8705,median,-0.0893,0.3653,0.1295,Regime 2 (Subcritical),CAUTION,0.55,0.0329,0.1176,0.0198,-0.0651,-0.0651,False,False,
UPS,"United Parcel Service, Inc.",Industrials,2020-Q4,2020-12-31,usd,1.25,2.0784,130.7823028564453,1895.0999755859375,5.64,75.5,32.25,8.15,113.91,30.39,0.0756,0.1012,0.0112,6.5,0.2685,False,0.4404,0.382,0.2967,3.908,1.0728,0.1158,0.852,median,-0.0857,0.3987,0.102,Regime 3 (Parasitic),DANGER,0.882,0.2623,0.3002,0.0894,-0.0796,-0.0796,False,False,False
UPS,"United Parcel Service, Inc.",Industrials,2021-Q1,2021-03-31,usd,1.25,2.0784,132.85296630859375,1713.800048828125,5.61,80.57,32.45,11.06,116.38,32.43,0.0979,0.0994,0.0223,11.8,0.3189,False,0.4299,0.5563,0.4619,3.657,0.7041,0.3339,0.6663,median,-0.0839,0.6358,0.1739,Regime 3 (Parasitic),DANGER,0.95,0.0977,0.2899,0.2073,0.0,-0.0273,False,False,False
UPS,"United Parcel Service, Inc.",Industrials,2021-Q2,2021-06-30,usd,1.25,2.0784,163.31430053710938,1771.5999755859375,5.59,80.66,32.63,13.03,143.39,32.98,0.115,0.098,0.0186,9.8,0.3291,False,0.465,0.6381,0.5592,6.546,0.7098,0.2339,0.7403,median,-0.0729,0.6601,0.1008,Regime 3 (Parasitic),DANGER,0.95,0.0425,-0.0992,-0.0838,-0.1739,-0.2088,False,True,True
UPS,"United Parcel Service, Inc.",Industrials,2021-Q3,2021-09-30,usd,1.25,2.0784,143.75474548339844,1757.0,5.56,81.15,32.86,11.58,126.22,32.79,0.1016,0.0972,0.0238,12.2,0.3374,False,0.4425,0.1228,0.058,1.93,0.7237,0.1319,0.8348,median,-0.0592,0.1204,0.0624,Regime 1 (Virtuous),HEALTHY,0.631,0.1921,-0.0876,-0.0867,-0.0876,-0.11,False,False,False
UPS,"United Parcel Service, Inc.",Industrials,2021-Q4,2021-12-31,usd,1.25,2.0784,170.04190063476562,1828.5999755859375,6.18,81.15,33.48,11.58,149.3,33.1,0.1011,0.0966,0.0964,19.6,0.263,False,0.474,0.2351,0.185,3.165,0.7604,0.1941,0.7745,median,-0.0461,0.2705,0.0855,Regime 2 (Subcritical),CAUTION,0.55,-0.1232,-0.1621,-0.212,-0.2401,-0.3321,True,True,
UPS,"United Parcel Service, Inc.",Industrials,2022-Q1,2022-03-31,usd,1.25,2.0784,171.37332153320312,1949.199951171875,6.13,84.51,33.59,13.0,150.64,34.31,0.1101,0.0962,0.0227,11.5,0.3459,False,0.4682,0.24,0.2015,4.567,0.9974,0.0986,0.8711,median,-0.0319,0.258,0.0565,Regime 3 (Parasitic),DANGER,0.74,-0.2167,-0.0641,-0.2526,-0.246,-0.3373,True,True,True
UPS,"United Parcel Service, Inc.",Industrials,2022-Q2,2022-06-30,usd,1.25,2.0784,147.11801147460938,1807.300048828125,6.15,84.92,33.49,14.14,129.17,34.68,0.1194,0.0961,0.0217,11.2,0.3389,False,0.4318,-0.1299,-0.1546,-2.084,1.1582,-0.1299,1.0,median,-0.0191,-0.1044,0.0501,Regime 1 (Virtuous),HEALTHY,0.625,-0.0209,0.0171,-0.1895,-0.1217,-0.228,False,True,True
UPS,"United Parcel Service, Inc.",Industrials,2022-Q3,2022-09-30,usd,1.25,2.0784,131.16835021972656,1672.0,6.06,84.19,33.62,12.45,114.9,34.08,0.1057,0.0963,0.0242,12.3,0.3432,False,0.4159,-0.1205,-0.1327,-2.424,1.1432,-0.1785,1.0,median,-0.0087,-0.0939,0.0387,Regime 1 (Virtuous),HEALTHY,0.619,0.2228,0.0009,-0.0968,-0.0246,-0.1808,False,False,True
UPS,"United Parcel Service, Inc.",Industrials,2022-Q4,2022-12-31,usd,1.25,2.0784,142.47621154785156,1826.199951171875,7.02,84.19,34.72,12.45,124.67,34.6,0.1047,0.0966,0.0988,21.1,0.2743,False,0.4243,-0.2243,-0.2246,-4.072,1.2397,-0.1436,1.0,median,-0.0002,-0.1803,0.0443,Regime 1 (Virtuous),HEALTHY,0.622,0.0416,-0.0673,-0.2207,-0.2094,-0.252,True,True,False
UPS,"United Parcel Service, Inc.",Industrials,2023-Q1,2023-03-31,usd,1.25,2.0784,160.39114379882812,1969.0,7.06,81.54,34.99,10.16,138.74,33.44,0.0872,0.0969,0.0276,12.8,0.3151,False,0.4555,-0.0656,-0.0566,1.0,1.1137,-0.0839,1.0,median,0.0068,-0.0823,-0.0257,Regime 2 (Subcritical),CAUTION,0.55,-0.1814,-0.2015,-0.3805,-0.2919,-0.3805,True,True,
UPS,"United Parcel Service, Inc.",Industrials,2023-Q2,2023-06-30,usd,1.25,2.0784,149.62803649902344,1929.4000244140625,7.14,77.1,34.99,11.12,129.13,32.59,0.0992,0.097,0.0237,10.9,0.292,False,0.4393,0.0493,0.0618,1.0,0.908,0.0933,0.8772,median,0.0092,-0.0003,-0.0621,Regime 2 (Subcritical),CAUTION,0.55,-0.1045,-0.2031,-0.3772,-0.241,-0.4434,True,True,
UPS,"United Parcel Service, Inc.",Industrials,2023-Q3,2023-09-30,usd,1.25,2.0784,131.2908477783203,1866.0999755859375,6.99,78.87,34.99,5.37,113.04,31.56,0.0472,0.0971,0.0305,13.4,0.2646,False,0.436,0.0483,0.0607,1.0,0.9333,0.0803,0.8925,median,0.0085,-0.0163,-0.077,Regime 2 (Subcritical),CAUTION,0.55,-0.0195,-0.093,-0.393,-0.1774,-0.4068,False,True,
UPS,"United Parcel Service, Inc.",Industrials,2023-Q4,2023-12-31,usd,1.25,2.0784,133.98736572265625,2071.800048828125,8.18,78.87,34.99,5.37,115.23,31.85,0.0472,0.0967,0.641,59.2,0.087,False,0.4344,0.0024,0.0038,1.0,0.9132,0.0303,0.9566,median,0.001,-0.0787,-0.0826,Regime 2 (Subcritical),CAUTION,0.55,-0.1163,-0.1704,-0.295,-0.2037,-0.4257,True,True,
UPS,"United Parcel Service, Inc.",Industrials,2024-Q1,2024-03-31,usd,1.25,2.0784,128.07907104492188,2217.39990234375,8.15,80.37,34.99,6.45,109.76,32.49,0.0559,0.0958,0.0334,15.7,0.1817,False,0.4206,-0.1894,-0.2056,1.0,0.8807,0.0926,0.878,median,-0.0114,-0.2343,-0.0287,Regime 2 (Subcritical),CAUTION,0.55,-0.0687,-0.2166,-0.2514,-0.2189,-0.3908,True,True,
UPS,"United Parcel Service, Inc.",Industrials,2024-Q2,2024-06-30,usd,1.25,2.0784,119.24058532714844,2339.60009765625,7.46,79.5,34.99,7.78,102.19,32.43,0.0679,0.0947,0.0294,13.5,0.2207,False,0.4058,-0.1938,-0.2291,1.0,0.9883,0.0797,0.8932,median,-0.0246,-0.234,-0.0049,Regime 2 (Subcritical),CAUTION,0.55,-0.049,-0.2152,-0.1067,-0.2969,-0.3458,True,True,
UPS,"United Parcel Service, Inc.",Industrials,2024-Q3,2024-09-30,usd,1.25,2.0784,120.30876922607422,2659.39990234375,7.52,81.04,34.99,7.94,102.98,32.87,0.0684,0.0935,0.0281,13.4,0.2061,False,0.4062,-0.0812,-0.134,-2.28,1.0605,0.2344,0.7399,median,-0.0385,-0.0932,0.0409,Regime 1 (Virtuous),HEALTHY,0.62,-0.1716,-0.3485,-0.2035,-0.3559,-0.3559,True,True,False
UPS,"United Parcel Service, Inc.",Industrials,2024-Q4,2024-12-31,usd,1.25,2.0784,112.64230346679688,2641.0,7.36,81.04,34.99,7.94,96.42,32.83,0.0684,0.0923,0.2447,33.8,0.1685,False,0.397,-0.1395,-0.2085,-5.876,1.0338,0.0849,0.887,median,-0.0469,-0.1782,0.0303,Regime 1 (Virtuous),HEALTHY,0.615,-0.1458,-0.1593,-0.1493,-0.3121,-0.3121,True,True,False
UPS,"United Parcel Service, Inc.",Industrials,2025-Q1,2025-03-31,usd,1.25,2.0784,99.65788269042969,3122.800048828125,7.99,79.52,34.99,6.66,84.71,32.29,0.0582,0.0911,0.0366,16.9,0.1903,False,0.3832,-0.1807,-0.2529,1.0,1.3186,0.0475,0.9335,median,-0.0508,-0.2591,-0.0062,Regime 2 (Subcritical),CAUTION,0.55,-0.2044,-0.0444,-0.0384,-0.2224,-0.2224,True,True,
UPS,"United Parcel Service, Inc.",Industrials,2025-Q2,2025-06-30,usd,1.25,2.0784,92.9627456665039,3307.699951171875,8.16,77.6,34.99,7.29,78.93,32.01,0.0647,0.0897,0.0376,16.4,0.2252,False,0.3698,-0.1702,-0.2453,1.0,1.2442,0.0613,0.9158,median,-0.0533,-0.2583,-0.0131,Regime 2 (Subcritical),CAUTION,0.55,0.0237,0.1382,0.0308,-0.1664,-0.1664,False,False,
UPS,"United Parcel Service, Inc.",Industrials,2025-Q3,2025-09-30,usd,1.25,2.0784,78.3814697265625,3873.199951171875,8.27,78.44,34.99,7.22,66.55,32.23,0.0636,0.0884,0.0355,15.6,0.2363,False,0.3593,-0.3394,-0.4169,1.0,1.2548,0.0277,0.9601,median,-0.0553,-0.4367,-0.0198,Regime 2 (Subcritical),CAUTION,0.55,0.215,0.2226,0.2226,-0.0079,-0.0079,False,False,
UPS,"United Parcel Service, Inc.",Industrials,2025-Q4,2025-12-31,usd,1.25,2.0784,94.69426727294922,4341.10009765625,9.86,78.44,34.99,7.22,80.49,32.63,0.0636,0.0871,0.2705,32.5,0.1059,False,0.3642,-0.0942,-0.1743,1.0,1.4123,0.0216,0.9685,median,-0.057,-0.1806,-0.0063,Regime 2 (Subcritical),CAUTION,0.55,0.1386,0.012,0.012,-0.0309,-0.0309,False,False,
UPS,"United Parcel Service, Inc.",Industrials,2026-Q1,2026-03-31,usd,1.25,2.0784,95.23075866699219,4647.60009765625,9.78,79.74,34.99,5.07,80.95,32.4,0.0442,0.0859,0.0365,15.8,0.2311,False,0.3782,0.0351,-0.0486,-14.374,1.2793,0.0296,0.9575,median,-0.0585,-0.0454,0.0032,Regime 2 (Subcritical),CAUTION,0.55,0.0063,0.0063,0.0063,-0.021,-0.021,False,False,
UPS,"United Parcel Service, Inc.",Industrials,2026-Q2,2026-06-30,usd,1.25,2.0784,105.81291961669922,4038.5,9.72,87.62,34.99,3.72,90.05,34.01,0.0303,0.0844,0.0383,17.9,0.2167,False,0.4027,0.1617,0.0711,2.171,1.0102,0.0203,0.9705,median,-0.061,0.1318,0.0607,Regime 2 (Subcritical),CAUTION,0.55,-0.0943,-0.0943,-0.0943,-0.1046,-0.1046,False,False,
WMT,Walmart Inc.,Consumer Staples,2017-Q1,2017-03-31,usd,1.25,2.0784,20.627038955688477,1247.300048828125,17.57,98.47,107.45,20.95,187.69,61.11,0.1017,0.102,0.0072,6.2,0.177,False,0.3473,-0.0231,-0.0261,-12.776,0.8662,-0.0342,1.0,median,-0.0035,-0.0242,0.0019,Regime 2 (Subcritical),CAUTION,0.55,0.0982,0.2645,0.4182,-0.009,-0.009,False,False,
WMT,Walmart Inc.,Consumer Staples,2017-Q2,2017-06-30,usd,1.25,2.0784,21.802175521850586,1240.699951171875,18.04,103.46,108.17,23.88,197.17,63.39,0.1128,0.1003,0.0056,5.0,0.1765,False,0.3466,0.04,0.0226,2.988,0.84,-0.0019,1.0,median,-0.0207,0.0339,0.0113,Regime 2 (Subcritical),CAUTION,0.55,0.32,0.1589,0.5282,-0.0324,-0.0324,False,False,
WMT,Walmart Inc.,Consumer Staples,2017-Q3,2017-09-30,usd,1.25,2.0784,22.652456283569336,1281.5,18.2,107.47,108.16,19.06,203.0,63.22,0.0884,0.1003,0.008,6.9,0.1994,False,0.362,0.1187,0.0582,5.014,0.8398,0.0145,0.9786,median,-0.0717,0.0727,0.0145,Regime 2 (Subcritical),CAUTION,0.55,0.1469,0.2253,0.5813,0.0,0.0,False,False,
WMT,Walmart Inc.,Consumer Staples,2017-Q4,2017-12-31,usd,1.25,2.0784,28.778072357177734,1306.300048828125,18.24,107.47,107.67,8.7,255.75,60.52,0.0404,0.0997,0.0018,1.7,0.2004,False,0.4428,0.4021,0.3455,3455.468,0.9512,0.134,0.8327,median,-0.0666,0.3455,0.0,Regime 3 (Parasitic),DANGER,0.95,-0.1206,-0.0328,0.259,-0.1539,-0.1539,False,False,True
WMT,Walmart Inc.,Consumer Staples,2018-Q1,2018-03-31,usd,1.25,2.0784,26.08254051208496,1322.800048828125,18.85,103.32,107.62,20.62,230.89,62.6,0.0977,0.0968,0.0024,2.1,0.1664,False,0.3932,0.2289,0.183,8.595,0.9488,0.0628,0.9139,median,-0.052,0.2071,0.0241,Regime 3 (Parasitic),DANGER,0.779,0.1111,0.1664,0.4042,-0.0308,-0.0308,False,False,False
WMT,Walmart Inc.,Consumer Staples,2018-Q2,2018-06-30,usd,1.25,2.0784,25.267433166503906,1251.300048828125,17.84,106.83,104.02,23.0,223.68,62.92,0.1091,0.0952,0.0027,2.5,0.3088,False,0.3818,0.1805,0.1335,100.0,0.8991,0.0421,0.9406,median,-0.0519,0.1262,-0.0073,Regime 3 (Parasitic),DANGER,0.73,0.1092,0.3445,0.4754,0.0,0.0,False,False,False
WMT,Walmart Inc.,Consumer Staples,2018-Q3,2018-09-30,usd,1.25,2.0784,27.865102767944336,1191.5,31.04,107.17,104.36,19.94,244.83,65.63,0.0943,0.0946,0.006,4.9,0.2143,False,0.3848,0.2038,0.15,5.014,0.8039,0.1073,0.8613,median,-0.0583,0.1873,0.0374,Regime 3 (Parasitic),DANGER,0.754,0.0444,0.2839,0.5096,-0.0859,-0.0859,False,False,False
WMT,Walmart Inc.,Consumer Staples,2018-Q4,2018-12-31,usd,1.25,2.0784,27.790422439575195,1278.300048828125,31.18,107.17,104.32,14.75,242.22,64.35,0.0697,0.0943,0.0018,1.7,0.2243,False,0.3928,-0.066,-0.1158,-0.886,1.0437,-0.0618,1.0,median,-0.056,-0.0544,0.0614,Regime 1 (Virtuous),HEALTHY,0.631,0.2003,0.3016,0.6055,-0.0031,-0.0031,False,False,True
WMT,Walmart Inc.,Consumer Staples,2019-Q1,2019-03-31,usd,1.25,2.0784,29.25371742248535,1293.0,31.42,103.78,104.6,19.78,251.85,64.9,0.0949,0.0934,0.0046,3.6,0.2219,False,0.3954,0.0813,0.0509,2.414,0.9107,0.0813,0.8914,median,-0.0357,0.0869,0.036,Regime 1 (Virtuous),HEALTHY,0.618,0.2233,0.2003,0.4377,-0.009,-0.009,False,False,True
WMT,Walmart Inc.,Consumer Staples,2019-Q2,2019-06-30,usd,1.25,2.0784,33.31707000732422,1409.699951171875,31.45,107.48,104.67,22.33,285.33,66.49,0.1053,0.0929,0.0027,2.1,0.2148,False,0.4234,0.2084,0.1883,4.418,1.041,0.0206,0.97,median,-0.0244,0.2434,0.0551,Regime 2 (Subcritical),CAUTION,0.55,0.0913,0.0961,0.2841,-0.0505,-0.0505,False,False,
WMT,Walmart Inc.,Consumer Staples,2019-Q3,2019-09-30,usd,1.25,2.0784,35.96284484863281,1465.699951171875,30.72,109.49,104.33,18.87,306.87,65.85,0.0883,0.0928,0.0073,5.7,0.2248,False,0.4504,0.2383,0.2225,66.581,1.2042,-0.001,1.0,median,-0.0198,0.2259,0.0034,Regime 3 (Parasitic),DANGER,0.838,-0.0207,0.1758,0.2228,-0.1193,-0.1193,False,False,False
WMT,Walmart Inc.,Consumer Staples,2019-Q4,2019-12-31,usd,1.25,2.0784,36.172847747802734,1519.5,31.07,109.49,105.21,16.56,307.89,65.58,0.0771,0.0926,0.0022,1.9,0.2452,False,0.4539,0.2356,0.221,12.664,0.9223,0.2442,0.7319,median,-0.0178,0.2399,0.0189,Regime 3 (Parasitic),DANGER,0.786,0.0168,0.2335,0.2443,-0.1245,-0.1245,False,False,False
WMT,Walmart Inc.,Consumer Staples,2020-Q1,2020-03-31,usd,1.25,2.0784,34.73699188232422,1583.4000244140625,29.42,109.49,101.87,20.9,295.15,65.42,0.0989,0.0922,0.0012,0.8,0.2547,False,0.4402,0.16,0.1507,19.806,1.3633,-0.1008,1.0,median,-0.013,0.1587,0.008,Regime 2 (Subcritical),CAUTION,0.55,0.2173,0.2151,0.353,0.0,0.0,False,False,
WMT,Walmart Inc.,Consumer Staples,2020-Q2,2020-06-30,usd,1.25,2.0784,36.781375885009766,1800.5,29.54,115.98,101.18,24.24,312.49,67.73,0.1116,0.0921,0.0012,-1.3,0.2765,False,0.4456,0.079,0.0723,4.889,1.2425,0.0122,0.982,median,-0.0091,0.0909,0.0186,Regime 2 (Subcritical),CAUTION,0.55,0.2141,0.1961,0.047,-0.0074,-0.0074,False,False,
WMT,Walmart Inc.,Consumer Staples,2020-Q3,2020-09-30,usd,1.25,2.0784,43.139404296875,1895.5,30.24,114.36,102.23,23.11,366.74,67.49,0.1067,0.0923,0.0023,1.8,0.2651,False,0.4916,0.158,0.1537,7.27,1.1182,0.0992,0.8705,median,-0.0059,0.1782,0.0245,Regime 3 (Parasitic),DANGER,0.758,-0.0215,0.0117,-0.0435,-0.0852,-0.1315,False,False,False
WMT,Walmart Inc.,Consumer Staples,2020-Q4,2020-12-31,usd,1.25,2.0784,44.60923767089844,1895.0999755859375,28.98,114.36,92.2,23.11,378.64,64.67,0.1119,0.0926,0.009,0.3,0.2947,False,0.5116,0.2211,0.221,100.0,1.0728,0.1158,0.852,median,-0.0001,0.2068,-0.0141,Regime 3 (Parasitic),DANGER,0.771,-0.0257,0.0197,0.015,-0.1153,-0.1601,False,False,False
WMT,Walmart Inc.,Consumer Staples,2021-Q1,2021-03-31,usd,1.25,2.0784,42.209991455078125,1713.800048828125,28.87,112.52,91.0,27.64,356.73,65.0,0.1358,0.0932,0.0027,2.3,0.3225,False,0.4921,0.1868,0.1958,100.0,0.7041,0.3339,0.6663,median,0.0103,0.1895,-0.0063,Regime 3 (Parasitic),DANGER,0.737,0.0418,0.1135,0.1201,-0.0055,-0.1123,False,False,False
WMT,Walmart Inc.,Consumer Staples,2021-Q2,2021-06-30,usd,1.25,2.0784,43.99492263793945,1771.5999755859375,29.16,114.04,91.62,29.42,369.84,66.06,0.143,0.0942,0.0027,2.3,0.3137,False,0.4971,0.174,0.1935,100.0,0.7098,0.2339,0.7403,median,0.0232,0.1685,-0.025,Regime 3 (Parasitic),DANGER,0.724,0.0198,-0.1247,0.1499,-0.1484,-0.1484,False,False,True
WMT,Walmart Inc.,Consumer Staples,2021-Q3,2021-09-30,usd,1.25,2.0784,43.643287658691406,1757.0,28.92,118.84,92.24,23.17,365.1,65.79,0.1098,0.0957,0.006,5.1,0.286,False,0.4981,-0.0105,0.0209,1.0,0.7237,0.1319,0.8348,median,0.0364,-0.0045,-0.0254,Regime 2 (Subcritical),CAUTION,0.55,0.0769,-0.0546,0.1836,-0.1415,-0.1415,False,False,
WMT,Walmart Inc.,Consumer Staples,2021-Q4,2021-12-31,usd,1.25,2.0784,45.48838806152344,1828.5999755859375,29.01,118.84,94.52,23.17,378.54,66.38,0.1086,0.097,0.4189,48.3,0.307,False,0.5053,-0.0656,-0.0265,-0.01,0.7604,0.1941,0.7745,median,0.0458,-0.0003,0.0262,Regime 2 (Subcritical),CAUTION,0.55,-0.1461,-0.0046,0.1236,-0.1763,-0.1763,False,False,
WMT,Walmart Inc.,Consumer Staples,2022-Q1,2022-03-31,usd,1.25,2.0784,46.99930953979492,1949.199951171875,29.44,117.62,94.74,21.27,388.0,65.77,0.1002,0.0981,0.0143,12.0,0.2045,False,0.5146,0.0243,0.0724,7.212,0.9974,0.0986,0.8711,median,0.0514,0.084,0.0117,Regime 2 (Subcritical),CAUTION,0.55,-0.1048,0.0059,0.2494,-0.2028,-0.2028,True,True,
WMT,Walmart Inc.,Consumer Staples,2022-Q2,2022-06-30,usd,1.25,2.0784,38.5102653503418,1807.300048828125,28.66,120.67,96.01,27.42,316.69,68.19,0.1265,0.099,0.01,9.0,0.1951,False,0.4469,-0.2368,-0.1869,-4.893,1.1582,-0.1299,1.0,median,0.0496,-0.1552,0.0317,Regime 1 (Virtuous),HEALTHY,0.616,0.1787,0.3136,0.7218,0.0,0.0,False,False,True
WMT,Walmart Inc.,Consumer Staples,2022-Q3,2022-09-30,usd,1.25,2.0784,41.26116943359375,1672.0,28.14,138.02,97.55,10.78,335.98,68.62,0.0458,0.1,0.012,10.8,0.2261,False,0.4764,-0.1767,-0.1252,-1.974,1.1432,-0.1785,1.0,median,0.0448,-0.0831,0.0421,Regime 2 (Subcritical),CAUTION,0.55,0.1458,0.252,0.8989,-0.0088,-0.0088,False,False,
WMT,Walmart Inc.,Consumer Staples,2022-Q4,2022-12-31,usd,1.25,2.0784,45.27738952636719,1826.199951171875,28.17,138.02,100.76,10.78,366.31,69.43,0.0451,0.1002,2.3154,125.0,0.2155,False,0.4951,-0.1154,-0.0777,-0.731,1.2397,-0.1436,1.0,median,0.0329,-0.0328,0.0449,Regime 2 (Subcritical),CAUTION,0.55,0.1032,0.1146,0.944,-0.0462,-0.0462,False,False,
WMT,Walmart Inc.,Consumer Staples,2023-Q1,2023-03-31,usd,1.25,2.0784,47.277774810791016,1969.0,28.31,123.11,102.33,24.96,382.33,69.68,0.1107,0.0997,0.0074,6.7,0.2023,False,0.4955,-0.0892,-0.0725,-0.254,1.1137,-0.0839,1.0,median,0.0161,-0.0147,0.0578,Regime 2 (Subcritical),CAUTION,0.55,0.0926,0.242,0.7776,-0.0057,-0.0057,False,False,
WMT,Walmart Inc.,Consumer Staples,2023-Q2,2023-06-30,usd,1.25,2.0784,50.58900451660156,1929.4000244140625,28.27,129.86,104.73,29.26,408.68,73.03,0.1247,0.0994,0.0049,4.6,0.2117,False,0.5001,0.182,0.1864,3.716,0.908,0.0933,0.8772,median,0.0041,0.255,0.0686,Regime 2 (Subcritical),CAUTION,0.55,0.0103,0.3107,0.9023,-0.0332,-0.0332,False,False,
WMT,Walmart Inc.,Consumer Staples,2023-Q3,2023-09-30,usd,1.25,2.0784,51.6570930480957,1866.0999755859375,28.02,133.68,107.47,24.81,417.12,73.49,0.1029,0.0995,0.0078,7.1,0.2125,False,0.5062,0.1544,0.1478,3.155,0.9333,0.0803,0.8925,median,-0.0057,0.2163,0.0686,Regime 2 (Subcritical),CAUTION,0.55,0.1355,0.5151,0.9767,-0.0542,-0.0542,False,False,
WMT,Walmart Inc.,Consumer Staples,2023-Q4,2023-12-31,usd,1.25,2.0784,51.10977554321289,2071.800048828125,28.11,133.68,110.81,24.81,412.8,74.35,0.1015,0.0996,0.2156,25.8,0.2652,False,0.5005,0.058,0.051,1.746,0.9132,0.0303,0.9566,median,-0.0064,0.1195,0.0684,Regime 2 (Subcritical),CAUTION,0.55,0.284,0.7262,1.1535,-0.0162,-0.0162,False,False,
WMT,Walmart Inc.,Consumer Staples,2024-Q1,2024-03-31,usd,1.25,2.0784,58.720245361328125,2217.39990234375,28.0,132.94,111.5,27.36,473.17,74.95,0.1119,0.0997,0.005,4.6,0.1858,False,0.5323,0.1406,0.1402,2.921,0.8807,0.0926,0.878,median,-0.0004,0.2132,0.073,Regime 2 (Subcritical),CAUTION,0.55,0.3381,0.4797,1.1134,-0.0192,-0.0192,False,False,
WMT,Walmart Inc.,Consumer Staples,2024-Q2,2024-06-30,usd,1.25,2.0784,66.30729675292969,2339.60009765625,27.93,138.34,113.82,31.76,533.35,77.96,0.126,0.0999,0.004,3.9,0.1687,False,0.5512,0.1958,0.2009,4.076,0.9883,0.0797,0.8932,median,0.0045,0.2662,0.0653,Regime 2 (Subcritical),CAUTION,0.55,0.3652,0.4639,0.7098,-0.0084,-0.0084,False,False,
WMT,Walmart Inc.,Consumer Staples,2024-Q3,2024-09-30,usd,1.25,2.0784,79.30256652832031,2659.39990234375,27.94,142.16,116.6,26.83,637.45,78.38,0.1037,0.1003,0.0061,5.7,0.1993,False,0.5905,0.3509,0.3597,6.583,1.0605,0.2344,0.7399,median,0.0082,0.4241,0.0644,Regime 3 (Parasitic),DANGER,0.901,0.0926,0.2887,0.3548,-0.0204,-0.0204,False,False,False
WMT,Walmart Inc.,Consumer Staples,2024-Q4,2024-12-31,usd,1.25,2.0784,88.92706298828125,2641.0,28.79,142.16,119.99,26.83,714.39,79.44,0.1024,0.1007,0.2133,26.7,0.2481,False,0.6101,0.4695,0.4822,8.279,1.0338,0.0849,0.887,median,0.0111,0.5485,0.0662,Regime 3 (Parasitic),DANGER,0.95,0.0929,0.2449,0.2082,-0.0923,-0.0923,False,False,False
WMT,Walmart Inc.,Consumer Staples,2025-Q1,2025-03-31,usd,1.25,2.0784,86.6446762084961,3122.800048828125,28.87,136.68,121.26,28.54,694.62,78.84,0.1106,0.101,0.0056,5.2,0.1652,False,0.6058,0.3188,0.3334,7.594,1.3186,0.0475,0.9335,median,0.0134,0.3839,0.0506,Regime 3 (Parasitic),DANGER,0.919,0.1798,0.4282,0.24,-0.0683,-0.0683,False,False,False
WMT,Walmart Inc.,Consumer Staples,2025-Q2,2025-06-30,usd,1.25,2.0784,96.73766326904297,3307.699951171875,29.06,149.38,125.48,29.14,772.01,83.27,0.106,0.1014,0.004,3.8,0.1758,False,0.6158,0.2874,0.304,5.62,1.2442,0.0613,0.9158,median,0.0149,0.3698,0.0658,Regime 3 (Parasitic),DANGER,0.887,0.1559,0.168,0.1106,-0.0346,-0.0346,False,False,False
WMT,Walmart Inc.,Consumer Staples,2025-Q3,2025-09-30,usd,1.25,2.0784,102.19953155517578,3873.199951171875,28.72,152.38,130.2,26.78,814.82,84.52,0.0948,0.1017,0.0054,4.9,0.1821,False,0.6233,0.1549,0.1701,3.256,1.2548,0.0277,0.9601,median,0.0139,0.2455,0.0754,Regime 2 (Subcritical),CAUTION,0.55,0.2108,0.0513,0.0513,-0.0238,-0.0238,False,False,
WMT,Walmart Inc.,Consumer Staples,2025-Q4,2025-12-31,usd,1.25,2.0784,110.70502471923828,4341.10009765625,28.73,152.38,136.08,26.78,882.34,85.99,0.0929,0.1019,0.1677,19.2,0.2411,False,0.634,0.119,0.1319,2.665,1.4123,0.0216,0.9685,median,0.012,0.2112,0.0792,Regime 2 (Subcritical),CAUTION,0.55,-0.0194,-0.0295,-0.0295,-0.0729,-0.0729,False,False,
WMT,Walmart Inc.,Consumer Staples,2026-Q1,2026-03-31,usd,1.25,2.0784,123.74702453613281,4647.60009765625,28.15,148.8,137.79,29.97,986.56,86.18,0.1046,0.102,0.0059,5.3,0.1616,False,0.6512,0.2517,0.2618,3.941,1.2793,0.0296,0.9575,median,0.0095,0.3509,0.089,Regime 2 (Subcritical),CAUTION,0.55,-0.1318,-0.1318,-0.1318,-0.1706,-0.1706,False,False,
WMT,Walmart Inc.,Consumer Staples,2026-Q2,2026-06-30,usd,1.25,2.0784,112.989501953125,4038.5,28.26,159.0,142.48,37.53,899.18,91.82,0.1245,0.1021,0.0038,3.6,0.139,False,0.6254,0.0473,0.0547,1.559,1.0102,0.0203,0.9705,median,0.0068,0.1525,0.0978,Regime 2 (Subcritical),CAUTION,0.55,-0.0491,-0.0491,-0.0491,-0.0917,-0.0917,False,False,
PG,The Procter & Gamble Company,Consumer Staples,2017-Q1,2017-03-31,usd,1.25,2.0784,69.50141906738281,1247.300048828125,67.83,17.64,19.22,13.44,177.76,29.53,0.3647,0.3457,0.0052,-13.2,0.3299,False,0.5275,0.0249,-0.0003,1.0,0.8662,-0.0342,1.0,median,-0.0296,-0.0147,-0.0145,Regime 2 (Subcritical),CAUTION,0.55,0.0283,-0.0903,0.2363,-0.129,-0.1785,False,False,
PG,The Procter & Gamble Company,Consumer Staples,2017-Q2,2017-06-30,usd,1.25,2.0784,67.92910766601562,1240.699951171875,68.89,17.64,19.89,11.8,173.22,29.55,0.3143,0.3519,0.0051,-17.7,0.3473,False,0.5228,-0.0491,-0.059,-2.734,0.84,-0.0019,1.0,median,-0.0118,-0.0432,0.0158,Regime 2 (Subcritical),CAUTION,0.55,0.0705,-0.0751,0.3424,-0.1595,-0.1595,False,False,
PG,The Procter & Gamble Company,Consumer Staples,2017-Q3,2017-09-30,usd,1.25,2.0784,71.47075653076172,1281.5,69.45,18.76,20.11,14.94,181.32,30.81,0.3844,0.3522,0.005,-21.9,0.3548,False,0.5203,-0.0893,-0.0201,-0.766,0.8398,0.0145,0.9786,median,0.0821,-0.0087,0.0114,Regime 2 (Subcritical),CAUTION,0.55,-0.123,-0.0623,0.4442,-0.208,-0.208,True,True,
PG,The Procter & Gamble Company,Consumer Staples,2017-Q4,2017-12-31,usd,1.25,2.0784,72.71861267089844,1306.300048828125,69.85,18.9,20.42,16.01,183.32,31.3,0.4072,0.354,0.005,-21.1,0.3827,False,0.5183,0.0179,0.0687,2.865,0.9512,0.134,0.8327,median,0.0597,0.1055,0.0368,Regime 2 (Subcritical),CAUTION,0.55,-0.1243,0.0497,0.4665,-0.2042,-0.2042,True,True,
PG,The Procter & Gamble Company,Consumer Staples,2018-Q1,2018-03-31,usd,1.25,2.0784,63.22466278076172,1322.800048828125,70.3,18.57,20.93,13.18,158.98,30.75,0.3338,0.3573,0.0052,-20.2,0.3594,False,0.4899,-0.1809,-0.1519,-2.773,0.9488,0.0628,0.9139,median,0.033,-0.1116,0.0402,Regime 2 (Subcritical),CAUTION,0.55,0.0951,0.3921,0.5788,-0.075,-0.075,False,False,
PG,The Procter & Gamble Company,Consumer Staples,2018-Q2,2018-06-30,usd,1.25,2.0784,62.827781677246094,1251.300048828125,69.08,18.57,20.6,10.71,156.32,29.74,0.2734,0.3583,0.0049,-21.8,0.3205,False,0.4964,-0.1251,-0.1089,-16.41,0.8991,0.0421,0.9406,median,0.0181,-0.1027,0.0063,Regime 2 (Subcritical),CAUTION,0.55,0.188,0.4501,0.5961,-0.0035,-0.0035,False,False,
PG,The Procter & Gamble Company,Consumer Staples,2018-Q3,2018-09-30,usd,1.25,2.0784,67.59689331054688,1191.5,69.14,18.61,20.59,14.22,168.41,30.64,0.3627,0.3562,0.0049,-26.9,0.2964,False,0.5037,-0.0786,-0.0682,1.0,0.8039,0.1073,0.8613,median,0.0115,-0.0738,-0.0057,Regime 2 (Subcritical),CAUTION,0.55,0.2645,0.5321,0.7339,-0.0574,-0.0574,False,False,
PG,The Procter & Gamble Company,Consumer Staples,2018-Q4,2018-12-31,usd,1.25,2.0784,75.31432342529297,1278.300048828125,72.88,18.49,20.82,15.58,188.4,31.94,0.3964,0.3551,0.0049,-24.6,0.29,False,0.522,0.0041,0.0068,1.331,1.0437,-0.0618,1.0,median,0.0031,0.0273,0.0205,Regime 2 (Subcritical),CAUTION,0.55,0.2201,0.397,0.579,-0.0139,-0.0139,False,False,
PG,The Procter & Gamble Company,Consumer Staples,2019-Q1,2019-03-31,usd,1.25,2.0784,85.92727661132812,1293.0,72.59,19.22,20.99,12.92,215.53,31.43,0.3212,0.3554,0.0051,-23.7,0.2839,False,0.5581,0.2868,0.2823,13.805,0.9107,0.0813,0.8914,median,-0.0053,0.3043,0.022,Regime 3 (Parasitic),DANGER,0.837,0.2183,0.1386,0.3743,-0.0327,-0.0327,False,False,False
PG,The Procter & Gamble Company,Consumer Staples,2019-Q2,2019-06-30,usd,1.25,2.0784,91.191162109375,1409.699951171875,64.49,19.22,21.27,20.51,228.18,31.37,0.5066,0.3548,0.0046,-24.9,-0.3373,True,0.5647,0.3327,0.3247,7.065,1.041,0.0206,0.97,median,-0.0098,0.3783,0.0535,Regime 3 (Parasitic),DANGER,0.95,0.1559,0.0923,0.2783,-0.099,-0.099,False,False,False
PG,The Procter & Gamble Company,Consumer Staples,2019-Q3,2019-09-30,usd,1.25,2.0784,104.11136627197266,1465.699951171875,63.61,19.14,20.9,17.16,259.63,30.2,0.4286,0.3576,0.0044,-31.0,0.241,False,0.601,0.4441,0.4472,100.0,1.2042,-0.001,1.0,median,0.004,0.4329,-0.0144,Regime 3 (Parasitic),DANGER,0.95,-0.064,0.1317,0.1997,-0.2048,-0.2048,True,True,True
PG,The Procter & Gamble Company,Consumer Staples,2019-Q4,2019-12-31,usd,1.25,2.0784,105.2144775390625,1519.5,63.98,19.56,21.25,17.93,259.82,30.68,0.4393,0.361,0.0042,-28.1,0.1692,False,0.5977,0.3485,0.3619,100.0,0.9223,0.2442,0.7319,median,0.0166,0.3214,-0.0404,Regime 3 (Parasitic),DANGER,0.899,-0.0306,0.1303,0.369,-0.2131,-0.2131,True,True,True
PG,The Procter & Gamble Company,Consumer Staples,2020-Q1,2020-03-31,usd,1.25,2.0784,93.21338653564453,1583.4000244140625,63.45,20.18,20.46,13.81,230.76,29.48,0.3399,0.3649,0.0047,-29.2,0.3513,False,0.5829,0.1143,0.1325,100.0,1.3633,-0.1008,1.0,median,0.0263,0.0683,-0.0642,Regime 2 (Subcritical),CAUTION,0.55,0.2641,0.2617,0.4584,-0.0061,-0.0061,False,False,
PG,The Procter & Gamble Company,Consumer Staples,2020-Q2,2020-06-30,usd,1.25,2.0784,101.99867248535156,1800.5,63.69,20.18,20.69,13.92,253.58,29.62,0.3407,0.3672,0.0047,-30.6,0.3735,False,0.601,0.1394,0.163,100.0,1.2425,0.0122,0.982,median,0.0343,0.1055,-0.0575,Regime 3 (Parasitic),DANGER,0.739,0.1714,0.1561,0.2612,0.0,0.0,False,False,False
PG,The Procter & Gamble Company,Consumer Staples,2020-Q3,2020-09-30,usd,1.25,2.0784,119.31300354003906,1895.5,64.38,19.58,20.88,21.12,295.85,31.49,0.5221,0.3684,0.0042,-38.4,0.3117,False,0.6171,0.0683,0.0888,3.125,1.1182,0.0992,0.8705,median,0.0298,0.1306,0.0418,Regime 2 (Subcritical),CAUTION,0.55,-0.0143,0.0305,-0.0472,-0.1109,-0.1109,False,False,
PG,The Procter & Gamble Company,Consumer Staples,2020-Q4,2020-12-31,usd,1.25,2.0784,120.10499572753906,1895.0999755859375,65.25,20.45,21.42,21.52,295.76,32.16,0.514,0.3718,0.0042,-37.6,0.2696,False,0.613,0.0616,0.0824,2.751,1.0728,0.1158,0.852,median,0.0294,0.1295,0.0471,Regime 2 (Subcritical),CAUTION,0.55,-0.0159,0.2052,0.1444,-0.1168,-0.1168,False,False,
PG,The Procter & Gamble Company,Consumer Staples,2021-Q1,2021-03-31,usd,1.25,2.0784,117.60762786865234,1713.800048828125,64.27,21.61,21.1,15.14,287.93,30.53,0.3545,0.3764,0.0044,-38.2,0.262,False,0.6186,0.1614,0.1862,6.295,0.7041,0.3339,0.6663,median,0.0311,0.2213,0.0352,Regime 3 (Parasitic),DANGER,0.711,0.062,0.1559,0.1537,-0.0252,-0.0524,False,False,False
PG,The Procter & Gamble Company,Consumer Staples,2021-Q2,2021-06-30,usd,1.25,2.0784,117.92311096191406,1771.5999755859375,64.57,21.61,21.69,15.14,286.25,30.75,0.3497,0.3795,0.0065,-52.0,0.2904,False,0.6162,0.0587,0.0838,3.244,0.7098,0.2339,0.7403,median,0.033,0.1212,0.0374,Regime 2 (Subcritical),CAUTION,0.55,0.2321,0.0909,0.1816,0.0,-0.0549,False,False,
PG,The Procter & Gamble Company,Consumer Staples,2021-Q3,2021-09-30,usd,1.25,2.0784,122.94775390625,1757.0,64.0,19.8,21.39,20.09,297.53,31.32,0.4878,0.3815,0.004,-44.3,0.2228,False,0.6191,-0.0156,0.0111,100.0,0.7237,0.1319,0.8348,median,0.0347,0.0057,-0.0054,Regime 2 (Subcritical),CAUTION,0.55,0.1057,-0.0753,0.0963,-0.0753,-0.0936,False,False,
PG,The Procter & Gamble Company,Consumer Staples,2021-Q4,2021-12-31,usd,1.25,2.0784,144.7530059814453,1828.5999755859375,63.85,20.48,21.36,20.67,346.98,31.59,0.4941,0.3844,0.004,-41.2,0.2322,False,0.6437,0.1519,0.1775,100.0,0.7604,0.1941,0.7745,median,0.0333,0.1597,-0.0177,Regime 3 (Parasitic),DANGER,0.702,-0.0969,-0.0505,-0.0586,-0.2301,-0.2301,True,True,True
PG,The Procter & Gamble Company,Consumer Staples,2022-Q1,2022-03-31,usd,1.25,2.0784,135.94378662109375,1949.199951171875,64.62,20.12,21.32,16.1,326.17,30.54,0.3884,0.388,0.0042,-36.6,0.2313,False,0.64,0.0986,0.1243,338.465,0.9974,0.0986,0.8711,median,0.0305,0.1247,0.0004,Regime 2 (Subcritical),CAUTION,0.55,-0.1475,-0.0019,0.1168,-0.1802,-0.1802,False,False,
PG,The Procter & Gamble Company,Consumer Staples,2022-Q2,2022-06-30,usd,1.25,2.0784,128.64541625976562,1807.300048828125,63.38,20.12,21.2,16.1,307.41,30.2,0.3896,0.3908,0.006,-48.3,0.2472,False,0.6319,0.0628,0.0894,100.0,1.1582,-0.1299,1.0,median,0.0294,0.0713,-0.0181,Regime 2 (Subcritical),CAUTION,0.55,0.0757,0.0831,0.2074,-0.1337,-0.1337,False,False,
PG,The Procter & Gamble Company,Consumer Staples,2022-Q3,2022-09-30,usd,1.25,2.0784,113.68607330322266,1672.0,62.23,19.31,20.59,19.76,269.4,30.47,0.4951,0.393,0.0039,-35.7,0.158,False,0.6056,-0.101,-0.0718,1.0,1.1432,-0.1785,1.0,median,0.0298,-0.0993,-0.0275,Regime 2 (Subcritical),CAUTION,0.55,0.1935,0.1856,0.4464,-0.0197,-0.0197,False,False,
PG,The Procter & Gamble Company,Consumer Staples,2022-Q4,2022-12-31,usd,1.25,2.0784,137.44589233398438,1826.199951171875,63.55,20.36,21.17,19.14,324.25,31.05,0.4609,0.3959,0.0039,-30.1,0.1406,False,0.6357,-0.0798,-0.0506,1.0,1.2397,-0.1436,1.0,median,0.0295,-0.0677,-0.0172,Regime 2 (Subcritical),CAUTION,0.55,0.0137,-0.0086,0.1585,-0.0933,-0.0933,False,False,
PG,The Procter & Gamble Company,Consumer Staples,2023-Q1,2023-03-31,usd,1.25,2.0784,135.68931579589844,1969.0,64.55,21.66,21.56,16.99,319.82,31.19,0.3931,0.3989,0.0041,-30.5,0.1748,False,0.6329,-0.0672,-0.0408,-0.933,1.1137,-0.0839,1.0,median,0.0277,-0.0197,0.0211,Regime 2 (Subcritical),CAUTION,0.55,-0.0067,0.1189,0.1874,-0.0356,-0.0356,False,False,
PG,The Procter & Gamble Company,Consumer Staples,2023-Q2,2023-06-30,usd,1.25,2.0784,139.339599609375,1929.4000244140625,64.44,21.66,21.91,16.99,328.47,31.25,0.39,0.4012,0.0058,-39.4,0.2418,False,0.6369,0.0062,0.032,1.933,0.908,0.0933,0.8772,median,0.0262,0.0663,0.0343,Regime 2 (Subcritical),CAUTION,0.55,-0.0221,0.1147,0.1069,-0.0517,-0.0517,False,False,
PG,The Procter & Gamble Company,Consumer Staples,2023-Q3,2023-09-30,usd,1.25,2.0784,134.78404235839844,1866.0999755859375,63.88,22.42,21.64,23.07,317.67,32.75,0.5237,0.4029,0.0038,-37.7,0.2063,False,0.622,0.066,0.0927,2.286,0.9333,0.0803,0.8925,median,0.0249,0.1648,0.0721,Regime 2 (Subcritical),CAUTION,0.55,0.1317,0.2256,0.1116,-0.0151,-0.0151,False,False,
PG,The Procter & Gamble Company,Consumer Staples,2023-Q4,2023-12-31,usd,1.25,2.0784,136.26708984375,2071.800048828125,63.22,22.09,22.13,17.73,320.64,31.29,0.401,0.4056,0.0039,-36.8,0.2036,False,0.6323,-0.0427,-0.0189,-1.466,0.9132,0.0303,0.9566,median,0.0242,-0.0112,0.0077,Regime 2 (Subcritical),CAUTION,0.55,0.123,0.1513,0.0188,-0.0089,-0.0216,False,False,
PG,The Procter & Gamble Company,Consumer Staples,2024-Q1,2024-03-31,usd,1.25,2.0784,151.82859802246094,2217.39990234375,62.76,23.52,22.03,17.84,358.34,31.54,0.3917,0.4076,0.0041,-33.6,0.212,False,0.6489,0.08,0.1028,10.362,0.8807,0.0926,0.878,median,0.0216,0.1137,0.011,Regime 2 (Subcritical),CAUTION,0.55,0.0943,0.0875,-0.053,-0.0327,-0.1014,False,False,
PG,The Procter & Gamble Company,Consumer Staples,2024-Q2,2024-06-30,usd,1.25,2.0784,155.3236083984375,2339.60009765625,62.35,23.52,22.15,17.84,365.64,31.47,0.3906,0.4091,0.0056,-41.3,0.296,False,0.6523,0.0797,0.1004,15.729,0.9883,0.0797,0.8932,median,0.0195,0.1072,0.0068,Regime 2 (Subcritical),CAUTION,0.55,0.0543,0.003,-0.0502,-0.0139,-0.1189,False,False,
PG,The Procter & Gamble Company,Consumer Staples,2024-Q3,2024-09-30,usd,1.25,2.0784,164.10287475585938,2659.39990234375,63.02,22.08,22.51,23.19,386.47,32.7,0.5201,0.4101,0.004,-44.1,0.2681,False,0.6545,0.1803,0.1976,100.0,1.0605,0.2344,0.7399,median,0.0176,0.196,-0.0016,Regime 3 (Parasitic),DANGER,0.73,-0.0042,-0.0904,-0.0976,-0.1093,-0.1771,False,False,True
PG,The Procter & Gamble Company,Consumer Staples,2024-Q4,2024-12-31,usd,1.25,2.0784,159.77828979492188,2641.0,61.73,22.89,22.07,22.96,374.66,32.42,0.5107,0.412,0.0038,-39.5,0.2441,False,0.6509,0.1036,0.1204,4.417,1.0338,0.0849,0.887,median,0.0157,0.1557,0.0353,Regime 2 (Subcritical),CAUTION,0.55,-0.0265,-0.1226,-0.0732,-0.153,-0.1549,False,False,
PG,The Procter & Gamble Company,Consumer Staples,2025-Q1,2025-03-31,usd,1.25,2.0784,163.40863037109375,3122.800048828125,62.31,22.1,22.73,18.23,383.12,31.34,0.4067,0.4146,0.0043,-38.6,0.2458,False,0.6598,0.0559,0.0731,100.0,1.3186,0.0475,0.9335,median,0.0168,0.0669,-0.0062,Regime 2 (Subcritical),CAUTION,0.55,-0.0873,-0.1292,-0.0937,-0.1736,-0.1736,False,False,
PG,The Procter & Gamble Company,Consumer Staples,2025-Q2,2025-06-30,usd,1.25,2.0784,153.71754455566406,3307.699951171875,63.56,22.1,23.9,18.23,360.06,31.95,0.3964,0.4165,0.0056,-33.8,0.2733,False,0.6476,-0.0489,-0.0305,-1.013,1.2442,0.0613,0.9158,median,0.018,-0.0154,0.0152,Regime 2 (Subcritical),CAUTION,0.55,-0.08,-0.0531,-0.0366,-0.1215,-0.1215,False,False,
PG,The Procter & Gamble Company,Consumer Staples,2025-Q3,2025-09-30,usd,1.25,2.0784,149.26072692871094,3873.199951171875,63.46,22.57,24.12,23.42,348.78,33.39,0.5017,0.4179,0.0039,-38.6,0.2368,False,0.6345,-0.1428,-0.1237,-4.873,1.2548,0.0277,0.9601,median,0.0189,-0.1026,0.0211,Regime 2 (Subcritical),CAUTION,0.55,-0.0466,-0.0078,-0.0078,-0.0953,-0.0953,False,False,
PG,The Procter & Gamble Company,Consumer Staples,2025-Q4,2025-12-31,usd,1.25,2.0784,140.18963623046875,4341.10009765625,63.4,24.03,24.49,21.46,325.8,33.35,0.4424,0.4199,0.0039,-36.2,0.2485,False,0.6228,-0.1872,-0.168,-4.934,1.4123,0.0216,0.9685,median,0.0189,-0.1397,0.0283,Regime 2 (Subcritical),CAUTION,0.55,0.0439,0.0564,0.0564,-0.0368,-0.0368,False,False,
PG,The Procter & Gamble Company,Consumer Staples,2026-Q1,2026-03-31,usd,1.25,2.0784,142.29823303222656,4647.60009765625,62.89,23.74,24.57,18.3,331.36,32.38,0.3788,0.4216,0.0041,-33.9,0.2724,False,0.6314,-0.1951,-0.1777,-4.463,1.2793,0.0296,0.9575,median,0.0169,-0.1452,0.0325,Regime 2 (Subcritical),CAUTION,0.55,0.0407,0.0407,0.0407,-0.0221,-0.0221,False,False,
PG,The Procter & Gamble Company,Consumer Staples,2026-Q2,2026-06-30,usd,1.25,2.0784,145.55343627929688,4038.5,62.72,23.74,25.36,18.3,338.33,32.53,0.3728,0.4227,0.0057,-38.7,0.2638,False,0.6341,-0.0956,-0.0804,-3.427,1.0102,0.0203,0.9705,median,0.0146,-0.0623,0.0182,Regime 2 (Subcritical),CAUTION,0.55,0.0174,0.0174,0.0174,-0.02,-0.02,False,False,
KO,The Coca-Cola Company,Consumer Staples,2017-Q1,2017-03-31,usd,1.25,2.0784,31.667932510375977,1247.300048828125,10.01,13.26,9.75,22.42,135.3,13.86,0.9745,0.9503,0.0029,-175.9,0.4189,False,0.6207,0.0799,0.1348,1.0,0.8662,-0.0342,1.0,median,0.056,-0.0074,-0.1422,Regime 2 (Subcritical),CAUTION,0.55,0.0778,0.0577,0.1806,-0.0007,-0.0007,False,False,
KO,The Coca-Cola Company,Consumer Staples,2017-Q2,2017-06-30,usd,1.25,2.0784,33.74162673950195,1240.699951171875,9.45,12.57,8.67,24.17,143.92,13.72,1.138,0.9549,0.0033,-169.3,0.4227,False,0.6345,0.2078,0.2682,100.0,0.84,-0.0019,1.0,median,0.0607,0.0566,-0.2116,Regime 3 (Parasitic),DANGER,0.758,0.0396,0.0115,0.2135,-0.0502,-0.0502,False,False,False
KO,The Coca-Cola Company,Consumer Staples,2017-Q3,2017-09-30,usd,1.25,2.0784,34.13145065307617,1281.5,9.47,12.81,8.31,22.73,145.42,13.33,1.0764,0.9689,0.0068,-167.7,0.4639,False,0.6407,0.2292,0.2665,100.0,0.8398,0.0145,0.9786,median,0.0365,0.0828,-0.1838,Regime 3 (Parasitic),DANGER,0.779,-0.014,0.067,0.298,-0.0567,-0.0567,False,False,False
KO,The Coca-Cola Company,Consumer Staples,2017-Q4,2017-12-31,usd,1.25,2.0784,35.076412200927734,1306.300048828125,9.66,12.81,8.2,22.73,149.63,13.35,1.0817,0.9815,0.0032,-27.5,0.3043,False,0.6451,0.2668,0.3074,100.0,0.9512,0.134,0.8327,median,0.0391,0.1279,-0.1794,Regime 3 (Parasitic),DANGER,0.817,-0.0197,0.0757,0.2973,-0.0796,-0.0796,False,False,False
KO,The Coca-Cola Company,Consumer Staples,2018-Q1,2018-03-31,usd,1.25,2.0784,33.496421813964844,1322.800048828125,9.91,10.16,7.98,19.55,142.54,11.9,1.0778,0.9927,0.0084,-196.1,0.3923,False,0.6551,0.1613,0.2044,100.0,0.9488,0.0628,0.9139,median,0.0436,0.0521,-0.1523,Regime 3 (Parasitic),DANGER,0.711,0.1014,0.1361,0.1256,-0.0262,-0.0605,False,False,False
KO,The Coca-Cola Company,Consumer Staples,2018-Q2,2018-06-30,usd,1.25,2.0784,34.12935256958008,1251.300048828125,9.86,10.89,7.69,22.7,145.15,12.79,1.2217,1.0023,0.0065,-160.9,0.4314,False,0.6475,0.028,0.0787,100.0,0.8991,0.0421,0.9406,median,0.0485,0.0085,-0.0702,Regime 2 (Subcritical),CAUTION,0.55,0.0966,0.2027,0.0824,0.0,-0.0918,False,False,
KO,The Coca-Cola Company,Consumer Staples,2018-Q3,2018-09-30,usd,1.25,2.0784,36.24815368652344,1191.5,9.86,10.02,7.4,20.74,154.29,12.01,1.1905,1.0151,0.0072,-188.6,0.4339,False,0.6657,0.115,0.1639,100.0,0.8039,0.1073,0.8613,median,0.0466,0.0592,-0.1047,Regime 2 (Subcritical),CAUTION,0.55,0.0306,0.2154,0.1292,-0.0344,-0.1478,False,False,
KO,The Coca-Cola Company,Consumer Staples,2018-Q4,2018-12-31,usd,1.25,2.0784,37.452308654785156,1278.300048828125,10.43,10.02,8.23,20.74,160.12,12.36,1.1365,1.0282,0.0033,-32.2,0.3624,False,0.6667,0.1005,0.1452,100.0,1.0437,-0.0618,1.0,median,0.0465,0.0677,-0.0775,Regime 2 (Subcritical),CAUTION,0.55,0.1079,0.206,0.2268,-0.0562,-0.1744,False,False,
KO,The Coca-Cola Company,Consumer Staples,2019-Q1,2019-03-31,usd,1.25,2.0784,37.388301849365234,1293.0,12.96,10.27,8.87,20.12,159.5,13.05,1.0515,1.0395,0.0075,-194.6,0.3854,False,0.6578,-0.0222,0.0199,1.215,0.9107,0.0813,0.8914,median,0.0461,0.1125,0.0926,Regime 2 (Subcritical),CAUTION,0.55,0.1801,-0.0063,0.2134,-0.1706,-0.1706,False,False,
KO,The Coca-Cola Company,Consumer Staples,2019-Q2,2019-06-30,usd,1.25,2.0784,40.94481658935547,1409.699951171875,16.84,11.98,10.25,24.3,175.08,15.85,1.0929,1.0473,0.0062,-173.5,0.4051,False,0.6421,-0.0656,-0.0271,0.874,1.041,0.0206,0.97,median,0.0439,0.1875,0.2146,Regime 2 (Subcritical),CAUTION,0.55,0.0886,-0.1119,0.113,-0.2548,-0.2548,True,True,
KO,The Coca-Cola Company,Consumer Staples,2019-Q3,2019-09-30,usd,1.25,2.0784,44.09530258178711,1465.699951171875,16.46,12.46,10.22,22.96,188.93,15.53,1.0123,1.0536,0.0063,-187.5,0.4037,False,0.6571,-0.0866,-0.0546,0.788,1.2042,-0.001,1.0,median,0.0372,0.2025,0.2571,Regime 2 (Subcritical),CAUTION,0.55,-0.1599,-0.071,0.0375,-0.2988,-0.2988,True,True,
KO,The Coca-Cola Company,Consumer Staples,2019-Q4,2019-12-31,usd,1.25,2.0784,45.16727828979492,1519.5,17.28,12.46,10.84,22.96,193.78,15.89,0.9853,1.0572,0.0031,-39.3,0.305,False,0.6574,-0.0844,-0.0604,0.759,0.9223,0.2442,0.7319,median,0.0278,0.1908,0.2512,Regime 2 (Subcritical),CAUTION,0.55,-0.1783,0.0172,0.1329,-0.3155,-0.3155,True,True,
KO,The Coca-Cola Company,Consumer Staples,2020-Q1,2020-03-31,usd,1.25,2.0784,36.42601776123047,1583.4000244140625,16.67,10.59,10.99,20.92,156.45,14.79,0.9692,1.0584,0.0075,-199.0,0.4221,False,0.6343,-0.1569,-0.1445,-0.155,1.3633,-0.1008,1.0,median,0.0181,-0.0194,0.1251,Regime 2 (Subcritical),CAUTION,0.55,0.1246,0.2314,0.4931,-0.0481,-0.0481,False,False,
KO,The Coca-Cola Company,Consumer Staples,2020-Q2,2020-06-30,usd,1.25,2.0784,37.11412048339844,1800.5,16.62,7.93,10.7,16.55,159.42,12.95,0.8884,1.0577,0.0091,-198.4,0.3004,False,0.6587,0.1014,0.1082,1.0,1.2425,0.0122,0.982,median,0.0099,-0.0937,-0.2019,Regime 2 (Subcritical),CAUTION,0.55,0.2309,0.25,0.4977,-0.0172,-0.0172,False,False,
KO,The Coca-Cola Company,Consumer Staples,2020-Q3,2020-09-30,usd,1.25,2.0784,41.34191131591797,1895.5,16.89,10.04,10.67,20.72,177.66,14.58,1.0006,1.0545,0.0077,-209.2,0.2113,False,0.6572,0.0008,0.0014,1.0,1.1182,0.0992,0.8705,median,0.0008,-0.0615,-0.0629,Regime 2 (Subcritical),CAUTION,0.55,0.085,0.0964,0.206,-0.0286,-0.0286,False,False,
KO,The Coca-Cola Company,Consumer Staples,2020-Q4,2020-12-31,usd,1.25,2.0784,46.28251647949219,1895.0999755859375,17.93,10.04,10.78,20.72,199.45,14.87,0.9953,1.0512,0.0035,-47.5,0.214,False,0.6709,0.099,0.095,100.0,1.0728,0.1158,0.852,median,-0.0057,0.0288,-0.0662,Regime 2 (Subcritical),CAUTION,0.55,-0.0004,0.1137,0.2319,-0.122,-0.122,False,False,
KO,The Coca-Cola Company,Consumer Staples,2021-Q1,2021-03-31,usd,1.25,2.0784,44.85514450073242,1713.800048828125,17.62,10.68,10.67,22.06,193.4,15.26,1.0333,1.048,0.0068,-159.2,0.2482,False,0.6631,0.1891,0.1813,6.892,0.7041,0.3339,0.6663,median,-0.0099,0.2121,0.0308,Regime 3 (Parasitic),DANGER,0.739,0.02,0.2125,0.249,-0.0038,-0.0038,False,False,False
KO,The Coca-Cola Company,Consumer Staples,2021-Q2,2021-06-30,usd,1.25,2.0784,46.39348220825195,1771.5999755859375,17.69,12.07,10.55,25.37,200.26,16.42,1.1217,1.0453,0.0061,-176.8,0.191,False,0.6577,0.0002,-0.0094,0.96,0.7098,0.2339,0.7403,median,-0.0118,0.2281,0.2375,Regime 2 (Subcritical),CAUTION,0.55,0.1062,0.1981,0.1813,-0.023,-0.023,False,False,
KO,The Coca-Cola Company,Consumer Staples,2021-Q3,2021-09-30,usd,1.25,2.0784,45.326881408691406,1757.0,17.95,12.49,10.06,24.26,195.79,16.19,1.076,1.0444,0.0062,-186.2,0.318,False,0.6563,0.0007,-0.0075,0.928,0.7237,0.1319,0.8348,median,-0.0096,0.0971,0.1047,Regime 2 (Subcritical),CAUTION,0.55,0.1999,0.1,0.1329,0.0,0.0,False,False,
KO,The Coca-Cola Company,Consumer Staples,2021-Q4,2021-12-31,usd,1.25,2.0784,51.54597854614258,1828.5999755859375,19.94,12.49,9.92,24.26,223.48,16.65,1.0826,1.0441,0.0032,-62.0,0.2758,False,0.6712,0.0064,0.0005,1.005,0.7604,0.1941,0.7745,median,-0.0068,0.1138,0.1132,Regime 2 (Subcritical),CAUTION,0.55,0.1036,0.1061,0.057,-0.0609,-0.0679,False,False,
KO,The Coca-Cola Company,Consumer Staples,2022-Q1,2022-03-31,usd,1.25,2.0784,54.38801193237305,1949.199951171875,20.35,11.87,9.78,25.6,235.77,16.9,1.1823,1.0443,0.0061,-172.3,0.3469,False,0.6765,0.099,0.0958,1.936,0.9974,0.0986,0.8711,median,-0.0035,0.1981,0.1024,Regime 2 (Subcritical),CAUTION,0.55,-0.0743,0.0301,0.0484,-0.11,-0.1166,False,False,
KO,The Coca-Cola Company,Consumer Staples,2022-Q2,2022-06-30,usd,1.25,2.0784,55.58501052856445,1807.300048828125,19.62,12.81,9.46,25.98,240.38,16.97,1.1664,1.0463,0.0056,-164.0,0.2919,False,0.6784,0.1488,0.1497,5.555,1.1582,-0.1299,1.0,median,0.0009,0.1826,0.0329,Regime 2 (Subcritical),CAUTION,0.55,0.0312,-0.014,0.0755,-0.1291,-0.1356,False,False,
KO,The Coca-Cola Company,Consumer Staples,2022-Q3,2022-09-30,usd,1.25,2.0784,49.85811996459961,1672.0,18.98,13.12,9.24,25.99,215.61,16.83,1.1623,1.0492,0.0057,-214.9,0.3481,False,0.6649,0.0522,0.0576,2.48,1.1432,-0.1785,1.0,median,0.0046,0.0965,0.0389,Regime 2 (Subcritical),CAUTION,0.55,0.1237,0.0299,0.3616,-0.0291,-0.0363,False,False,
KO,The Coca-Cola Company,Consumer Staples,2022-Q4,2022-12-31,usd,1.25,2.0784,57.01477813720703,1826.199951171875,19.24,13.12,9.84,25.99,246.69,17.05,1.132,1.0529,0.0029,-60.0,0.2851,False,0.681,0.0658,0.0753,4.209,1.2397,-0.1436,1.0,median,0.0084,0.0988,0.0235,Regime 2 (Subcritical),CAUTION,0.55,-0.0287,-0.0343,0.0475,-0.1484,-0.1484,False,False,
KO,The Coca-Cola Company,Consumer Staples,2023-Q1,2023-03-31,usd,1.25,2.0784,56.025062561035156,1969.0,19.29,12.74,9.85,26.65,242.28,17.13,1.1799,1.0567,0.0061,-191.6,0.353,False,0.6782,0.001,0.0136,1.998,1.1137,-0.0839,1.0,median,0.0117,0.0272,0.0136,Regime 2 (Subcritical),CAUTION,0.55,-0.0834,0.0177,0.2056,-0.1424,-0.1424,False,False,
KO,The Coca-Cola Company,Consumer Staples,2023-Q2,2023-06-30,usd,1.25,2.0784,54.80451965332031,1929.4000244140625,19.12,13.28,9.71,28.24,236.99,17.59,1.2284,1.061,0.0056,-189.8,0.2866,False,0.672,-0.066,-0.05,-0.396,0.908,0.0933,0.8772,median,0.014,-0.0142,0.0358,Regime 2 (Subcritical),CAUTION,0.55,-0.0058,0.0908,0.2405,-0.1233,-0.1233,False,False,
KO,The Coca-Cola Company,Consumer Staples,2023-Q3,2023-09-30,usd,1.25,2.0784,51.350006103515625,1866.0999755859375,18.67,14.67,8.86,29.18,222.01,17.85,1.2404,1.0664,0.0056,-220.1,0.357,False,0.661,-0.0506,-0.0293,0.499,0.9333,0.0803,0.8925,median,0.0162,0.0292,0.0585,Regime 2 (Subcritical),CAUTION,0.55,0.1204,0.334,0.2641,-0.0559,-0.0559,False,False,
KO,The Coca-Cola Company,Consumer Staples,2023-Q4,2023-12-31,usd,1.25,2.0784,54.48644256591797,2071.800048828125,18.71,14.67,9.24,29.18,234.97,17.95,1.2209,1.0725,0.0027,-51.1,0.3319,False,0.6681,-0.1226,-0.1003,-0.942,0.9132,0.0303,0.9566,median,0.0184,-0.0487,0.0516,Regime 2 (Subcritical),CAUTION,0.55,0.0809,0.0686,0.2427,-0.0217,-0.0217,False,False,
KO,The Coca-Cola Company,Consumer Staples,2024-Q1,2024-03-31,usd,1.25,2.0784,57.01924514770508,2217.39990234375,18.7,13.4,9.31,28.26,245.64,17.42,1.2444,1.0789,0.006,-277.6,0.2518,False,0.678,-0.0278,-0.0028,0.833,0.8807,0.0926,0.878,median,0.0209,0.0137,0.0165,Regime 2 (Subcritical),CAUTION,0.55,0.2004,0.2156,0.3282,-0.0432,-0.0432,False,False,
KO,The Coca-Cola Company,Consumer Staples,2024-Q2,2024-06-30,usd,1.25,2.0784,59.781558990478516,2339.60009765625,18.8,14.2,9.51,30.2,257.65,18.18,1.2742,1.0858,0.0056,-291.8,0.3024,False,0.6787,0.0221,0.0506,2.537,0.9883,0.0797,0.8932,median,0.0231,0.0836,0.0329,Regime 2 (Subcritical),CAUTION,0.55,0.0012,0.1507,0.3593,-0.0251,-0.0251,False,False,
KO,The Coca-Cola Company,Consumer Staples,2024-Q3,2024-09-30,usd,1.25,2.0784,67.95527648925781,2659.39990234375,19.15,14.54,9.86,28.76,292.74,18.08,1.1783,1.0933,0.0061,-341.5,0.2754,False,0.6943,0.2344,0.2636,21.344,1.0605,0.2344,0.7399,median,0.025,0.2766,0.013,Regime 3 (Parasitic),DANGER,0.784,0.0116,-0.0493,0.3076,-0.1474,-0.1474,False,False,True
KO,The Coca-Cola Company,Consumer Staples,2024-Q4,2024-12-31,usd,1.25,2.0784,59.323486328125,2641.0,18.14,14.54,10.3,28.76,255.15,17.94,1.1575,1.1002,0.0029,-86.0,0.304,False,0.679,0.0517,0.0832,100.0,1.0338,0.0849,0.887,median,0.0255,0.0824,-0.0008,Regime 2 (Subcritical),CAUTION,0.55,0.1679,0.156,0.4978,-0.0233,-0.0233,False,False,
KO,The Coca-Cola Company,Consumer Staples,2025-Q1,2025-03-31,usd,1.25,2.0784,68.7456283569336,3122.800048828125,18.33,12.94,10.43,27.86,295.9,17.39,1.1925,1.1062,0.0063,-216.4,0.3381,False,0.6997,0.1594,0.1877,100.0,1.3186,0.0475,0.9335,median,0.025,0.1862,-0.0016,Regime 3 (Parasitic),DANGER,0.759,-0.0642,0.0926,0.2925,-0.0695,-0.0695,False,False,False
KO,The Coca-Cola Company,Consumer Staples,2025-Q2,2025-06-30,usd,1.25,2.0784,68.39337921142578,3307.699951171875,18.66,13.88,10.78,31.28,294.34,18.65,1.2684,1.112,0.0057,-201.1,0.3429,False,0.6916,0.0799,0.1072,5.139,1.2442,0.0613,0.9158,median,0.0238,0.1331,0.0259,Regime 2 (Subcritical),CAUTION,0.55,0.0063,0.1812,0.2992,-0.0647,-0.0647,False,False,
KO,The Coca-Cola Company,Consumer Staples,2025-Q3,2025-09-30,usd,1.25,2.0784,64.60261535644531,3873.199951171875,18.66,14.47,10.9,30.63,277.9,18.67,1.2072,1.1182,0.0058,-216.4,0.3579,False,0.6847,-0.1101,-0.0841,-1.625,1.2548,0.0277,0.9601,median,0.0225,-0.052,0.032,Regime 2 (Subcritical),CAUTION,0.55,0.1627,0.3754,0.3754,-0.0033,-0.0033,False,False,
KO,The Coca-Cola Company,Consumer Staples,2025-Q4,2025-12-31,usd,1.25,2.0784,68.57797241210938,4341.10009765625,15.49,14.47,9.61,30.63,294.93,17.55,1.2718,1.124,0.0028,-46.3,0.3327,False,0.6986,0.1404,0.1666,100.0,1.4123,0.0216,0.9685,median,0.0215,0.1449,-0.0217,Regime 3 (Parasitic),DANGER,0.74,0.1783,0.2957,0.2957,-0.0339,-0.0339,False,False,False
KO,The Coca-Cola Company,Consumer Staples,2026-Q1,2026-03-31,usd,1.25,2.0784,75.11393737792969,4647.60009765625,15.41,13.89,9.52,31.41,323.18,17.56,1.3416,1.1302,0.0057,-164.4,0.3861,False,0.7078,0.0525,0.0787,9.268,1.2793,0.0296,0.9575,median,0.0215,0.0882,0.0095,Regime 2 (Subcritical),CAUTION,0.55,0.1829,0.1829,0.1829,-0.0187,-0.0187,False,False,
KO,The Coca-Cola Company,Consumer Staples,2026-Q2,2026-06-30,usd,1.25,2.0784,80.78792572021484,4038.5,15.41,13.89,9.52,31.41,347.59,17.56,1.3416,1.1373,0.0027,0.0,0.2461,False,0.7146,0.199,0.2268,100.0,1.0102,0.0203,0.9705,median,0.0225,0.1663,-0.0605,Regime 3 (Parasitic),DANGER,0.749,0.0999,0.0999,0.0999,-0.0012,-0.0012,False,False,False
PEP,"PepsiCo, Inc.",Consumer Staples,2017-Q1,2017-03-31,usd,1.25,2.0784,83.23705291748047,1247.300048828125,15.84,19.27,16.65,27.05,118.9,19.7,0.7532,0.829,0.0042,-169.0,0.4399,False,0.5042,-0.0691,0.038,20.544,0.8662,-0.0342,1.0,median,0.1175,0.0399,0.0019,Regime 2 (Subcritical),CAUTION,0.55,0.01,0.0036,0.165,-0.024,-0.1159,False,False,
PEP,"PepsiCo, Inc.",Consumer Staples,2017-Q2,2017-06-30,usd,1.25,2.0784,86.52845764160156,1240.699951171875,15.91,22.59,16.74,34.62,123.35,22.47,0.8801,0.8275,0.0034,-132.3,0.4576,False,0.4792,-0.0468,0.0648,5.208,0.84,-0.0019,1.0,median,0.1156,0.0803,0.0154,Regime 2 (Subcritical),CAUTION,0.55,0.0529,-0.0282,0.208,-0.1495,-0.1495,False,False,
PEP,"PepsiCo, Inc.",Consumer Staples,2017-Q3,2017-09-30,usd,1.25,2.0784,84.07078552246094,1281.5,16.03,23.46,16.96,35.5,119.56,22.99,0.8782,0.8302,0.0033,-141.2,0.4659,False,0.4626,-0.0189,0.0284,2.856,0.8398,0.0145,0.9786,median,0.0484,0.0438,0.0153,Regime 2 (Subcritical),CAUTION,0.55,0.0147,0.0575,0.3366,-0.1061,-0.1061,False,False,
PEP,"PepsiCo, Inc.",Consumer Staples,2017-Q4,2017-12-31,usd,1.25,2.0784,91.10396575927734,1306.300048828125,16.01,23.46,17.24,35.5,129.36,23.05,0.8721,0.8341,0.0018,-18.0,0.5302,False,0.4859,0.1219,0.144,10.674,0.9512,0.134,0.8327,median,0.0225,0.1588,0.0149,Regime 3 (Parasitic),DANGER,0.672,-0.0625,-0.0331,0.2316,-0.1795,-0.1795,False,False,True
PEP,"PepsiCo, Inc.",Consumer Staples,2018-Q1,2018-03-31,usd,1.25,2.0784,83.53475952148438,1322.800048828125,16.05,20.4,17.14,27.63,118.44,20.3,0.7359,0.8379,0.0045,-176.8,0.4547,False,0.4941,-0.0442,-0.034,-0.13,0.9488,0.0628,0.9139,median,0.0107,-0.0039,0.03,Regime 2 (Subcritical),CAUTION,0.55,0.0627,0.1836,0.2462,-0.1017,-0.1017,False,False,
PEP,"PepsiCo, Inc.",Consumer Staples,2018-Q2,2018-06-30,usd,1.25,2.0784,84.08678436279297,1251.300048828125,15.76,23.2,16.76,35.31,118.93,22.76,0.8836,0.8363,0.0033,-139.7,0.465,False,0.4643,-0.0604,-0.0494,-2.829,0.8991,0.0421,0.9406,median,0.0106,-0.0365,0.0129,Regime 2 (Subcritical),CAUTION,0.55,0.024,0.2355,0.2706,-0.0329,-0.0329,False,False,
PEP,"PepsiCo, Inc.",Consumer Staples,2018-Q3,2018-09-30,usd,1.25,2.0784,87.06402587890625,1191.5,15.53,24.46,16.54,35.83,122.9,23.09,0.874,0.8368,0.0031,-146.6,0.405,False,0.4705,0.0144,0.023,6.155,0.8039,0.1073,0.8613,median,0.0079,0.0275,0.0045,Regime 2 (Subcritical),CAUTION,0.55,0.1248,0.2763,0.3139,-0.051,-0.051,False,False,
PEP,"PepsiCo, Inc.",Consumer Staples,2018-Q4,2018-12-31,usd,1.25,2.0784,86.71922302246094,1278.300048828125,16.45,24.46,17.59,42.35,121.81,25.21,1.0073,0.8382,0.0027,-29.4,0.3273,False,0.4433,-0.1547,-0.1497,-0.671,1.0437,-0.0618,1.0,median,0.0049,-0.0601,0.0896,Regime 1 (Virtuous),HEALTHY,0.645,0.2121,0.2738,0.4129,-0.0286,-0.0286,False,False,True
PEP,"PepsiCo, Inc.",Consumer Staples,2019-Q1,2019-03-31,usd,1.25,2.0784,96.97339630126953,1293.0,16.59,20.75,17.55,28.78,135.94,20.92,0.7515,0.8435,0.004,-196.6,0.2715,False,0.5253,0.1019,0.108,4.626,0.9107,0.0813,0.8914,median,0.0066,0.1378,0.0298,Regime 2 (Subcritical),CAUTION,0.55,0.1274,0.0576,0.2379,-0.124,-0.124,False,False,
PEP,"PepsiCo, Inc.",Consumer Staples,2019-Q2,2019-06-30,usd,1.25,2.0784,104.52242279052734,1409.699951171875,17.07,25.26,17.44,36.18,146.14,23.99,0.8472,0.8448,0.0031,-153.8,0.1992,False,0.5095,0.1436,0.1534,3.912,1.041,0.0206,0.97,median,0.0102,0.2061,0.0527,Regime 2 (Subcritical),CAUTION,0.55,0.0576,0.0226,0.1806,-0.1955,-0.1955,False,False,
PEP,"PepsiCo, Inc.",Consumer Staples,2019-Q3,2019-09-30,usd,1.25,2.0784,110.03627014160156,1465.699951171875,16.77,26.56,17.59,37.98,153.44,24.72,0.8603,0.8458,0.0031,-160.7,0.2484,False,0.5155,0.1435,0.1535,3.245,1.2042,-0.001,1.0,median,0.0107,0.222,0.0684,Regime 2 (Subcritical),CAUTION,0.55,-0.0721,0.0295,0.1769,-0.2315,-0.2315,True,True,
PEP,"PepsiCo, Inc.",Consumer Staples,2019-Q4,2019-12-31,usd,1.25,2.0784,110.45942687988281,1519.5,16.93,26.56,19.3,45.18,153.49,26.99,0.9851,0.8468,0.0026,-31.8,0.2627,False,0.493,0.1534,0.1629,3.387,0.9223,0.2442,0.7319,median,0.0101,0.2311,0.0682,Regime 2 (Subcritical),CAUTION,0.55,-0.0182,0.1093,0.3382,-0.2344,-0.2344,True,True,
PEP,"PepsiCo, Inc.",Consumer Staples,2020-Q1,2020-03-31,usd,1.25,2.0784,97.7226333618164,1583.4000244140625,16.91,23.32,18.98,31.02,135.59,22.56,0.7332,0.85,0.0042,-187.7,0.3537,False,0.5034,-0.0839,-0.078,-0.034,1.3633,-0.1008,1.0,median,0.0077,-0.0026,0.0754,Regime 2 (Subcritical),CAUTION,0.55,0.1592,0.2136,0.4759,-0.0165,-0.0165,False,False,
PEP,"PepsiCo, Inc.",Consumer Staples,2020-Q2,2020-06-30,usd,1.25,2.0784,108.4522705078125,1800.5,19.31,26.15,19.19,35.43,150.17,25.02,0.7814,0.8503,0.0038,-166.3,0.3157,False,0.5036,-0.0201,-0.0149,0.646,1.2425,0.0122,0.982,median,0.0065,0.0272,0.0421,Regime 2 (Subcritical),CAUTION,0.55,0.1306,0.1538,0.3334,-0.0096,-0.0096,False,False,
PEP,"PepsiCo, Inc.",Consumer Staples,2020-Q3,2020-09-30,usd,1.25,2.0784,114.46827697753906,1895.5,20.12,27.7,19.73,39.74,158.19,26.82,0.838,0.8494,0.0035,-170.0,0.309,False,0.4995,-0.0543,-0.0509,0.375,1.1182,0.0992,0.8705,median,0.0043,0.0305,0.0814,Regime 2 (Subcritical),CAUTION,0.55,0.036,0.1173,0.2459,-0.0616,-0.0616,False,False,
PEP,"PepsiCo, Inc.",Consumer Staples,2020-Q4,2020-12-31,usd,1.25,2.0784,123.35194396972656,1895.0999755859375,20.46,27.7,21.37,39.74,170.18,27.32,0.8099,0.8486,0.0019,-19.9,0.3109,False,0.5147,0.0896,0.0913,8.664,1.0728,0.1158,0.852,median,0.0021,0.1032,0.0119,Regime 2 (Subcritical),CAUTION,0.55,0.0147,0.2056,0.2873,-0.1292,-0.1292,False,False,
PEP,"PepsiCo, Inc.",Consumer Staples,2021-Q1,2021-03-31,usd,1.25,2.0784,118.59378814697266,1713.800048828125,20.47,23.35,21.25,32.6,163.85,24.42,0.7309,0.8474,0.0042,-184.3,0.2772,False,0.5336,0.1127,0.1101,2.39,0.7041,0.3339,0.6663,median,-0.0031,0.1893,0.0792,Regime 2 (Subcritical),CAUTION,0.55,0.092,0.2162,0.3603,-0.0012,-0.0012,False,False,
PEP,"PepsiCo, Inc.",Consumer Staples,2021-Q2,2021-06-30,usd,1.25,2.0784,125.13549041748047,1771.5999755859375,20.58,28.83,21.62,41.35,172.95,28.09,0.8196,0.8448,0.0033,-147.6,0.2357,False,0.5117,0.031,0.0253,1.219,0.7098,0.2339,0.7403,median,-0.0065,0.1413,0.1159,Regime 2 (Subcritical),CAUTION,0.55,0.1833,0.1556,0.319,0.0,0.0,False,False,
PEP,"PepsiCo, Inc.",Consumer Staples,2021-Q3,2021-09-30,usd,1.25,2.0784,127.89797973632812,1757.0,20.11,30.54,21.26,43.18,176.84,28.77,0.8336,0.8425,0.0032,-152.6,0.2513,False,0.512,0.0485,0.0411,1.585,0.7237,0.1319,0.8348,median,-0.0082,0.1114,0.0703,Regime 2 (Subcritical),CAUTION,0.55,0.1277,0.115,0.1888,-0.0014,-0.0014,False,False,
PEP,"PepsiCo, Inc.",Consumer Staples,2021-Q4,2021-12-31,usd,1.25,2.0784,148.70877075195312,1828.5999755859375,19.92,30.54,22.41,43.18,205.73,29.01,0.8155,0.8406,0.0018,-21.4,0.1642,False,0.55,0.1378,0.1295,3.149,0.7604,0.1941,0.7745,median,-0.0094,0.1897,0.0602,Regime 2 (Subcritical),CAUTION,0.55,-0.0116,0.0678,0.0327,-0.1092,-0.1092,False,False,
PEP,"PepsiCo, Inc.",Consumer Staples,2022-Q1,2022-03-31,usd,1.25,2.0784,144.23223876953125,1949.199951171875,19.61,27.29,22.02,35.07,199.43,26.0,0.7112,0.8389,0.0039,-191.7,0.2052,False,0.568,0.1432,0.1338,3.133,0.9974,0.0986,0.8711,median,-0.0101,0.1965,0.0627,Regime 2 (Subcritical),CAUTION,0.55,0.0091,0.1185,0.1055,-0.0608,-0.0608,False,False,
PEP,"PepsiCo, Inc.",Consumer Staples,2022-Q2,2022-06-30,usd,1.25,2.0784,144.61068725585938,1807.300048828125,19.89,29.55,22.69,43.24,199.58,28.84,0.8277,0.8359,0.0032,-154.2,0.2511,False,0.5438,0.1276,0.1168,5.436,1.1582,-0.1299,1.0,median,-0.0105,0.1432,0.0263,Regime 2 (Subcritical),CAUTION,0.55,0.1061,0.1413,0.0473,-0.0238,-0.0238,False,False,
PEP,"PepsiCo, Inc.",Consumer Staples,2022-Q3,2022-09-30,usd,1.25,2.0784,142.61256408691406,1672.0,19.7,33.18,22.8,46.65,196.48,30.58,0.8334,0.8335,0.0029,-155.2,0.2454,False,0.5249,0.0568,0.0443,1.727,1.1432,-0.1785,1.0,median,-0.0107,0.1053,0.061,Regime 2 (Subcritical),CAUTION,0.55,0.1312,0.0662,0.103,-0.0101,-0.0101,False,False,
PEP,"PepsiCo, Inc.",Consumer Staples,2022-Q4,2022-12-31,usd,1.25,2.0784,158.7963409423828,1826.199951171875,19.48,33.18,24.29,46.65,218.7,30.9,0.8117,0.8317,0.0016,-19.9,0.1349,False,0.55,0.0103,-0.0019,0.97,1.2397,-0.1436,1.0,median,-0.0107,0.0611,0.063,Regime 2 (Subcritical),CAUTION,0.55,0.0466,-0.0262,-0.1022,-0.1005,-0.1047,False,False,
PEP,"PepsiCo, Inc.",Consumer Staples,2023-Q1,2023-03-31,usd,1.25,2.0784,161.3206787109375,1969.0,19.34,28.92,24.23,39.43,222.25,27.98,0.742,0.83,0.0036,-181.3,0.2402,False,0.5766,0.0459,0.0348,1.474,1.1137,-0.0839,1.0,median,-0.0106,0.1084,0.0735,Regime 2 (Subcritical),CAUTION,0.55,-0.0575,-0.0116,-0.1289,-0.1207,-0.1749,False,False,
PEP,"PepsiCo, Inc.",Consumer Staples,2023-Q2,2023-06-30,usd,1.25,2.0784,165.0496368408203,1929.4000244140625,19.23,34.17,24.5,48.8,227.2,31.68,0.8319,0.8277,0.0029,-144.7,0.2202,False,0.5538,0.0474,0.036,1.385,0.908,0.0933,0.8772,median,-0.0099,0.1297,0.0936,Regime 2 (Subcritical),CAUTION,0.55,-0.0695,-0.0824,-0.2444,-0.1405,-0.2673,False,True,
PEP,"PepsiCo, Inc.",Consumer Staples,2023-Q3,2023-09-30,usd,1.25,2.0784,152.05026245117188,1866.0999755859375,19.1,35.03,24.85,51.11,209.05,32.52,0.8536,0.8259,0.0029,-155.4,0.2797,False,0.5259,0.0119,0.0005,1.008,0.9333,0.0803,0.8925,median,-0.0092,0.062,0.0615,Regime 2 (Subcritical),CAUTION,0.55,0.0504,0.0362,-0.1126,-0.0656,-0.2034,False,True,
PEP,"PepsiCo, Inc.",Consumer Staples,2023-Q4,2023-12-31,usd,1.25,2.0784,153.57138061523438,2071.800048828125,18.93,35.03,27.04,51.11,211.07,33.03,0.8235,0.8248,0.0016,-20.8,0.2028,False,0.524,-0.0928,-0.102,-0.534,0.9132,0.0303,0.9566,median,-0.0083,-0.0355,0.0665,Regime 2 (Subcritical),CAUTION,0.55,-0.0313,-0.0945,-0.1052,-0.097,-0.2266,False,True,
PEP,"PepsiCo, Inc.",Consumer Staples,2024-Q1,2024-03-31,usd,1.25,2.0784,159.4537353515625,2217.39990234375,18.82,29.14,26.79,40.01,219.21,28.69,0.7153,0.8239,0.0038,-182.7,0.2816,False,0.5675,-0.031,-0.0388,-0.548,0.8807,0.0926,0.878,median,-0.0074,-0.0138,0.0251,Regime 2 (Subcritical),CAUTION,0.55,-0.0019,-0.1044,-0.0352,-0.1554,-0.2327,False,True,
PEP,"PepsiCo, Inc.",Consumer Staples,2024-Q2,2024-06-30,usd,1.25,2.0784,151.45462036132812,2339.60009765625,18.8,34.14,27.04,50.33,208.03,32.58,0.8226,0.822,0.003,-156.2,0.2118,False,0.5236,-0.1083,-0.1162,-3.143,0.9883,0.0797,0.8932,median,-0.0068,-0.0881,0.028,Regime 2 (Subcritical),CAUTION,0.55,-0.0462,-0.1599,-0.1044,-0.1916,-0.1916,False,False,
PEP,"PepsiCo, Inc.",Consumer Staples,2024-Q3,2024-09-30,usd,1.25,2.0784,157.34539794921875,2659.39990234375,18.84,36.2,27.19,51.69,215.88,33.48,0.8154,0.8205,0.003,-159.4,0.2489,False,0.5265,0.0104,0.0031,1.107,1.0605,0.2344,0.7399,median,-0.0065,0.0321,0.029,Regime 2 (Subcritical),CAUTION,0.55,-0.1029,-0.1422,-0.166,-0.2315,-0.2315,True,True,
PEP,"PepsiCo, Inc.",Consumer Staples,2024-Q4,2024-12-31,usd,1.25,2.0784,141.89749145507812,2641.0,18.64,36.2,28.01,51.69,194.61,33.63,0.805,0.8193,0.0016,-18.6,0.1753,False,0.496,-0.0915,-0.0995,-4.447,1.0338,0.0849,0.887,median,-0.0067,-0.0812,0.0183,Regime 2 (Subcritical),CAUTION,0.55,-0.0928,-0.0184,-0.0752,-0.1478,-0.1478,False,False,
PEP,"PepsiCo, Inc.",Consumer Staples,2025-Q1,2025-03-31,usd,1.25,2.0784,141.15625,3122.800048828125,19.52,29.64,28.21,39.97,193.54,29.34,0.6909,0.8182,0.0039,-193.0,0.2799,False,0.5298,-0.1396,-0.1469,-5.589,1.3186,0.0475,0.9335,median,-0.007,-0.1246,0.0223,Regime 2 (Subcritical),CAUTION,0.55,-0.0457,0.0772,-0.0704,-0.1433,-0.1433,False,False,
PEP,"PepsiCo, Inc.",Consumer Staples,2025-Q2,2025-06-30,usd,1.25,2.0784,125.66881561279297,3307.699951171875,20.26,35.09,28.8,49.69,172.05,33.46,0.7777,0.816,0.0032,-158.2,0.235,False,0.4582,-0.2084,-0.2167,-7.095,1.2442,0.0613,0.9158,median,-0.0074,-0.1899,0.0268,Regime 2 (Subcritical),CAUTION,0.55,0.1139,0.066,0.0442,0.0,0.0,False,False,
PEP,"PepsiCo, Inc.",Consumer Staples,2025-Q3,2025-09-30,usd,1.25,2.0784,134.97103881835938,3873.199951171875,19.34,36.49,29.05,51.3,184.55,34.05,0.7827,0.8138,0.003,-153.4,0.265,False,0.4757,-0.1642,-0.1735,-9.381,1.2548,0.0277,0.9601,median,-0.0082,-0.1568,0.0167,Regime 2 (Subcritical),CAUTION,0.55,0.1265,-0.0278,-0.0278,-0.0399,-0.0399,False,False,
PEP,"PepsiCo, Inc.",Consumer Staples,2025-Q4,2025-12-31,usd,1.25,2.0784,139.2801971435547,4341.10009765625,19.42,36.49,29.91,51.3,190.35,34.28,0.7726,0.8118,0.0017,-19.3,0.2013,False,0.4828,-0.0307,-0.041,-1.173,1.4123,0.0216,0.9685,median,-0.0092,-0.0222,0.0189,Regime 2 (Subcritical),CAUTION,0.55,0.0028,-0.0578,-0.0578,-0.0696,-0.0696,False,False,
PEP,"PepsiCo, Inc.",Consumer Staples,2026-Q1,2026-03-31,usd,1.25,2.0784,152.0488739013672,4647.60009765625,20.23,30.07,29.81,42.92,207.82,30.76,0.7168,0.8097,0.0039,-189.9,0.299,False,0.5365,0.0346,0.0239,1.504,1.2793,0.0296,0.9575,median,-0.0104,0.0712,0.0473,Regime 2 (Subcritical),CAUTION,0.55,-0.137,-0.137,-0.137,-0.1477,-0.1477,False,False,
PEP,"PepsiCo, Inc.",Consumer Staples,2026-Q2,2026-06-30,usd,1.25,2.0784,133.9688262939453,4038.5,20.28,36.35,29.77,52.44,182.85,34.71,0.7931,0.8072,0.0032,-146.6,0.2771,False,0.4666,0.0365,0.0242,1.658,1.0102,0.0203,0.9705,median,-0.0108,0.0609,0.0367,Regime 2 (Subcritical),CAUTION,0.55,-0.0205,-0.0205,-0.0205,-0.0327,-0.0327,False,False,
COST,Costco Wholesale Corporation,Consumer Staples,2017-Q1,2017-03-31,usd,1.25,2.0784,142.47769165039062,1247.300048828125,2.47,11.63,17.54,3.87,62.5,8.88,0.1328,0.1296,0.0049,5.8,0.3059,False,0.5604,0.0039,0.0336,1.528,0.8662,-0.0342,1.0,median,0.0349,0.0972,0.0636,Regime 2 (Subcritical),CAUTION,0.55,0.0255,0.1829,0.536,-0.0639,-0.0639,False,False,
COST,Costco Wholesale Corporation,Consumer Staples,2017-Q2,2017-06-30,usd,1.25,2.0784,141.78675842285156,1240.699951171875,2.47,11.63,17.54,3.87,62.2,8.88,0.1328,0.1298,0.0049,5.8,0.3059,False,0.5593,-0.0019,0.0287,1.451,0.84,-0.0019,1.0,median,0.0364,0.0923,0.0636,Regime 2 (Subcritical),CAUTION,0.55,0.1709,0.3221,0.6891,-0.0593,-0.0593,False,False,
COST,Costco Wholesale Corporation,Consumer Staples,2017-Q3,2017-09-30,usd,1.25,2.0784,146.11788940429688,1281.5,2.47,16.49,18.16,5.8,63.88,10.73,0.1674,0.1301,0.0021,3.7,0.372,False,0.5169,-0.0016,0.0309,1.327,0.8398,0.0145,0.9786,median,0.0385,0.1251,0.0943,Regime 2 (Subcritical),CAUTION,0.55,0.1423,0.4316,0.7736,-0.068,-0.068,False,False,
COST,Costco Wholesale Corporation,Consumer Staples,2017-Q4,2017-12-31,usd,1.25,2.0784,166.0244598388672,1306.300048828125,2.47,12.9,18.68,3.8,72.92,9.46,0.1205,0.1322,0.0016,1.9,0.436,False,0.5807,0.1016,0.117,2.383,0.9512,0.134,0.8327,median,0.018,0.2015,0.0846,Regime 2 (Subcritical),CAUTION,0.55,0.1159,0.0931,0.5926,-0.0516,-0.0516,False,False,
COST,Costco Wholesale Corporation,Consumer Staples,2018-Q1,2018-03-31,usd,1.25,2.0784,168.53482055664062,1322.800048828125,2.47,12.94,19.05,4.06,73.97,9.63,0.1271,0.1328,0.006,7.5,0.3992,False,0.5799,0.0655,0.087,2.067,0.9488,0.0628,0.9139,median,0.0243,0.1684,0.0815,Regime 2 (Subcritical),CAUTION,0.55,0.2922,0.3389,0.6246,-0.0008,-0.0008,False,False,
COST,Costco Wholesale Corporation,Consumer Staples,2018-Q2,2018-06-30,usd,1.25,2.0784,187.4601593017578,1251.300048828125,2.47,12.62,19.18,4.27,82.22,9.63,0.1342,0.133,0.0036,4.2,0.4381,False,0.6011,0.1758,0.1972,3.407,0.8991,0.0421,0.9406,median,0.0239,0.2791,0.0819,Regime 2 (Subcritical),CAUTION,0.55,-0.0239,0.2836,0.4779,-0.0821,-0.0821,False,False,
COST,Costco Wholesale Corporation,Consumer Staples,2018-Q3,2018-09-30,usd,1.25,2.0784,211.21612548828125,1191.5,2.47,17.05,19.68,14.75,92.55,13.49,0.4016,0.1331,0.0031,3.9,0.4142,False,0.5466,0.1213,0.142,1.621,0.8039,0.1073,0.8613,median,0.0227,0.3707,0.2287,Regime 2 (Subcritical),CAUTION,0.55,0.0372,0.2401,0.529,-0.1884,-0.1884,False,False,
COST,Costco Wholesale Corporation,Consumer Staples,2018-Q4,2018-12-31,usd,1.25,2.0784,183.6219024658203,1278.300048828125,2.47,13.9,19.88,14.75,80.88,12.75,0.4367,0.1408,0.0016,1.9,0.4402,False,0.527,-0.2497,-0.1944,0.348,1.0437,-0.0618,1.0,median,0.0631,0.1037,0.2981,Regime 2 (Subcritical),CAUTION,0.55,0.3007,0.457,0.921,-0.0162,-0.0162,False,False,
COST,Costco Wholesale Corporation,Consumer Staples,2019-Q1,2019-03-31,usd,1.25,2.0784,218.85179138183594,1293.0,2.47,13.86,20.14,15.63,96.27,13.03,0.4598,0.1534,0.0058,7.1,0.3777,False,0.5647,-0.161,-0.0385,0.872,0.9107,0.0813,0.8914,median,0.1439,0.2635,0.302,Regime 2 (Subcritical),CAUTION,0.55,0.1768,0.2032,0.4958,-0.0164,-0.0164,False,False,
COST,Costco Wholesale Corporation,Consumer Staples,2019-Q2,2019-06-30,usd,1.25,2.0784,239.48939514160156,1409.699951171875,2.47,13.48,20.48,14.92,105.32,12.84,0.4395,0.1689,0.0038,4.4,0.4325,False,0.5882,-0.2337,-0.0395,0.863,1.041,0.0206,0.97,median,0.2391,0.2476,0.2871,Regime 2 (Subcritical),CAUTION,0.55,0.1209,0.1544,0.5793,0.0,0.0,False,False,
COST,Costco Wholesale Corporation,Consumer Staples,2019-Q3,2019-09-30,usd,1.25,2.0784,261.68133544921875,1465.699951171875,0.05,18.74,20.89,5.85,115.04,11.38,0.1477,0.1853,0.0026,3.2,0.4533,False,0.6331,0.1287,0.3873,100.0,1.2042,-0.001,1.0,median,0.3307,0.2175,-0.1698,Regime 2 (Subcritical),CAUTION,0.55,0.0148,0.2329,0.6361,-0.0245,-0.0245,False,False,
COST,Costco Wholesale Corporation,Consumer Staples,2019-Q4,2019-12-31,usd,1.25,2.0784,267.5383605957031,1519.5,0.05,14.93,21.24,4.24,118.15,10.12,0.1174,0.1959,0.0023,2.5,0.4625,False,0.6566,0.3446,0.6105,100.0,0.9223,0.2442,0.7319,median,0.3304,0.3789,-0.2316,Regime 3 (Parasitic),DANGER,0.895,0.0361,0.3185,1.0007,-0.0459,-0.0459,False,False,False
COST,Costco Wholesale Corporation,Consumer Staples,2020-Q1,2020-03-31,usd,1.25,2.0784,260.08453369140625,1583.4000244140625,0.99,15.32,21.53,4.72,114.83,10.64,0.128,0.2021,0.004,4.3,0.5072,False,0.6438,0.1887,0.379,100.0,1.3633,-0.1008,1.0,median,0.2756,0.1763,-0.2026,Regime 3 (Parasitic),DANGER,0.789,0.2405,0.2792,1.1048,0.0,0.0,False,False,False
COST,Costco Wholesale Corporation,Consumer Staples,2020-Q2,2020-06-30,usd,1.25,2.0784,277.20831298828125,1800.5,0.99,15.32,21.53,4.72,122.39,10.64,0.128,0.2052,0.004,4.3,0.5072,False,0.6535,0.2048,0.3383,100.0,1.2425,0.0122,0.982,median,0.1946,0.1502,-0.1881,Regime 3 (Parasitic),DANGER,0.805,0.2666,0.3501,0.6463,0.0,0.0,False,False,False
COST,Costco Wholesale Corporation,Consumer Staples,2020-Q3,2020-09-30,usd,1.25,2.0784,325.255126953125,1895.5,0.99,20.11,21.81,7.72,143.52,12.65,0.1841,0.2062,0.0009,-0.5,0.4862,False,0.65,0.0417,0.1152,2.088,1.1182,0.0992,0.8705,median,0.1069,0.2212,0.1059,Regime 2 (Subcritical),CAUTION,0.55,0.0229,0.3092,0.385,-0.0963,-0.0963,False,False,
COST,Costco Wholesale Corporation,Consumer Staples,2020-Q4,2020-12-31,usd,1.25,2.0784,354.9333190917969,1895.0999755859375,0.99,17.19,22.29,5.72,157.22,11.55,0.1449,0.2066,0.001,-1.7,0.5273,False,0.6761,0.1158,0.1533,2.158,1.0728,0.1158,0.852,median,0.0528,0.2857,0.1324,Regime 2 (Subcritical),CAUTION,0.55,0.0514,0.5182,0.229,-0.1718,-0.1718,False,False,
COST,Costco Wholesale Corporation,Consumer Staples,2021-Q1,2021-03-31,usd,1.25,2.0784,332.6980285644531,1713.800048828125,0.99,16.76,23.18,6.65,147.1,11.89,0.1666,0.2059,0.0009,-0.4,0.4484,False,0.6632,0.1211,0.136,2.219,0.7041,0.3339,0.6663,median,0.019,0.2476,0.1116,Regime 2 (Subcritical),CAUTION,0.55,0.2869,0.6454,0.4296,0.0,0.0,False,False,
COST,Costco Wholesale Corporation,Consumer Staples,2021-Q2,2021-06-30,usd,1.25,2.0784,374.2640075683594,1771.5999755859375,1.0,16.76,23.18,6.65,165.48,11.9,0.1666,0.2049,0.0009,-0.4,0.4484,False,0.6786,0.1908,0.1898,2.699,0.7098,0.2339,0.7403,median,-0.0013,0.3016,0.1118,Regime 2 (Subcritical),CAUTION,0.55,0.44,0.2194,0.3798,-0.0029,-0.0029,False,False,
COST,Costco Wholesale Corporation,Consumer Staples,2021-Q3,2021-09-30,usd,1.25,2.0784,425.8367004394531,1757.0,1.0,18.87,23.49,6.77,188.15,12.53,0.1599,0.2036,0.0008,-1.0,0.4614,False,0.6876,0.2901,0.2804,100.0,0.7237,0.1319,0.8348,median,-0.0126,0.2707,-0.0097,Regime 3 (Parasitic),DANGER,0.84,0.2855,0.0578,0.275,-0.0688,-0.0688,False,False,False
COST,Costco Wholesale Corporation,Consumer Staples,2021-Q4,2021-12-31,usd,1.25,2.0784,538.864013671875,1828.5999755859375,1.0,18.87,23.89,6.77,238.95,12.63,0.1584,0.202,0.0009,-1.9,0.4671,False,0.7114,0.3459,0.3288,4.662,0.7604,0.1941,0.7745,median,-0.0223,0.4186,0.0898,Regime 2 (Subcritical),CAUTION,0.55,-0.1416,-0.1905,0.2062,-0.2642,-0.2642,True,True,
COST,Costco Wholesale Corporation,Consumer Staples,2022-Q1,2022-03-31,usd,1.25,2.0784,547.4287109375,1949.199951171875,1.0,17.8,24.14,7.16,242.53,12.53,0.1708,0.2002,0.0028,3.4,0.4308,False,0.7135,0.4719,0.4482,9.65,0.9974,0.0986,0.8711,median,-0.0281,0.5,0.0518,Regime 3 (Parasitic),DANGER,0.95,-0.1654,-0.1312,0.3198,-0.2757,-0.2757,True,True,True
COST,Costco Wholesale Corporation,Consumer Staples,2022-Q2,2022-06-30,usd,1.25,2.0784,456.3660583496094,1807.300048828125,0.99,17.8,24.14,7.16,202.18,12.53,0.1708,0.1985,0.0028,3.4,0.4308,False,0.6957,0.1774,0.1488,3.884,1.1582,-0.1299,1.0,median,-0.0317,0.2003,0.0516,Regime 2 (Subcritical),CAUTION,0.55,-0.0441,0.1316,0.8396,-0.0574,-0.0574,False,False,
COST,Costco Wholesale Corporation,Consumer Staples,2022-Q3,2022-09-30,usd,1.25,2.0784,450.467529296875,1672.0,0.99,19.67,24.65,7.0,199.41,13.08,0.1581,0.1968,0.0031,3.9,0.4123,False,0.6895,0.0488,0.0156,1.366,1.1432,-0.1785,1.0,median,-0.0338,0.0581,0.0425,Regime 2 (Subcritical),CAUTION,0.55,0.0558,0.2053,0.9446,-0.045,-0.045,False,False,
COST,Costco Wholesale Corporation,Consumer Staples,2022-Q4,2022-12-31,usd,1.25,2.0784,436.2115478515625,1826.199951171875,0.99,19.67,25.14,7.0,193.61,13.2,0.1563,0.195,0.0036,4.3,0.4213,False,0.685,-0.2199,-0.2546,-4.763,1.2397,-0.1436,1.0,median,-0.0351,-0.2104,0.0442,Regime 2 (Subcritical),CAUTION,0.55,0.1923,0.5006,1.1088,-0.0068,-0.0068,False,False,
COST,Costco Wholesale Corporation,Consumer Staples,2023-Q1,2023-03-31,usd,1.25,2.0784,475.6138610839844,1969.0,0.99,19.18,25.93,6.72,210.8,13.2,0.1489,0.1932,0.0028,3.2,0.4649,False,0.6947,-0.1589,-0.1929,-2.658,1.1137,-0.0839,1.0,median,-0.0357,-0.1402,0.0527,Regime 2 (Subcritical),CAUTION,0.55,0.1416,0.519,0.9381,-0.0264,-0.0264,False,False,
COST,Costco Wholesale Corporation,Consumer Staples,2023-Q2,2023-06-30,usd,1.25,2.0784,516.4229125976562,1929.4000244140625,0.99,19.18,25.93,6.72,228.89,13.2,0.1489,0.1913,0.0028,3.2,0.4649,False,0.7032,0.1078,0.0713,2.35,0.908,0.0933,0.8772,median,-0.0371,0.1241,0.0528,Regime 2 (Subcritical),CAUTION,0.55,0.2586,0.6257,0.8939,-0.0248,-0.0248,False,False,
COST,Costco Wholesale Corporation,Consumer Staples,2023-Q3,2023-09-30,usd,1.25,2.0784,542.9428100585938,1866.0999755859375,0.99,21.43,26.68,7.94,240.41,14.26,0.1649,0.1892,0.0017,2.1,0.4767,False,0.7002,0.1416,0.1004,2.158,0.9333,0.0803,0.8925,median,-0.0392,0.187,0.0867,Regime 2 (Subcritical),CAUTION,0.55,0.3159,0.5955,0.6602,-0.0495,-0.0495,False,False,
COST,Costco Wholesale Corporation,Consumer Staples,2023-Q4,2023-12-31,usd,1.25,2.0784,649.97216796875,2071.800048828125,0.99,21.43,27.17,7.94,288.45,14.38,0.1633,0.1874,0.0009,-0.2,0.5022,False,0.7166,0.3525,0.3131,4.656,0.9132,0.0303,0.9566,median,-0.04,0.3987,0.0856,Regime 3 (Parasitic),DANGER,0.853,0.3104,0.4256,0.3452,-0.0092,-0.0092,False,False,False
COST,Costco Wholesale Corporation,Consumer Staples,2024-Q1,2024-03-31,usd,1.25,2.0784,722.4715576171875,2217.39990234375,0.99,20.96,27.6,8.25,320.45,14.45,0.1698,0.1857,0.0028,3.6,0.3449,False,0.7247,0.3692,0.3286,4.642,0.8807,0.0926,0.878,median,-0.0398,0.4188,0.0902,Regime 3 (Parasitic),DANGER,0.869,0.2316,0.3185,0.3967,-0.0227,-0.0227,False,False,False
COST,Costco Wholesale Corporation,Consumer Staples,2024-Q2,2024-06-30,usd,1.25,2.0784,839.5496826171875,2339.60009765625,0.99,20.58,28.06,8.79,372.23,14.61,0.1807,0.1841,0.0012,1.5,0.3773,False,0.7348,0.4246,0.3854,4.819,0.9883,0.0797,0.8932,median,-0.038,0.4863,0.1009,Regime 3 (Parasitic),DANGER,0.925,0.1143,0.1767,0.1182,-0.0505,-0.0505,False,False,False
COST,Costco Wholesale Corporation,Consumer Staples,2024-Q3,2024-09-30,usd,1.25,2.0784,876.8775634765625,2659.39990234375,0.99,23.38,29.03,8.78,388.57,15.55,0.1676,0.1829,0.0021,2.7,0.368,False,0.7334,0.4274,0.3937,5.557,1.0605,0.2344,0.7399,median,-0.0344,0.4801,0.0864,Regime 3 (Parasitic),DANGER,0.95,0.0694,0.0495,0.0255,-0.0146,-0.0349,False,False,False
COST,Costco Wholesale Corporation,Consumer Staples,2024-Q4,2024-12-31,usd,1.25,2.0784,907.5082397460938,2641.0,0.99,23.38,29.34,8.78,402.88,15.62,0.1666,0.1817,0.0024,3.0,0.3795,False,0.7356,0.2839,0.2513,4.034,1.0338,0.0849,0.887,median,-0.0309,0.3341,0.0828,Regime 2 (Subcritical),CAUTION,0.55,0.0787,-0.0539,-0.0091,-0.0675,-0.0675,False,False,
COST,Costco Wholesale Corporation,Consumer Staples,2025-Q1,2025-03-31,usd,1.25,2.0784,937.7710571289062,3122.800048828125,0.99,22.72,30.58,10.12,415.92,16.1,0.1899,0.1806,0.0017,2.1,0.4241,False,0.7356,0.1808,0.1525,2.409,1.3186,0.0475,0.9335,median,-0.0277,0.2608,0.1083,Regime 2 (Subcritical),CAUTION,0.55,-0.028,0.0593,-0.0411,-0.0976,-0.0976,False,False,
COST,Costco Wholesale Corporation,Consumer Staples,2025-Q2,2025-06-30,usd,1.25,2.0784,982.8360595703125,3307.699951171875,0.99,22.72,30.58,10.12,435.91,16.1,0.1899,0.1798,0.0017,2.1,0.4241,False,0.7387,0.0845,0.0603,1.618,1.2442,0.0613,0.9158,median,-0.0236,0.1579,0.0976,Regime 2 (Subcritical),CAUTION,0.55,-0.1209,-0.0497,-0.085,-0.139,-0.139,False,False,
COST,Costco Wholesale Corporation,Consumer Staples,2025-Q3,2025-09-30,usd,1.25,2.0784,920.2606811523438,3873.199951171875,0.99,25.34,31.91,9.85,407.89,17.02,0.1721,0.1793,0.0014,1.7,0.4325,False,0.7305,-0.0221,-0.042,0.536,1.2548,0.0277,0.9601,median,-0.0197,0.0485,0.0906,Regime 2 (Subcritical),CAUTION,0.55,0.0795,-0.0228,-0.0228,-0.0804,-0.0804,False,False,
COST,Costco Wholesale Corporation,Consumer Staples,2025-Q4,2025-12-31,usd,1.25,2.0784,858.5507202148438,4341.10009765625,0.99,25.34,32.62,9.85,381.13,17.2,0.17,0.1788,0.0008,0.7,0.4519,False,0.7247,-0.1353,-0.1515,-0.578,1.4123,0.0216,0.9685,median,-0.016,-0.0555,0.096,Regime 2 (Subcritical),CAUTION,0.55,0.0753,0.0474,0.0474,-0.0091,-0.0091,False,False,
COST,Costco Wholesale Corporation,Consumer Staples,2026-Q1,2026-03-31,usd,1.25,2.0784,993.4067993164062,4647.60009765625,0.99,24.77,34.29,11.26,440.59,17.83,0.1906,0.1783,0.0009,0.5,0.4785,False,0.7327,-0.0312,-0.0442,0.566,1.2793,0.0296,0.9575,median,-0.0127,0.0576,0.1019,Regime 2 (Subcritical),CAUTION,0.55,-0.0948,-0.0948,-0.0948,-0.1003,-0.1003,False,False,
COST,Costco Wholesale Corporation,Consumer Staples,2026-Q2,2026-06-30,usd,1.25,2.0784,933.9849853515625,4038.5,0.99,24.77,34.29,11.26,414.24,17.83,0.1906,0.178,0.0008,0.5,0.4784,False,0.7282,-0.1426,-0.1529,-0.501,1.0102,0.0203,0.9705,median,-0.0099,-0.051,0.1019,Regime 2 (Subcritical),CAUTION,0.55,-0.0372,-0.0372,-0.0372,-0.0431,-0.0431,False,False,
XOM,Exxon Mobil Corporation,Energy,2017-Q1,2017-03-31,usd,1.25,2.0784,54.204368591308594,1247.300048828125,38.29,10.4,253.15,16.04,229.66,79.47,0.0609,0.0314,0.0042,-15.7,0.155,False,0.4947,-0.1207,-0.0004,0.979,0.8662,-0.0342,1.0,median,0.1415,0.0209,0.0213,Regime 2 (Subcritical),CAUTION,0.55,0.0189,-0.0546,0.0672,-0.0774,-0.1442,False,False,
XOM,Exxon Mobil Corporation,Energy,2017-Q2,2017-06-30,usd,1.25,2.0784,53.86222839355469,1240.699951171875,38.29,10.51,252.99,13.4,228.21,78.8,0.0509,0.0348,0.0042,-13.7,0.1548,False,0.4988,-0.2074,-0.0029,0.835,0.84,-0.0019,1.0,median,0.2433,0.0146,0.0175,Regime 2 (Subcritical),CAUTION,0.55,0.0558,0.0657,0.0302,-0.0715,-0.1388,False,False,
XOM,Exxon Mobil Corporation,Energy,2017-Q3,2017-09-30,usd,1.25,2.0784,55.22639083862305,1281.5,38.29,10.9,255.56,15.88,233.99,80.16,0.0596,0.0373,0.004,-16.5,0.1589,False,0.4953,-0.3143,-0.0323,-0.15,0.8398,0.0145,0.9786,median,0.3345,-0.0042,0.0281,Regime 2 (Subcritical),CAUTION,0.55,-0.0681,0.0837,-0.0586,-0.0906,-0.1565,False,False,
XOM,Exxon Mobil Corporation,Energy,2017-Q4,2017-12-31,usd,1.25,2.0784,56.86610794067383,1306.300048828125,38.29,10.9,252.63,15.88,241.06,79.42,0.0603,0.0397,0.018,-243.8,0.1595,False,0.4955,-0.3232,-0.061,-0.39,0.9512,0.134,0.8327,median,0.3082,-0.0171,0.0439,Regime 2 (Subcritical),CAUTION,0.55,-0.0071,-0.1648,-0.1044,-0.1976,-0.1976,False,False,
XOM,Exxon Mobil Corporation,Energy,2018-Q1,2018-03-31,usd,1.25,2.0784,51.24540328979492,1322.800048828125,38.29,10.99,250.35,18.6,216.97,79.56,0.0712,0.042,0.0036,-21.3,0.1407,False,0.4871,-0.3135,-0.058,-50.642,0.9488,0.0628,0.9139,median,0.2897,-0.0568,0.0011,Regime 2 (Subcritical),CAUTION,0.55,0.185,0.1503,-0.4388,-0.0777,-0.5293,False,True,
XOM,Exxon Mobil Corporation,Energy,2018-Q2,2018-06-30,usd,1.25,2.0784,57.39853286743164,1251.300048828125,38.29,11.97,248.21,15.8,243.03,78.57,0.0607,0.0443,0.0033,-18.0,0.1394,False,0.4931,-0.1506,0.0658,100.0,0.8991,0.0421,0.9406,median,0.2425,0.0629,-0.0029,Regime 2 (Subcritical),CAUTION,0.55,-0.1491,-0.0218,-0.4006,-0.1823,-0.5827,False,True,
XOM,Exxon Mobil Corporation,Energy,2018-Q3,2018-09-30,usd,1.25,2.0784,59.59574890136719,1191.5,38.29,11.57,249.15,24.96,252.33,80.99,0.0957,0.0463,0.0033,-22.1,0.1421,False,0.4809,-0.1309,0.0651,7.268,0.8039,0.1073,0.8613,median,0.215,0.0754,0.0104,Regime 2 (Subcritical),CAUTION,0.55,-0.0383,-0.1394,-0.5541,-0.2288,-0.6065,True,True,
XOM,Exxon Mobil Corporation,Energy,2018-Q4,2018-12-31,usd,1.25,2.0784,48.28311538696289,1278.300048828125,38.29,11.57,247.1,24.96,204.58,80.48,0.0965,0.0489,0.0114,-165.5,0.1615,False,0.4727,-0.3589,-0.1773,-12.438,1.0437,-0.0618,1.0,median,0.2071,-0.1641,0.0132,Regime 2 (Subcritical),CAUTION,0.55,0.1482,0.0723,-0.3097,0.0,-0.5098,False,True,
XOM,Exxon Mobil Corporation,Energy,2019-Q1,2019-03-31,usd,1.25,2.0784,57.84703063964844,1293.0,38.29,11.08,248.56,9.4,244.75,76.83,0.0362,0.0518,0.004,-24.6,0.1453,False,0.5059,-0.0245,0.1553,100.0,0.9107,0.0813,0.8914,median,0.2113,0.1205,-0.0348,Regime 2 (Subcritical),CAUTION,0.55,-0.1044,-0.5176,-0.2105,-0.5955,-0.5955,True,True,
XOM,Exxon Mobil Corporation,Energy,2019-Q2,2019-06-30,usd,1.25,2.0784,55.49046325683594,1409.699951171875,38.29,11.31,250.85,12.52,234.78,78.24,0.0478,0.0534,0.0037,-22.1,0.1313,False,0.4991,-0.1823,-0.0304,1.0,1.041,0.0206,0.97,median,0.187,-0.0345,-0.0041,Regime 2 (Subcritical),CAUTION,0.55,-0.0646,-0.3867,-0.0662,-0.573,-0.573,True,True,
XOM,Exxon Mobil Corporation,Energy,2019-Q3,2019-09-30,usd,1.25,2.0784,51.76691436767578,1465.699951171875,38.29,11.01,250.51,12.68,219.03,78.12,0.0485,0.0544,0.0038,-25.8,0.1505,False,0.4977,-0.2321,-0.1055,1.0,1.2042,-0.001,1.0,median,0.162,-0.1415,-0.0361,Regime 2 (Subcritical),CAUTION,0.55,-0.4548,-0.4819,-0.0292,-0.5428,-0.5428,True,True,
XOM,Exxon Mobil Corporation,Energy,2019-Q4,2019-12-31,usd,1.25,2.0784,51.7753791809082,1519.5,38.29,11.01,253.02,12.68,219.22,78.75,0.048,0.0549,0.0235,-373.8,0.1513,False,0.4985,-0.0032,0.0909,100.0,0.9223,0.2442,0.7319,median,0.1168,0.0691,-0.0217,Regime 2 (Subcritical),CAUTION,0.55,-0.3373,-0.3562,-0.0014,-0.5428,-0.5428,True,True,
XOM,Exxon Mobil Corporation,Energy,2020-Q1,2020-03-31,usd,1.25,2.0784,28.577455520629883,1583.4000244140625,38.29,10.32,248.41,67.39,120.83,91.1,0.2605,0.0552,0.0043,-24.0,0.051,False,0.4287,-0.9201,-0.8762,-4.144,1.3633,-0.1008,1.0,median,0.0635,-0.7059,0.1703,Regime 1 (Virtuous),HEALTHY,0.685,-0.0615,0.5919,1.4852,-0.1357,-0.1357,False,False,True
XOM,Exxon Mobil Corporation,Energy,2020-Q2,2020-06-30,usd,1.25,2.0784,34.31032180786133,1800.5,38.29,9.64,250.52,39.13,145.06,84.39,0.1504,0.059,0.0076,-35.3,0.0688,False,0.4639,-0.6251,-0.5572,-6.362,1.2425,0.0122,0.982,median,0.099,-0.4815,0.0757,Regime 2 (Subcritical),CAUTION,0.55,-0.0362,0.5199,1.1684,-0.2801,-0.2801,True,True,
XOM,Exxon Mobil Corporation,Energy,2020-Q3,2020-09-30,usd,1.25,2.0784,26.858463287353516,1895.5,38.29,9.78,250.5,55.44,113.56,88.5,0.213,0.0632,0.0053,-25.9,0.0723,False,0.4554,-0.8851,-0.7816,-5.267,1.1182,0.0992,0.8705,median,0.1503,-0.6569,0.1247,Regime 2 (Subcritical),CAUTION,0.55,0.6938,0.8379,1.8515,-0.0804,-0.0804,False,False,
XOM,Exxon Mobil Corporation,Energy,2020-Q4,2020-12-31,usd,1.25,2.0784,33.02698516845703,1895.0999755859375,38.29,9.78,227.55,55.44,139.8,82.76,0.2336,0.0687,0.0049,-74.8,0.1298,False,0.4163,-0.658,-0.4995,-9.047,1.0728,0.1158,0.852,median,0.2229,-0.4498,0.0497,Regime 1 (Virtuous),HEALTHY,0.625,0.5835,0.5758,1.9531,0.0,0.0,False,False,True
XOM,Exxon Mobil Corporation,Energy,2021-Q1,2021-03-31,usd,1.25,2.0784,45.49272155761719,1713.800048828125,38.29,9.71,224.64,10.92,192.62,70.89,0.0466,0.0752,0.0039,-29.2,0.1469,False,0.4919,0.4737,0.7172,100.0,0.7041,0.3339,0.6663,median,0.3088,0.4664,-0.2508,Regime 3 (Parasitic),DANGER,0.95,0.1046,0.5612,1.1479,-0.0273,-0.0273,False,False,False
XOM,Exxon Mobil Corporation,Energy,2021-Q2,2021-06-30,usd,1.25,2.0784,52.14912796020508,1771.5999755859375,38.29,9.38,223.01,18.76,220.8,72.36,0.0807,0.0797,0.0034,-29.6,0.1504,False,0.4813,0.3452,0.5739,100.0,0.7098,0.2339,0.7403,median,0.3009,0.4201,-0.1538,Regime 3 (Parasitic),DANGER,0.895,-0.0027,0.4267,0.8484,-0.1514,-0.1514,False,False,False
XOM,Exxon Mobil Corporation,Energy,2021-Q3,2021-09-30,usd,1.25,2.0784,49.36334228515625,1757.0,38.29,9.15,218.79,27.0,209.0,73.31,0.1185,0.0831,0.0031,-30.7,0.145,False,0.4624,0.5884,0.7984,100.0,0.7237,0.1319,0.8348,median,0.2733,0.61,-0.1883,Regime 3 (Parasitic),DANGER,0.95,0.4388,0.5515,1.1584,0.0,0.0,False,False,False
XOM,Exxon Mobil Corporation,Energy,2021-Q4,2021-12-31,usd,1.25,2.0784,52.04244613647461,1828.5999755859375,38.29,9.15,216.55,27.0,220.61,72.75,0.1196,0.0861,0.0103,-207.9,0.1911,False,0.465,0.4113,0.5852,100.0,0.7604,0.1941,0.7745,median,0.2267,0.4562,-0.129,Regime 3 (Parasitic),DANGER,0.95,0.4615,0.8741,0.7567,0.0,0.0,False,False,False
XOM,Exxon Mobil Corporation,Energy,2022-Q1,2022-03-31,usd,1.25,2.0784,71.0219955444336,1949.199951171875,38.29,9.64,212.77,21.92,299.22,70.65,0.0986,0.0889,0.0027,-28.2,0.1709,False,0.5052,0.3023,0.4438,100.0,0.9974,0.0986,0.8711,median,0.1678,0.4405,-0.0033,Regime 3 (Parasitic),DANGER,0.852,0.0953,0.3758,0.5105,-0.004,-0.004,False,False,False
XOM,Exxon Mobil Corporation,Energy,2022-Q2,2022-06-30,usd,1.25,2.0784,74.3991470336914,1807.300048828125,38.29,10.12,209.16,71.4,310.1,82.24,0.3256,0.0912,0.0022,-30.4,0.1304,False,0.4427,0.0896,0.2116,2.653,1.1582,-0.1299,1.0,median,0.135,0.3396,0.128,Regime 1 (Virtuous),HEALTHY,0.664,0.2979,0.2956,0.4397,-0.0292,-0.0292,False,False,True
XOM,Exxon Mobil Corporation,Energy,2022-Q3,2022-09-30,usd,1.25,2.0784,76.58692932128906,1672.0,38.29,9.3,203.1,78.64,315.38,82.33,0.3702,0.0958,0.0023,-31.4,0.1684,False,0.44,0.1555,0.2954,3.544,1.1432,-0.1785,1.0,median,0.1425,0.4114,0.1161,Regime 1 (Virtuous),HEALTHY,0.658,0.2758,0.3912,0.4184,0.0,0.0,False,False,True
XOM,Exxon Mobil Corporation,Energy,2022-Q4,2022-12-31,usd,1.25,2.0784,97.53227233886719,1826.199951171875,38.29,9.3,204.69,78.64,398.13,82.73,0.3675,0.1027,0.0039,-89.7,0.2257,False,0.4893,0.2883,0.4618,4.591,1.2397,-0.1436,1.0,median,0.1755,0.5904,0.1286,Regime 3 (Parasitic),DANGER,0.838,0.0235,-0.0293,0.0619,-0.0554,-0.0601,False,False,True
XOM,Exxon Mobil Corporation,Energy,2023-Q1,2023-03-31,usd,1.25,2.0784,97.71249389648438,1969.0,38.29,9.56,206.02,45.72,395.05,74.9,0.2121,0.1111,0.0029,-37.5,0.2215,False,0.5226,0.0073,0.2195,4.764,1.1137,-0.0839,1.0,median,0.2228,0.2779,0.0583,Regime 2 (Subcritical),CAUTION,0.55,0.0904,0.0979,0.1495,-0.0941,-0.0941,False,False,
XOM,Exxon Mobil Corporation,Energy,2023-Q2,2023-06-30,usd,1.25,2.0784,96.39431762695312,1929.4000244140625,38.29,9.8,206.74,31.52,385.87,71.59,0.1456,0.1189,0.003,-30.2,0.2217,False,0.5346,0.0966,0.3574,100.0,0.908,0.0933,0.8772,median,0.2653,0.2186,-0.1388,Regime 2 (Subcritical),CAUTION,0.55,-0.0515,0.1112,0.0926,-0.0817,-0.0817,False,False,
XOM,Exxon Mobil Corporation,Energy,2023-Q3,2023-09-30,usd,1.25,2.0784,106.54502868652344,1866.0999755859375,38.29,9.96,205.86,36.28,422.24,72.6,0.1681,0.1253,0.0028,-31.7,0.2253,False,0.5457,0.1346,0.4176,100.0,0.9333,0.0803,0.8925,median,0.2686,0.2918,-0.1258,Regime 3 (Parasitic),DANGER,0.685,0.0239,0.0368,0.0594,-0.1552,-0.1552,False,False,False
XOM,Exxon Mobil Corporation,Energy,2023-Q4,2023-12-31,usd,1.25,2.0784,91.42525482177734,2071.800048828125,38.29,9.96,214.94,36.28,363.05,74.87,0.1613,0.1309,0.0085,-178.2,0.242,False,0.5147,-0.2321,0.0076,1.0,0.9132,0.0303,0.9566,median,0.2427,-0.0922,-0.0999,Regime 2 (Subcritical),CAUTION,0.55,0.1443,0.0685,0.2672,-0.0543,-0.0543,False,False,
XOM,Exxon Mobil Corporation,Energy,2024-Q1,2024-03-31,usd,1.25,2.0784,107.28182983398438,2217.39990234375,38.29,9.98,213.72,32.88,423.01,73.72,0.147,0.1356,0.0031,-32.5,0.2339,False,0.5465,-0.1187,0.0843,100.0,0.8807,0.0926,0.878,median,0.1991,0.0684,-0.0159,Regime 2 (Subcritical),CAUTION,0.55,0.0061,0.0509,0.5507,-0.076,-0.117,False,False,
XOM,Exxon Mobil Corporation,Energy,2024-Q2,2024-06-30,usd,1.25,2.0784,107.11114501953125,2339.60009765625,38.29,10.27,298.28,36.96,475.89,95.95,0.1198,0.1395,0.0034,-26.9,0.2045,False,0.5357,-0.248,-0.0832,0.716,0.9883,0.0797,0.8932,median,0.1596,0.2097,0.2929,Regime 2 (Subcritical),CAUTION,0.55,-0.0586,-0.0296,0.27,-0.1086,-0.1086,False,False,
XOM,Exxon Mobil Corporation,Energy,2024-Q3,2024-09-30,usd,1.25,2.0784,109.943115234375,2659.39990234375,38.29,9.18,299.54,34.44,483.2,95.36,0.1116,0.1424,0.0035,-29.7,0.2061,False,0.5413,-0.2629,-0.1379,0.494,1.0605,0.2344,0.7399,median,0.1274,0.1349,0.2728,Regime 2 (Subcritical),CAUTION,0.55,0.0321,-0.0034,0.4398,-0.1328,-0.1328,False,False,
XOM,Exxon Mobil Corporation,Energy,2024-Q4,2024-12-31,usd,1.25,2.0784,101.72120666503906,2641.0,38.29,9.18,294.32,34.44,442.79,94.06,0.1135,0.1443,0.0108,-187.8,0.219,False,0.53,-0.1328,-0.0296,0.87,1.0338,0.0849,0.887,median,0.0979,0.1986,0.2282,Regime 2 (Subcritical),CAUTION,0.55,0.034,0.1598,0.5562,-0.0627,-0.0627,False,False,
XOM,Exxon Mobil Corporation,Energy,2025-Q1,2025-03-31,usd,1.25,2.0784,113.46949768066406,3122.800048828125,38.29,10.16,292.65,30.85,489.05,92.99,0.1019,0.1456,0.0037,-30.8,0.1842,False,0.5471,-0.1599,-0.0871,0.625,1.3186,0.0475,0.9335,median,0.0711,0.1451,0.2322,Regime 2 (Subcritical),CAUTION,0.55,-0.0217,0.4756,0.3951,-0.1598,-0.1598,False,False,
XOM,Exxon Mobil Corporation,Energy,2025-Q2,2025-06-30,usd,1.25,2.0784,103.79779815673828,3307.699951171875,38.29,10.11,295.36,28.33,442.49,93.02,0.0927,0.1462,0.0038,-30.2,0.1798,False,0.535,-0.0896,-0.0418,1.0,1.2442,0.0613,0.9158,median,0.0468,-0.0728,-0.031,Regime 2 (Subcritical),CAUTION,0.55,0.1384,0.3087,0.5251,-0.0183,-0.0183,False,False,
XOM,Exxon Mobil Corporation,Energy,2025-Q3,2025-09-30,usd,1.25,2.0784,109.57424926757812,3873.199951171875,38.29,12.13,298.39,30.19,462.07,94.75,0.0972,0.1461,0.0036,-31.8,0.1792,False,0.5362,-0.0644,-0.0382,1.0,1.2548,0.0277,0.9601,median,0.0258,-0.0447,-0.0065,Regime 2 (Subcritical),CAUTION,0.55,0.528,0.4447,0.4447,-0.0187,-0.0187,False,False,
XOM,Exxon Mobil Corporation,Energy,2025-Q4,2025-12-31,usd,1.25,2.0784,117.97337341308594,4341.10009765625,38.29,12.13,299.37,30.19,493.01,95.0,0.0969,0.1455,0.0122,-210.4,0.1999,False,0.5453,0.0892,0.0975,10.829,1.4123,0.0216,0.9685,median,0.0082,0.1074,0.0099,Regime 2 (Subcritical),CAUTION,0.55,0.1477,0.3418,0.3418,-0.0154,-0.0154,False,False,
XOM,Exxon Mobil Corporation,Energy,2026-Q1,2026-03-31,usd,1.25,2.0784,167.4320526123047,4647.60009765625,38.29,10.74,298.78,16.73,694.01,91.13,0.0541,0.1446,0.0037,-23.8,0.1617,False,0.6087,0.3773,0.3701,100.0,1.2793,0.0296,0.9575,median,-0.0069,0.35,-0.0201,Regime 3 (Parasitic),DANGER,0.95,-0.0545,-0.0545,-0.0545,-0.1926,-0.1926,False,False,True
XOM,Exxon Mobil Corporation,Energy,2026-Q2,2026-06-30,usd,1.25,2.0784,135.8404083251953,4038.5,38.29,10.74,298.78,16.73,563.06,91.13,0.0541,0.1429,0.0228,0.0,0.0168,False,0.5784,0.2846,0.2615,100.0,1.0102,0.0203,0.9705,median,-0.0223,0.241,-0.0205,Regime 3 (Parasitic),DANGER,0.835,0.1653,0.1653,0.1653,-0.0032,-0.0032,False,False,False
CVX,Chevron Corporation,Energy,2017-Q1,2017-03-31,usd,1.25,2.0784,71.808349609375,1247.300048828125,4.54,3.48,180.3,10.73,136.04,49.76,0.0584,0.1174,0.0053,-21.6,0.1866,False,0.5611,0.4104,0.2265,100.0,0.8662,-0.0342,1.0,median,-0.2165,0.096,-0.1305,Regime 3 (Parasitic),DANGER,0.95,0.1166,0.1047,0.2394,-0.0306,-0.0306,False,False,False
CVX,Chevron Corporation,Energy,2017-Q2,2017-06-30,usd,1.25,2.0784,70.48500061035156,1240.699951171875,4.54,3.96,178.18,5.8,133.57,48.12,0.0318,0.1049,0.0051,-29.8,0.1597,False,0.5718,0.5246,0.2484,100.0,0.84,-0.0019,1.0,median,-0.3285,0.0767,-0.1717,Regime 3 (Parasitic),DANGER,0.95,0.2233,0.2586,0.2882,-0.0124,-0.0124,False,False,False
CVX,Chevron Corporation,Energy,2017-Q3,2017-09-30,usd,1.25,2.0784,80.1801986694336,1281.5,4.53,4.95,178.44,7.81,152.29,48.93,0.0426,0.0946,0.0048,-35.6,0.1826,False,0.5607,0.6311,0.1877,100.0,0.8398,0.0145,0.9786,median,-0.526,0.1782,-0.0095,Regime 3 (Parasitic),DANGER,0.95,-0.01,0.081,0.091,-0.0533,-0.0985,False,False,False
CVX,Chevron Corporation,Energy,2017-Q4,2017-12-31,usd,1.25,2.0784,86.22745513916016,1306.300048828125,4.53,4.95,177.71,7.81,164.72,48.75,0.0427,0.0868,0.0267,-193.9,0.0998,False,0.56,0.5058,0.1165,100.0,0.9512,0.134,0.8327,median,-0.4577,0.1097,-0.0068,Regime 3 (Parasitic),DANGER,0.95,0.0096,-0.1144,0.0209,-0.1779,-0.1779,False,False,True
CVX,Chevron Corporation,Energy,2018-Q1,2018-03-31,usd,1.25,2.0784,79.32953643798828,1322.800048828125,4.53,2.89,175.85,14.55,151.6,49.46,0.0814,0.0806,0.0046,-35.9,0.1727,False,0.549,0.446,0.1144,100.0,0.9488,0.0628,0.9139,median,-0.3759,0.1082,-0.0062,Regime 3 (Parasitic),DANGER,0.95,0.1095,0.1399,-0.306,-0.0747,-0.477,False,True,True
CVX,Chevron Corporation,Energy,2018-Q2,2018-06-30,usd,1.25,2.0784,88.7153091430664,1251.300048828125,4.52,4.07,174.24,13.64,169.99,49.12,0.0765,0.0771,0.0042,-33.5,0.184,False,0.5485,0.4959,0.2207,11.779,0.8991,0.0421,0.9406,median,-0.3085,0.2411,0.0205,Regime 3 (Parasitic),DANGER,0.95,-0.1085,0.0414,-0.2316,-0.1714,-0.5316,False,True,True
CVX,Chevron Corporation,Energy,2018-Q3,2018-09-30,usd,1.25,2.0784,86.62589263916016,1191.5,4.52,4.07,171.65,16.19,165.52,49.11,0.0921,0.0749,0.004,-34.4,0.2059,False,0.5416,0.2925,0.0798,23.469,0.8039,0.1073,0.8613,median,-0.2334,0.0833,0.0035,Regime 3 (Parasitic),DANGER,0.842,0.01,-0.0079,-0.3675,-0.1802,-0.5366,False,True,True
CVX,Chevron Corporation,Energy,2018-Q4,2018-12-31,usd,1.25,2.0784,77.82247924804688,1278.300048828125,4.52,4.07,169.21,16.19,147.87,48.5,0.0934,0.0741,0.0129,-85.9,0.1972,False,0.5399,0.0361,-0.1027,1.0,1.0437,-0.0618,1.0,median,-0.1583,-0.1079,-0.0052,Regime 2 (Subcritical),CAUTION,0.55,0.1705,0.1527,-0.1375,-0.002,-0.4753,False,True,
CVX,Chevron Corporation,Energy,2019-Q1,2019-03-31,usd,1.25,2.0784,89.00209045410156,1293.0,4.51,3.94,166.73,10.6,169.52,46.44,0.0621,0.074,0.005,-34.8,0.1825,False,0.5546,0.2475,0.1746,100.0,0.9107,0.0813,0.8914,median,-0.0856,0.1118,-0.0628,Regime 3 (Parasitic),DANGER,0.797,-0.0316,-0.3998,-0.0639,-0.5477,-0.5477,True,True,True
CVX,Chevron Corporation,Energy,2019-Q2,2019-06-30,usd,1.25,2.0784,90.797119140625,1409.699951171875,4.51,4.3,165.41,17.22,172.37,47.86,0.1015,0.0737,0.0045,-35.0,0.1703,False,0.5389,0.0766,0.0398,100.0,1.041,0.0206,0.97,median,-0.0453,0.0139,-0.0259,Regime 2 (Subcritical),CAUTION,0.55,-0.0169,-0.2645,-0.0802,-0.5517,-0.5517,True,True,
CVX,Chevron Corporation,Energy,2019-Q3,2019-09-30,usd,1.25,2.0784,87.42558288574219,1465.699951171875,4.51,3.82,164.36,10.32,165.31,45.75,0.0614,0.074,0.0049,-33.4,0.205,False,0.5546,0.0788,0.0695,1.0,1.2042,-0.001,1.0,median,-0.0119,-0.0013,-0.0708,Regime 2 (Subcritical),CAUTION,0.55,-0.3802,-0.3625,-0.0328,-0.5329,-0.5329,True,True,
CVX,Chevron Corporation,Energy,2019-Q4,2019-12-31,usd,1.25,2.0784,89.70882415771484,1519.5,4.46,3.82,150.49,10.32,168.59,42.27,0.0669,0.074,0.0189,-134.8,0.183,False,0.5547,0.2686,0.2685,100.0,0.9223,0.2442,0.7319,median,-0.0002,0.1312,-0.1373,Regime 3 (Parasitic),DANGER,0.819,-0.2399,-0.2518,0.0836,-0.5448,-0.5448,True,True,True
CVX,Chevron Corporation,Energy,2020-Q1,2020-03-31,usd,1.25,2.0784,54.570377349853516,1583.4000244140625,4.45,2.73,149.22,14.4,101.88,42.7,0.0947,0.0739,0.0051,-1.2,0.1956,False,0.5477,-0.4245,-0.4252,1.0,1.3633,-0.1008,1.0,median,-0.0009,-0.5092,-0.084,Regime 2 (Subcritical),CAUTION,0.55,0.0214,0.5318,1.496,-0.0538,-0.0538,False,False,
CVX,Chevron Corporation,Energy,2020-Q2,2020-06-30,usd,1.25,2.0784,68.18660736083984,1800.5,4.42,6.28,143.85,16.19,127.32,42.68,0.1079,0.0742,0.1964,17.3,-1.0497,True,0.5227,-0.1933,-0.1885,1.0,1.2425,0.0122,0.982,median,0.0071,-0.3029,-0.1145,Regime 2 (Subcritical),CAUTION,0.55,-0.024,0.2403,0.7908,-0.2397,-0.2397,True,True,
CVX,Chevron Corporation,Energy,2020-Q3,2020-09-30,usd,1.25,2.0784,55.813201904296875,1895.5,4.42,3.33,142.38,29.34,104.22,44.87,0.2014,0.0749,0.0254,4.1,0.1868,False,0.4974,-0.4501,-0.4418,1.0,1.1182,0.0992,0.8705,median,0.0121,-0.4613,-0.0195,Regime 2 (Subcritical),CAUTION,0.55,0.4977,0.4875,1.1907,-0.0711,-0.0711,False,False,
CVX,Chevron Corporation,Energy,2020-Q4,2020-12-31,usd,1.25,2.0784,66.42750549316406,1895.0999755859375,4.4,3.33,156.62,29.34,127.96,48.42,0.1834,0.0775,0.0347,5.2,0.1935,False,0.5049,-0.4437,-0.4115,-2.03,1.0728,0.1158,0.852,median,0.0452,-0.2757,0.1358,Regime 2 (Subcritical),CAUTION,0.55,0.2911,0.4624,1.3174,0.0,0.0,False,False,
CVX,Chevron Corporation,Energy,2021-Q1,2021-03-31,usd,1.25,2.0784,83.59186553955078,1713.800048828125,4.4,3.96,154.0,5.51,161.17,41.97,0.0349,0.0809,0.0052,-2.8,0.2051,False,0.5648,0.4045,0.4759,100.0,0.7041,0.3339,0.6663,median,0.0906,0.4586,-0.0173,Regime 3 (Parasitic),DANGER,0.95,0.0116,0.6295,0.6888,-0.0769,-0.0769,False,False,False
CVX,Chevron Corporation,Energy,2021-Q2,2021-06-30,usd,1.25,2.0784,84.57473754882812,1771.5999755859375,4.4,4.38,151.21,12.33,163.56,43.08,0.0792,0.0829,0.0044,-3.8,0.1895,False,0.547,0.1571,0.2412,27.067,0.7098,0.2339,0.7403,median,0.1106,0.2505,0.0093,Regime 3 (Parasitic),DANGER,0.707,0.1545,0.4438,0.6255,-0.0876,-0.0876,False,False,False
CVX,Chevron Corporation,Energy,2021-Q3,2021-09-30,usd,1.25,2.0784,83.02257537841797,1757.0,4.4,2.63,147.94,24.44,160.04,44.85,0.1623,0.0843,0.0037,-5.3,0.1466,False,0.5211,0.339,0.4292,100.0,0.7237,0.1319,0.8348,median,0.1174,0.4289,-0.0003,Regime 3 (Parasitic),DANGER,0.889,0.6406,0.4727,0.7915,0.0,0.0,False,False,False
CVX,Chevron Corporation,Energy,2021-Q4,2021-12-31,usd,1.25,2.0784,97.14445495605469,1828.5999755859375,4.38,2.63,146.96,24.44,189.19,44.6,0.1634,0.0864,0.0284,3.5,0.2013,False,0.5341,0.3895,0.4731,100.0,0.7604,0.1941,0.7745,median,0.1091,0.391,-0.0821,Regime 3 (Parasitic),DANGER,0.939,0.272,0.5846,0.3686,0.0,0.0,False,False,False
CVX,Chevron Corporation,Energy,2022-Q1,2022-03-31,usd,1.25,2.0784,136.2088165283203,1949.199951171875,4.37,3.87,144.44,25.04,267.62,44.43,0.1688,0.089,0.0031,-4.0,0.1837,False,0.5742,0.3698,0.4501,8.895,0.9974,0.0986,0.8711,median,0.0952,0.5071,0.057,Regime 3 (Parasitic),DANGER,0.92,-0.0955,0.0364,0.0435,-0.1583,-0.1583,False,False,False
CVX,Chevron Corporation,Energy,2022-Q2,2022-06-30,usd,1.25,2.0784,122.10613250732422,1807.300048828125,4.66,3.45,144.41,46.49,239.01,49.75,0.3144,0.092,0.0026,-7.1,0.1298,False,0.5214,0.1406,0.2353,2.634,1.1582,-0.1299,1.0,median,0.1049,0.3793,0.144,Regime 2 (Subcritical),CAUTION,0.55,0.2525,0.1259,0.1659,-0.0611,-0.0611,False,False,
CVX,Chevron Corporation,Energy,2022-Q3,2022-09-30,usd,1.25,2.0784,122.27094268798828,1672.0,4.66,4.11,144.14,44.92,236.43,49.46,0.303,0.0971,0.0027,-3.2,0.1528,False,0.5209,0.1537,0.2925,3.992,1.1432,-0.1785,1.0,median,0.1414,0.3902,0.0977,Regime 2 (Subcritical),CAUTION,0.55,0.1546,0.2165,0.0951,0.0,0.0,False,False,
CVX,Chevron Corporation,Energy,2022-Q4,2022-12-31,usd,1.25,2.0784,153.9373321533203,1826.199951171875,4.72,4.11,143.59,44.92,293.51,49.34,0.3042,0.1035,0.0198,4.2,0.2375,False,0.5572,0.1601,0.3383,4.355,1.2397,-0.1436,1.0,median,0.1803,0.4391,0.1008,Regime 3 (Parasitic),DANGER,0.71,-0.0787,-0.109,-0.1086,-0.1609,-0.1609,False,False,True
CVX,Chevron Corporation,Energy,2023-Q1,2023-03-31,usd,1.25,2.0784,141.16917419433594,1969.0,4.72,3.52,142.95,26.3,267.4,44.37,0.1795,0.1108,0.0103,3.0,0.2078,False,0.5728,-0.208,0.0005,1.0,1.1137,-0.0839,1.0,median,0.2189,-0.0008,-0.0013,Regime 2 (Subcritical),CAUTION,0.55,0.0536,0.0068,0.106,-0.1131,-0.1131,False,False,
CVX,Chevron Corporation,Energy,2023-Q2,2023-06-30,usd,1.25,2.0784,137.4754180908203,1929.4000244140625,4.72,4.51,142.77,24.04,256.7,44.01,0.1632,0.1173,0.0075,2.1,0.175,False,0.569,-0.0447,0.194,100.0,0.908,0.0933,0.8772,median,0.2429,0.0714,-0.1226,Regime 2 (Subcritical),CAUTION,0.55,-0.0329,0.0356,-0.0048,-0.0893,-0.0893,False,False,
CVX,Chevron Corporation,Energy,2023-Q3,2023-09-30,usd,1.25,2.0784,148.73776245117188,1866.0999755859375,4.72,4.65,153.97,26.1,280.78,47.36,0.1646,0.123,0.0033,-1.6,0.1438,False,0.5718,-0.034,0.2153,100.0,0.9333,0.0803,0.8925,median,0.2366,0.1719,-0.0433,Regime 2 (Subcritical),CAUTION,0.55,-0.0325,-0.0885,0.0223,-0.1477,-0.1477,False,False,
CVX,Chevron Corporation,Energy,2023-Q4,2023-12-31,usd,1.25,2.0784,132.95152282714844,2071.800048828125,4.72,4.65,153.97,26.1,246.93,47.36,0.1646,0.1279,0.0082,-2.2,0.2074,False,0.5541,-0.3415,-0.132,1.0,0.9132,0.0303,0.9566,median,0.2122,-0.1728,-0.0408,Regime 2 (Subcritical),CAUTION,0.55,0.0685,-0.0016,0.1121,-0.0512,-0.0565,False,False,
CVX,Chevron Corporation,Energy,2024-Q1,2024-03-31,usd,1.25,2.0784,142.1333465576172,2217.39990234375,4.72,4.04,153.97,22.0,262.52,46.18,0.1393,0.1322,0.0037,-3.5,0.1571,False,0.5705,-0.2387,-0.0584,-0.461,0.8807,0.0926,0.878,median,0.1768,-0.0184,0.04,Regime 2 (Subcritical),CAUTION,0.55,-0.0659,0.0971,0.4179,-0.1147,-0.123,False,False,
CVX,Chevron Corporation,Energy,2024-Q2,2024-06-30,usd,1.25,2.0784,142.3671875,2339.60009765625,4.72,4.19,153.97,17.74,260.38,45.16,0.1121,0.1357,0.0052,1.5,0.1496,False,0.5766,-0.1617,-0.0115,0.554,0.9883,0.0797,0.8932,median,0.1456,0.0142,0.0257,Regime 2 (Subcritical),CAUTION,0.55,-0.0602,-0.0436,0.1535,-0.1175,-0.1175,False,False,
CVX,Chevron Corporation,Energy,2024-Q3,2024-09-30,usd,1.25,2.0784,135.53939819335938,2659.39990234375,4.72,4.76,153.97,17.95,243.58,45.35,0.1131,0.1382,0.0035,0.3,0.159,False,0.5669,-0.2135,-0.0988,1.0,1.0605,0.2344,0.7399,median,0.1169,-0.1421,-0.0434,Regime 2 (Subcritical),CAUTION,0.55,0.1603,0.1023,0.4943,-0.0725,-0.0725,False,False,
CVX,Chevron Corporation,Energy,2024-Q4,2024-12-31,usd,1.25,2.0784,134.6627655029297,2641.0,4.58,4.76,153.97,17.95,237.09,45.32,0.1131,0.14,0.0118,-10.2,0.2108,False,0.564,-0.0916,0.0035,1.0,1.0338,0.0849,0.887,median,0.0903,-0.0407,-0.0442,Regime 2 (Subcritical),CAUTION,0.55,0.0286,0.101,0.5041,-0.0665,-0.0665,False,False,
CVX,Chevron Corporation,Energy,2025-Q1,2025-03-31,usd,1.25,2.0784,157.2604522705078,3122.800048828125,4.57,4.88,153.97,14.0,274.64,44.36,0.0881,0.1411,0.0037,-4.4,0.1734,False,0.5887,0.0188,0.0855,100.0,1.3186,0.0475,0.9335,median,0.0652,0.0451,-0.0404,Regime 2 (Subcritical),CAUTION,0.55,-0.045,0.2924,0.2879,-0.2006,-0.2006,True,True,
CVX,Chevron Corporation,Energy,2025-Q2,2025-06-30,usd,1.25,2.0784,136.24485778808594,3307.699951171875,4.57,3.56,153.97,9.96,235.43,43.01,0.0632,0.1415,0.0038,-1.3,0.1733,False,0.5811,-0.0948,-0.0521,1.0,1.2442,0.0613,0.9158,median,0.0417,-0.1007,-0.0486,Regime 2 (Subcritical),CAUTION,0.55,0.0781,0.2061,0.4866,0.0,0.0,False,False,
CVX,Chevron Corporation,Energy,2025-Q3,2025-09-30,usd,1.25,2.0784,149.40280151367188,3873.199951171875,4.57,6.1,153.97,14.16,300.83,44.7,0.0884,0.141,0.0045,0.6,0.1861,False,0.5981,0.2056,0.2256,100.0,1.2548,0.0277,0.9601,median,0.0197,0.2111,-0.0145,Regime 3 (Parasitic),DANGER,0.806,0.3604,0.3557,0.3557,-0.0444,-0.0444,False,False,False
CVX,Chevron Corporation,Energy,2025-Q4,2025-12-31,usd,1.25,2.0784,148.2696533203125,4341.10009765625,4.57,6.1,153.97,14.16,295.86,44.7,0.0884,0.1401,0.184,9.8,0.2055,False,0.5959,0.2347,0.2352,100.0,1.4123,0.0216,0.9685,median,0.0005,0.2214,-0.0137,Regime 3 (Parasitic),DANGER,0.835,0.1078,0.366,0.366,0.0,0.0,False,False,False
CVX,Chevron Corporation,Energy,2026-Q1,2026-03-31,usd,1.25,2.0784,203.24838256835938,4647.60009765625,4.57,4.26,153.97,8.84,404.79,42.91,0.0559,0.1388,0.0046,0.9,0.1806,False,0.6459,0.4381,0.421,100.0,1.2793,0.0296,0.9575,median,-0.0166,0.3879,-0.0331,Regime 3 (Parasitic),DANGER,0.95,-0.0035,-0.0035,-0.0035,-0.1918,-0.1918,False,False,True
CVX,Chevron Corporation,Energy,2026-Q2,2026-06-30,usd,1.25,2.0784,164.32589721679688,4038.5,4.57,5.26,153.97,48.29,324.67,53.02,0.3033,0.137,0.0032,-6.0,0.1212,False,0.5618,0.1459,0.1122,1.537,1.0102,0.0203,0.9705,median,-0.0324,0.3214,0.2092,Regime 2 (Subcritical),CAUTION,0.55,0.2326,0.2326,0.2326,-0.0004,-0.0004,False,False,
COP,ConocoPhillips,Energy,2017-Q1,2017-03-31,usd,1.25,2.0784,37.0146484375,1247.300048828125,9.9,0.63,54.44,2.34,45.79,16.83,0.0426,0.1071,0.0939,12.1,0.2065,False,0.5046,0.2647,0.4108,100.0,0.8662,-0.0342,1.0,median,0.172,0.2054,-0.2054,Regime 3 (Parasitic),DANGER,0.815,0.0154,0.2158,0.3919,-0.1378,-0.1378,False,False,False
COP,ConocoPhillips,Energy,2017-Q2,2017-06-30,usd,1.25,2.0784,32.81074523925781,1240.699951171875,9.9,0.54,46.85,10.66,39.93,16.99,0.2249,0.1036,0.0967,16.1,-0.4868,True,0.4183,0.1268,0.2435,100.0,0.84,-0.0019,1.0,median,0.1387,0.0683,-0.1751,Regime 2 (Subcritical),CAUTION,0.55,0.263,0.6172,0.4424,-0.0273,-0.0273,False,False,
COP,ConocoPhillips,Energy,2017-Q3,2017-09-30,usd,1.25,2.0784,37.584285736083984,1281.5,9.9,0.53,46.67,1.68,44.93,14.69,0.0356,0.11,0.0071,-30.8,0.2649,False,0.4995,0.3156,0.4385,100.0,0.8398,0.0145,0.9786,median,0.1458,0.128,-0.3105,Regime 3 (Parasitic),DANGER,0.866,0.1912,0.5678,0.1761,-0.0288,-0.0288,False,False,False
COP,ConocoPhillips,Energy,2017-Q4,2017-12-31,usd,1.25,2.0784,41.439292907714844,1306.300048828125,9.9,0.53,45.68,1.68,48.67,14.45,0.0364,0.1093,0.0359,-14.1,-0.0248,True,0.5026,0.2848,0.3472,100.0,0.9512,0.134,0.8327,median,0.0734,0.062,-0.2852,Regime 3 (Parasitic),DANGER,0.935,0.2705,0.1473,0.2234,-0.0546,-0.0586,False,False,False
COP,ConocoPhillips,Energy,2018-Q1,2018-03-31,usd,1.25,2.0784,45.00197982788086,1322.800048828125,9.9,0.4,46.0,3.55,52.66,14.96,0.0766,0.1057,0.0054,-25.4,0.1466,False,0.4937,0.2685,0.2573,100.0,0.9488,0.0628,0.9139,median,-0.0127,0.1397,-0.1176,Regime 3 (Parasitic),DANGER,0.818,0.3434,0.1685,-0.4744,-0.0063,-0.5932,False,True,True
COP,ConocoPhillips,Energy,2018-Q2,2018-06-30,usd,1.25,2.0784,53.060672760009766,1251.300048828125,9.9,0.47,46.31,6.56,61.66,15.81,0.1402,0.1026,0.0051,-37.1,0.234,False,0.4875,0.5146,0.5063,100.0,0.8991,0.0421,0.9406,median,-0.0094,0.4346,-0.0717,Regime 3 (Parasitic),DANGER,0.95,-0.0934,-0.0947,-0.3686,-0.1619,-0.6569,False,True,True
COP,ConocoPhillips,Energy,2018-Q3,2018-09-30,usd,1.25,2.0784,59.23242950439453,1191.5,9.9,0.48,44.74,7.44,68.19,15.64,0.1646,0.1019,0.0048,-28.1,0.2523,False,0.4976,0.4243,0.3548,6.695,0.8039,0.1073,0.8613,median,-0.0762,0.4171,0.0623,Regime 3 (Parasitic),DANGER,0.95,-0.1573,-0.2733,-0.5714,-0.3569,-0.7066,True,True,True
COP,ConocoPhillips,Energy,2018-Q4,2018-12-31,usd,1.25,2.0784,47.915775299072266,1278.300048828125,9.9,0.48,45.7,7.44,54.36,15.88,0.1612,0.1033,0.0077,-4.8,0.2028,False,0.4652,0.0655,0.0159,1.169,1.0437,-0.0618,1.0,median,-0.0565,0.1104,0.0945,Regime 2 (Subcritical),CAUTION,0.55,0.0079,0.0663,-0.3176,-0.1795,-0.6257,False,True,
COP,ConocoPhillips,Energy,2019-Q1,2019-03-31,usd,1.25,2.0784,51.52235794067383,1293.0,9.9,0.61,45.94,7.33,58.23,15.95,0.1575,0.1056,0.0049,-34.5,0.2625,False,0.4733,0.0376,0.0368,1.578,0.9107,0.0813,0.8914,median,-0.0009,0.1006,0.0638,Regime 2 (Subcritical),CAUTION,0.55,-0.136,-0.5565,-0.1567,-0.6567,-0.6567,True,True,
COP,ConocoPhillips,Energy,2019-Q2,2019-06-30,usd,1.25,2.0784,47.32571792602539,1409.699951171875,9.9,0.52,44.33,6.32,52.54,15.27,0.1409,0.1084,0.0058,-46.6,0.2837,False,0.4693,-0.1699,-0.1252,1.0,1.041,0.0206,0.97,median,0.055,-0.1601,-0.0349,Regime 2 (Subcritical),CAUTION,0.55,0.0571,-0.3166,0.0162,-0.6286,-0.6286,True,True,
COP,ConocoPhillips,Energy,2019-Q3,2019-09-30,usd,1.25,2.0784,44.43153762817383,1465.699951171875,9.9,0.35,43.81,12.22,48.75,16.57,0.2768,0.111,0.0048,-41.2,0.3019,False,0.4175,-0.4602,-0.3935,-5.793,1.2042,-0.001,1.0,median,0.0853,-0.3355,0.0579,Regime 1 (Virtuous),HEALTHY,0.629,-0.4784,-0.4102,0.2825,-0.5963,-0.5963,True,True,False
COP,ConocoPhillips,Energy,2019-Q4,2019-12-31,usd,1.25,2.0784,51.092254638671875,1519.5,9.9,0.35,42.27,12.22,55.24,16.19,0.2868,0.1161,0.0047,0.8,0.2644,False,0.4339,-0.0971,-0.003,0.844,0.9223,0.2442,0.7319,median,0.1169,0.0161,0.0191,Regime 2 (Subcritical),CAUTION,0.55,-0.3428,-0.36,0.1919,-0.6489,-0.6489,True,True,
COP,ConocoPhillips,Energy,2020-Q1,2020-03-31,usd,1.25,2.0784,24.369962692260742,1583.4000244140625,9.9,0.35,40.65,5.77,26.13,14.17,0.1408,0.1229,0.0093,-31.6,-0.554,True,0.4441,-0.787,-0.6828,1.0,1.3633,-0.1008,1.0,median,0.1509,-0.8011,-0.1184,Regime 2 (Subcritical),CAUTION,0.55,0.0753,0.7926,2.4947,-0.0403,-0.0403,False,False,
COP,ConocoPhillips,Energy,2020-Q2,2020-06-30,usd,1.25,2.0784,33.580081939697266,1800.5,9.9,0.62,41.12,1.04,36.02,13.17,0.0249,0.128,0.0107,-52.3,-0.0732,True,0.4904,-0.3439,-0.2298,1.0,1.2425,0.0122,0.982,median,0.1662,-0.3776,-0.1477,Regime 2 (Subcritical),CAUTION,0.55,-0.0492,0.5073,1.3057,-0.3035,-0.3035,True,True,
COP,ConocoPhillips,Energy,2020-Q3,2020-09-30,usd,1.25,2.0784,26.511655807495117,1895.5,9.9,0.38,41.27,5.26,28.44,14.2,0.1262,0.1301,0.0099,-58.7,-0.1534,True,0.449,-0.4939,-0.3847,1.0,1.1182,0.0992,0.8705,median,0.1586,-0.539,-0.1543,Regime 2 (Subcritical),CAUTION,0.55,0.6478,1.1409,2.391,-0.1178,-0.1178,False,False,
COP,ConocoPhillips,Energy,2020-Q4,2020-12-31,usd,1.25,2.0784,32.68080520629883,1895.0999755859375,9.9,0.38,39.89,5.26,44.27,13.86,0.1305,0.1316,0.0098,-53.5,0.1318,False,0.4593,-0.1549,-0.066,1.0,1.0728,0.1158,0.852,median,0.125,-0.2212,-0.1552,Regime 2 (Subcritical),CAUTION,0.55,0.5992,0.866,2.2038,-0.0105,-0.0105,False,False,
COP,ConocoPhillips,Energy,2021-Q1,2021-03-31,usd,1.25,2.0784,43.68593978881836,1713.800048828125,9.9,1.24,58.27,3.93,58.95,18.34,0.066,0.1326,0.0054,-54.6,0.1077,False,0.4989,0.495,0.5555,3.153,0.7041,0.3339,0.6663,median,0.0766,0.8134,0.258,Regime 3 (Parasitic),DANGER,0.95,0.3044,0.9495,1.0366,-0.0816,-0.0816,False,False,False
COP,ConocoPhillips,Energy,2021-Q2,2021-06-30,usd,1.25,2.0784,50.61688232421875,1771.5999755859375,9.9,0.47,57.72,8.36,67.78,19.11,0.1437,0.1325,0.0057,-74.7,0.2772,False,0.486,0.2339,0.26,1.698,0.7098,0.2339,0.7403,median,0.0343,0.6323,0.3723,Regime 2 (Subcritical),CAUTION,0.55,0.2138,0.5297,0.8562,-0.1323,-0.1323,False,False,
COP,ConocoPhillips,Energy,2021-Q3,2021-09-30,usd,1.25,2.0784,56.757530212402344,1757.0,9.9,0.51,56.69,9.52,74.86,19.15,0.1664,0.1325,0.0051,-66.8,0.333,False,0.4905,0.6544,0.6687,3.236,0.7237,0.1319,0.8348,median,0.0186,0.9678,0.2991,Regime 3 (Parasitic),DANGER,0.95,0.5005,0.5839,0.932,0.0,0.0,False,False,False
COP,ConocoPhillips,Energy,2021-Q4,2021-12-31,usd,1.25,2.0784,60.98282241821289,1828.5999755859375,9.9,0.51,64.91,9.52,79.25,21.21,0.1455,0.133,0.0078,-67.2,0.2192,False,0.4959,0.1482,0.1566,1.368,0.7604,0.1941,0.7745,median,0.011,0.5822,0.4256,Regime 2 (Subcritical),CAUTION,0.55,0.2862,0.7169,0.751,0.0,0.0,False,False,
COP,ConocoPhillips,Energy,2022-Q1,2022-03-31,usd,1.25,2.0784,85.1658706665039,1949.199951171875,9.9,0.75,64.64,23.04,110.16,24.58,0.3523,0.1335,0.0036,-50.1,0.1073,False,0.4869,0.3263,0.3321,2.133,0.9974,0.0986,0.8711,median,0.0068,0.6252,0.2932,Regime 2 (Subcritical),CAUTION,0.55,0.0692,0.0447,0.3847,-0.1739,-0.1739,False,False,
COP,ConocoPhillips,Energy,2022-Q2,2022-06-30,usd,1.25,2.0784,77.42706298828125,1807.300048828125,9.9,0.38,64.01,20.58,98.57,23.72,0.3196,0.1367,0.003,-45.6,0.128,False,0.4779,0.1303,0.1586,1.734,1.1582,-0.1299,1.0,median,0.0313,0.3745,0.2159,Regime 2 (Subcritical),CAUTION,0.55,0.3338,0.2135,0.3774,-0.0913,-0.0913,False,False,
COP,ConocoPhillips,Energy,2022-Q3,2022-09-30,usd,1.25,2.0784,89.900634765625,1672.0,9.9,0.59,63.67,18.11,112.02,23.07,0.2818,0.1414,0.0031,-49.5,0.1632,False,0.5098,0.1538,0.2171,2.168,1.1432,-0.1785,1.0,median,0.0646,0.4031,0.1859,Regime 2 (Subcritical),CAUTION,0.55,-0.0104,0.2198,0.094,-0.0642,-0.0642,False,False,
COP,ConocoPhillips,Energy,2022-Q4,2022-12-31,usd,1.25,2.0784,104.70249938964844,1826.199951171875,9.9,0.59,64.87,18.11,127.61,23.37,0.2766,0.1467,0.0043,-45.6,0.2683,False,0.5327,0.2829,0.3795,4.919,1.2397,-0.1436,1.0,median,0.0978,0.4764,0.0968,Regime 3 (Parasitic),DANGER,0.833,-0.0639,0.0638,-0.0852,-0.1619,-0.1619,False,False,False
COP,ConocoPhillips,Energy,2023-Q1,2023-03-31,usd,1.25,2.0784,88.96949005126953,1969.0,9.9,0.64,65.09,11.68,107.66,21.83,0.1777,0.1523,0.0042,-56.8,0.2085,False,0.5267,-0.0295,0.0959,1.0,1.1137,-0.0839,1.0,median,0.1317,-0.023,-0.1189,Regime 2 (Subcritical),CAUTION,0.55,0.2325,0.3255,0.097,-0.0314,-0.0506,False,False,
COP,ConocoPhillips,Energy,2023-Q2,2023-06-30,usd,1.25,2.0784,93.95550537109375,1929.4000244140625,9.9,0.82,65.45,8.93,112.51,21.27,0.1347,0.1571,0.1214,24.5,0.1785,False,0.5438,0.1044,0.241,100.0,0.908,0.0933,0.8772,median,0.139,0.1323,-0.1087,Regime 2 (Subcritical),CAUTION,0.55,0.1365,0.1351,-0.0772,-0.0316,-0.1612,False,False,
COP,ConocoPhillips,Energy,2023-Q3,2023-09-30,usd,1.25,2.0784,109.65737915039062,1866.0999755859375,9.9,0.68,65.56,11.19,130.21,21.83,0.169,0.1606,0.0983,21.8,0.2427,False,0.5593,0.0714,0.2055,100.0,0.9333,0.0803,0.8925,median,0.1273,0.1504,-0.0551,Regime 2 (Subcritical),CAUTION,0.55,0.1002,-0.0825,-0.1331,-0.1036,-0.2648,False,True,
COP,ConocoPhillips,Energy,2023-Q4,2023-12-31,usd,1.25,2.0784,106.77887725830078,2071.800048828125,9.9,0.68,70.04,11.19,125.62,22.95,0.1583,0.1634,0.1482,21.1,0.223,False,0.5478,-0.1045,0.0021,1.0,0.9132,0.0303,0.9566,median,0.1079,-0.0157,-0.0179,Regime 2 (Subcritical),CAUTION,0.55,-0.0141,-0.1512,-0.1489,-0.1684,-0.2715,False,True,
COP,ConocoPhillips,Energy,2024-Q1,2024-03-31,usd,1.25,2.0784,117.92683410644531,2217.39990234375,9.9,0.71,69.91,10.2,137.92,22.68,0.1445,0.1656,0.1164,24.7,0.1725,False,0.5664,0.1243,0.2093,6.452,0.8807,0.0926,0.878,median,0.0834,0.2477,0.0384,Regime 2 (Subcritical),CAUTION,0.55,-0.1751,-0.1602,0.0917,-0.2915,-0.339,True,True,
COP,ConocoPhillips,Energy,2024-Q2,2024-06-30,usd,1.25,2.0784,106.64896392822266,2339.60009765625,9.9,0.66,70.23,9.32,123.85,22.52,0.1314,0.1671,0.1312,27.2,0.1764,False,0.5525,-0.025,0.0389,1.682,0.9883,0.0797,0.8932,median,0.0619,0.096,0.0571,Regime 2 (Subcritical),CAUTION,0.55,-0.1404,-0.1908,-0.0315,-0.2609,-0.2609,True,True,
COP,ConocoPhillips,Energy,2024-Q3,2024-09-30,usd,1.25,2.0784,98.87410736083984,2659.39990234375,9.9,0.74,70.72,8.24,113.8,22.4,0.1152,0.1679,0.1461,28.8,0.1987,False,0.5433,-0.2046,-0.1605,-5.237,1.0605,0.2344,0.7399,median,0.045,-0.1347,0.0257,Regime 2 (Subcritical),CAUTION,0.55,0.0127,-0.0726,0.2702,-0.203,-0.203,True,True,
COP,ConocoPhillips,Energy,2024-Q4,2024-12-31,usd,1.25,2.0784,93.7867202758789,2641.0,9.9,0.74,70.72,8.24,119.33,22.4,0.1152,0.1681,0.0122,-86.7,0.2423,False,0.5502,-0.0566,-0.027,1.0,1.0338,0.0849,0.887,median,0.0281,-0.0513,-0.0243,Regime 2 (Subcritical),CAUTION,0.55,-0.0569,-0.0234,0.339,-0.1597,-0.1597,False,False,
COP,ConocoPhillips,Energy,2025-Q1,2025-03-31,usd,1.25,2.0784,100.12511444091797,3122.800048828125,9.9,0.76,70.72,11.4,126.4,23.2,0.1594,0.1676,0.0051,-81.2,0.2091,False,0.5469,-0.1221,-0.1097,-3.881,1.3186,0.0475,0.9335,median,0.0121,-0.0872,0.0225,Regime 2 (Subcritical),CAUTION,0.55,-0.072,0.3,0.2543,-0.2129,-0.2129,True,True,
COP,ConocoPhillips,Energy,2025-Q2,2025-06-30,usd,1.25,2.0784,86.28545379638672,3307.699951171875,9.9,1.0,70.72,7.88,107.77,22.38,0.1099,0.1672,0.006,-83.0,0.2032,False,0.5361,-0.1328,-0.1325,1.0,1.2442,0.0613,0.9158,median,0.0003,-0.1391,-0.0066,Regime 2 (Subcritical),CAUTION,0.55,0.0504,0.1969,0.4555,-0.0376,-0.0376,False,False,
COP,ConocoPhillips,Energy,2025-Q3,2025-09-30,usd,1.25,2.0784,91.69904327392578,3873.199951171875,9.9,1.08,70.72,6.9,113.31,22.15,0.0961,0.1662,0.0056,-70.5,0.217,False,0.5467,0.0173,0.0069,1.0,1.2548,0.0277,0.9601,median,-0.0103,-0.0042,-0.0111,Regime 2 (Subcritical),CAUTION,0.55,0.4194,0.3695,0.3695,-0.0944,-0.0944,False,False,
COP,ConocoPhillips,Energy,2025-Q4,2025-12-31,usd,1.25,2.0784,91.59103393554688,4341.10009765625,9.9,1.08,70.72,6.9,111.96,22.15,0.0961,0.1648,0.0145,-106.1,0.2608,False,0.545,-0.0326,-0.0527,1.0,1.4123,0.0216,0.9685,median,-0.0198,-0.0638,-0.0111,Regime 2 (Subcritical),CAUTION,0.55,0.1195,0.3711,0.3711,0.0,0.0,False,False,
COP,ConocoPhillips,Energy,2026-Q1,2026-03-31,usd,1.25,2.0784,130.1581268310547,4647.60009765625,9.9,0.77,70.72,8.73,158.57,22.53,0.1221,0.1629,0.0053,-74.2,0.2111,False,0.592,0.285,0.2558,100.0,1.2793,0.0296,0.9575,median,-0.0284,0.2268,-0.029,Regime 3 (Parasitic),DANGER,0.885,-0.0351,-0.0351,-0.0351,-0.2122,-0.2122,True,True,True
COP,ConocoPhillips,Energy,2026-Q2,2026-06-30,usd,1.25,2.0784,103.27119445800781,4038.5,9.9,0.75,70.72,15.72,124.06,24.28,0.22,0.161,0.0044,-66.5,0.1924,False,0.5283,0.0983,0.0594,1.73,1.0102,0.0203,0.9705,median,-0.0374,0.1408,0.0814,Regime 2 (Subcritical),CAUTION,0.55,0.2161,0.2161,0.2161,-0.0071,-0.0071,False,False,
SLB,SLB (Schlumberger Limited),Energy,2017-Q1,2017-03-31,usd,1.25,2.0784,59.69908905029297,1247.300048828125,34.79,1.24,12.51,3.03,82.95,12.89,0.2203,0.2271,0.0076,-141.8,0.142,False,0.5618,-0.0956,-0.1631,0.444,0.8662,-0.0342,1.0,median,-0.0794,0.13,0.293,Regime 2 (Subcritical),CAUTION,0.55,-0.0932,-0.1454,-0.4032,-0.2031,-0.5235,True,True,
SLB,SLB (Schlumberger Limited),Energy,2017-Q2,2017-06-30,usd,1.25,2.0784,50.68922424316406,1240.699951171875,34.69,1.22,12.36,3.8,70.18,13.02,0.2798,0.2263,0.0069,-143.6,0.1482,False,0.5253,-0.0702,-0.14,1.0,0.84,-0.0019,1.0,median,-0.0831,-0.142,-0.002,Regime 2 (Subcritical),CAUTION,0.55,0.0397,0.049,-0.3497,-0.0614,-0.4404,False,True,
SLB,SLB (Schlumberger Limited),Energy,2017-Q3,2017-09-30,usd,1.25,2.0784,54.133358001708984,1281.5,34.65,1.22,12.34,4.24,74.99,13.11,0.3125,0.2294,0.0064,-156.7,0.1422,False,0.5358,-0.0919,-0.0972,-971.087,0.8398,0.0145,0.9786,median,-0.0063,-0.0971,0.0001,Regime 2 (Subcritical),CAUTION,0.55,-0.0516,-0.0944,-0.4649,-0.1156,-0.5182,False,True,
SLB,SLB (Schlumberger Limited),Energy,2017-Q4,2017-12-31,usd,1.25,2.0784,52.7021598815918,1306.300048828125,34.47,1.22,11.58,4.24,72.94,12.88,0.3311,0.2353,0.014,-29.3,0.1038,False,0.5351,-0.2086,-0.1807,1.0,0.9512,0.134,0.8327,median,0.0328,-0.1962,-0.0155,Regime 2 (Subcritical),CAUTION,0.55,-0.0219,-0.4635,-0.3684,-0.4768,-0.5242,True,True,
SLB,SLB (Schlumberger Limited),Energy,2018-Q1,2018-03-31,usd,1.25,2.0784,51.0185432434082,1322.800048828125,34.34,1.13,11.56,3.9,70.67,12.73,0.3071,0.2427,0.0062,-158.9,0.1716,False,0.5324,-0.2065,-0.1478,1.0,0.9488,0.0628,0.9139,median,0.0665,-0.1603,-0.0125,Regime 2 (Subcritical),CAUTION,0.55,-0.0256,-0.2874,-0.7698,-0.431,-0.7911,True,True,
SLB,SLB (Schlumberger Limited),Energy,2018-Q2,2018-06-30,usd,1.25,2.0784,53.17549133300781,1251.300048828125,34.21,1.16,11.5,4.38,73.6,12.81,0.3457,0.2493,0.0339,5.9,0.1637,False,0.5375,-0.023,0.0636,100.0,0.8991,0.0421,0.9406,median,0.0971,0.0476,-0.016,Regime 2 (Subcritical),CAUTION,0.55,-0.4281,-0.3628,-0.6962,-0.4517,-0.7981,True,True,
SLB,SLB (Schlumberger Limited),Energy,2018-Q3,2018-09-30,usd,1.25,2.0784,48.714019775390625,1191.5,34.06,1.13,11.74,4.61,67.46,12.88,0.3581,0.2564,0.0144,2.6,0.1598,False,0.5176,-0.1899,-0.0884,1.0,0.8039,0.1073,0.8613,median,0.1114,-0.1058,-0.0174,Regime 2 (Subcritical),CAUTION,0.55,-0.2766,-0.4155,-0.7217,-0.4737,-0.7879,True,True,
SLB,SLB (Schlumberger Limited),Energy,2018-Q4,2018-12-31,usd,1.25,2.0784,29.165952682495117,1278.300048828125,33.66,1.13,11.68,4.61,40.34,12.77,0.3598,0.2638,0.0126,-39.9,0.0747,False,0.4275,-0.6841,-0.584,1.0,1.0437,-0.0618,1.0,median,0.1142,-0.5924,-0.0083,Regime 2 (Subcritical),CAUTION,0.55,0.1182,0.1773,-0.337,-0.113,-0.6419,False,True,
SLB,SLB (Schlumberger Limited),Energy,2019-Q1,2019-03-31,usd,1.25,2.0784,35.628379821777344,1293.0,33.56,1.14,11.53,3.63,49.35,12.47,0.2866,0.271,0.0061,-3.0,0.0834,False,0.4692,-0.432,-0.338,1.0,0.9107,0.0813,0.8914,median,0.1104,-0.3591,-0.021,Regime 2 (Subcritical),CAUTION,0.55,-0.2099,-0.6855,-0.3397,-0.7146,-0.7146,True,True,
SLB,SLB (Schlumberger Limited),Energy,2019-Q2,2019-06-30,usd,1.25,2.0784,32.960853576660156,1409.699951171875,33.44,1.17,11.36,3.87,45.59,12.46,0.309,0.2762,0.0058,0.8,0.0803,False,0.455,-0.5345,-0.4512,1.0,1.041,0.0206,0.97,median,0.1025,-0.4791,-0.0279,Regime 2 (Subcritical),CAUTION,0.55,0.0476,-0.5181,-0.1285,-0.6797,-0.6797,True,True,
SLB,SLB (Schlumberger Limited),Energy,2019-Q3,2019-09-30,usd,1.25,2.0784,28.784826278686523,1465.699951171875,23.39,1.18,9.61,4.38,39.85,9.64,0.4063,0.2805,0.0046,-10.0,0.086,False,0.453,-0.3066,-0.2365,1.0,1.2042,-0.001,1.0,median,0.0897,-0.5264,-0.2899,Regime 2 (Subcritical),CAUTION,0.55,-0.6001,-0.5239,-0.0565,-0.6372,-0.6372,True,True,
SLB,SLB (Schlumberger Limited),Energy,2019-Q4,2019-12-31,usd,1.25,2.0784,34.336666107177734,1519.5,23.13,1.18,9.27,4.38,47.54,9.49,0.4194,0.2859,0.0106,-57.6,0.0234,False,0.496,0.3959,0.4608,100.0,0.9223,0.2442,0.7319,median,0.0806,0.1643,-0.2965,Regime 3 (Parasitic),DANGER,0.946,-0.5326,-0.4368,-0.2191,-0.6958,-0.6958,True,True,True
SLB,SLB (Schlumberger Limited),Energy,2020-Q1,2020-03-31,usd,1.25,2.0784,11.692625045776367,1583.4000244140625,16.6,1.2,8.55,3.1,16.23,7.36,0.3184,0.2923,0.0045,-21.7,0.0699,False,0.3301,-0.6378,-0.5857,1.0,1.3633,-0.1008,1.0,median,0.0754,-1.1122,-0.5265,Regime 2 (Subcritical),CAUTION,0.55,0.172,1.0648,2.1868,-0.0667,-0.0667,False,False,
SLB,SLB (Schlumberger Limited),Energy,2020-Q2,2020-06-30,usd,1.25,2.0784,16.04861831665039,1800.5,16.58,0.89,7.73,1.58,22.28,6.7,0.1837,0.2973,0.0057,-64.2,-0.0959,True,0.4229,-0.1453,-0.0949,1.0,1.2425,0.0122,0.982,median,0.0734,-0.716,-0.6211,Regime 2 (Subcritical),CAUTION,0.55,0.1774,0.7781,1.0172,-0.2238,-0.2238,True,True,
SLB,SLB (Schlumberger Limited),Energy,2020-Q3,2020-09-30,usd,1.25,2.0784,13.668801307678223,1895.5,16.54,0.89,7.4,2.3,19.03,6.78,0.2776,0.2991,0.0057,-54.8,0.0118,False,0.3883,-0.4314,-0.3873,1.0,1.1182,0.0992,0.8705,median,0.0641,-0.7392,-0.3519,Regime 2 (Subcritical),CAUTION,0.55,0.7662,0.9417,1.3887,-0.0887,-0.0887,False,False,
SLB,SLB (Schlumberger Limited),Energy,2020-Q4,2020-12-31,usd,1.25,2.0784,19.2927303314209,1895.0999755859375,16.43,0.89,6.83,2.3,26.86,6.61,0.2982,0.3,0.0152,-122.9,-0.1879,True,0.4557,-0.2435,-0.2093,1.0,1.0728,0.1158,0.852,median,0.0481,-0.5709,-0.3616,Regime 2 (Subcritical),CAUTION,0.55,0.5281,0.396,1.5288,-0.0009,-0.0009,False,False,
SLB,SLB (Schlumberger Limited),Energy,2021-Q1,2021-03-31,usd,1.25,2.0784,24.14247703552246,1713.800048828125,16.38,0.86,6.62,2.66,33.76,6.63,0.3549,0.3007,0.0055,-33.0,0.0189,False,0.5021,0.8151,0.8376,100.0,0.7041,0.3339,0.6663,median,0.0285,0.7326,-0.105,Regime 3 (Parasitic),DANGER,0.95,0.1249,0.5434,0.8648,-0.0713,-0.0713,False,False,False
SLB,SLB (Schlumberger Limited),Energy,2021-Q2,2021-06-30,usd,1.25,2.0784,28.536100387573242,1771.5999755859375,16.3,0.82,6.47,3.23,39.91,6.7,0.4429,0.302,0.005,-22.3,0.0326,False,0.5341,0.5696,0.5817,459.477,0.7098,0.2339,0.7403,median,0.0159,0.583,0.0013,Regime 3 (Parasitic),DANGER,0.95,-0.0657,0.1345,0.5869,-0.174,-0.174,False,False,False
SLB,SLB (Schlumberger Limited),Energy,2021-Q3,2021-09-30,usd,1.25,2.0784,26.540613174438477,1757.0,16.25,0.88,6.38,3.63,37.23,6.79,0.5006,0.305,0.0048,-20.2,0.0938,False,0.5139,0.6555,0.6705,1071.211,0.7237,0.1319,0.8348,median,0.0195,0.6711,0.0006,Regime 3 (Parasitic),DANGER,0.95,0.404,0.2302,1.0335,-0.0385,-0.0385,False,False,False
SLB,SLB (Schlumberger Limited),Energy,2021-Q4,2021-12-31,usd,1.25,2.0784,26.931743621826172,1828.5999755859375,16.2,0.88,6.43,3.63,37.8,6.79,0.4969,0.3098,0.0094,-76.8,-0.0067,True,0.517,0.2911,0.3156,13.203,0.7604,0.1941,0.7745,median,0.032,0.3415,0.0259,Regime 3 (Parasitic),DANGER,0.941,0.1984,0.8115,0.7975,0.0,0.0,False,False,False
SLB,SLB (Schlumberger Limited),Energy,2022-Q1,2022-03-31,usd,1.25,2.0784,37.2625846862793,1949.199951171875,16.14,0.95,6.35,3.58,52.67,6.75,0.4895,0.3159,0.0048,-28.4,0.0994,False,0.5888,0.3845,0.426,23.668,0.9974,0.0986,0.8711,median,0.0492,0.4448,0.0188,Regime 3 (Parasitic),DANGER,0.934,-0.1221,0.2082,0.3761,-0.2388,-0.2388,True,True,True
SLB,SLB (Schlumberger Limited),Energy,2022-Q2,2022-06-30,usd,1.25,2.0784,32.373870849609375,1807.300048828125,16.11,0.96,6.39,4.64,45.79,7.02,0.6311,0.3228,0.0043,-10.4,0.1324,False,0.5488,0.0309,0.091,2.954,1.1582,-0.1299,1.0,median,0.0665,0.1375,0.0466,Regime 2 (Subcritical),CAUTION,0.55,0.4915,0.3988,0.3721,-0.1239,-0.1239,False,False,
SLB,SLB (Schlumberger Limited),Energy,2022-Q3,2022-09-30,usd,1.25,2.0784,32.65069580078125,1672.0,16.03,1.02,6.41,5.6,46.3,7.26,0.7544,0.3319,0.004,-10.7,0.1648,False,0.541,0.0669,0.1499,3.2,1.1432,-0.1785,1.0,median,0.0846,0.2181,0.0681,Regime 2 (Subcritical),CAUTION,0.55,0.3789,0.653,0.2274,0.0,0.0,False,False,
SLB,SLB (Schlumberger Limited),Energy,2022-Q4,2022-12-31,usd,1.25,2.0784,48.787513732910156,1826.199951171875,15.97,1.02,6.61,5.6,69.29,7.3,0.7346,0.344,0.0063,-16.6,0.116,False,0.622,0.4295,0.5331,8.304,1.2397,-0.1436,1.0,median,0.1048,0.6061,0.073,Regime 3 (Parasitic),DANGER,0.95,-0.0365,0.03,-0.2328,-0.1644,-0.2527,False,True,True
SLB,SLB (Schlumberger Limited),Energy,2023-Q1,2023-03-31,usd,1.25,2.0784,45.02058410644531,1969.0,16.13,1.06,6.69,5.56,64.17,7.36,0.7178,0.358,0.0361,9.3,0.1775,False,0.6065,-0.0079,0.1113,2.292,1.1137,-0.0839,1.0,median,0.1252,0.1975,0.0862,Regime 2 (Subcritical),CAUTION,0.55,0.1988,0.1389,-0.1067,-0.1277,-0.2198,False,True,
SLB,SLB (Schlumberger Limited),Energy,2023-Q2,2023-06-30,usd,1.25,2.0784,45.28386688232422,1929.4000244140625,16.09,1.04,6.8,6.32,64.36,7.56,0.8066,0.3731,0.027,7.1,0.1804,False,0.6011,0.124,0.2665,4.603,0.908,0.0933,0.8772,median,0.145,0.3404,0.0739,Regime 3 (Parasitic),DANGER,0.624,0.069,-0.0191,-0.2727,-0.106,-0.3225,False,True,True
SLB,SLB (Schlumberger Limited),Energy,2023-Q3,2023-09-30,usd,1.25,2.0784,53.97136306762695,1866.0999755859375,16.02,1.07,6.88,6.73,76.82,7.67,0.8475,0.3899,0.0201,5.3,0.1801,False,0.6302,0.2817,0.4514,9.212,0.9333,0.0803,0.8925,median,0.1611,0.5064,0.055,Regime 3 (Parasitic),DANGER,0.832,-0.044,-0.2528,-0.361,-0.3009,-0.428,True,True,True
SLB,SLB (Schlumberger Limited),Energy,2023-Q4,2023-12-31,usd,1.25,2.0784,48.40875244140625,2071.800048828125,17.32,1.07,7.24,6.73,69.1,8.09,0.8103,0.4082,0.0059,-36.0,0.122,False,0.602,-0.2746,-0.1057,-0.027,0.9132,0.0303,0.9566,median,0.171,-0.0027,0.1029,Regime 2 (Subcritical),CAUTION,0.55,-0.0814,-0.2543,-0.2156,-0.2736,-0.3655,True,True,
SLB,SLB (Schlumberger Limited),Energy,2024-Q1,2024-03-31,usd,1.25,2.0784,51.275909423828125,2217.39990234375,17.25,1.21,7.25,6.6,73.29,8.08,0.7792,0.427,0.0038,-2.5,0.1617,False,0.6132,-0.1395,0.0401,1.432,0.8807,0.0926,0.878,median,0.1762,0.1329,0.0928,Regime 2 (Subcritical),CAUTION,0.55,-0.2242,-0.223,-0.0155,-0.3201,-0.4061,True,True,
SLB,SLB (Schlumberger Limited),Energy,2024-Q2,2024-06-30,usd,1.25,2.0784,44.419281005859375,2339.60009765625,17.73,1.13,7.33,4.45,63.07,7.66,0.5256,0.4458,0.0037,-0.0,0.1168,False,0.5978,-0.2165,-0.033,-1.579,0.9883,0.0797,0.8932,median,0.1778,-0.0202,0.0128,Regime 2 (Subcritical),CAUTION,0.55,-0.178,-0.2536,0.0546,-0.3004,-0.3004,True,True,
SLB,SLB (Schlumberger Limited),Energy,2024-Q3,2024-09-30,usd,1.25,2.0784,39.753822326660156,2659.39990234375,17.68,1.11,7.36,4.74,56.14,7.72,0.5602,0.4615,0.0037,-6.2,0.1337,False,0.5723,-0.4855,-0.32,-49.54,1.0605,0.2344,0.7399,median,0.1686,-0.3137,0.0063,Regime 2 (Subcritical),CAUTION,0.55,0.0097,-0.1561,0.3125,-0.2282,-0.2282,True,True,
SLB,SLB (Schlumberger Limited),Energy,2024-Q4,2024-12-31,usd,1.25,2.0784,36.563167572021484,2641.0,17.61,1.11,7.36,4.74,51.22,7.7,0.5603,0.4751,0.0085,-28.2,0.0837,False,0.553,-0.4104,-0.2504,1.0,1.0338,0.0849,0.887,median,0.1518,-0.2994,-0.049,Regime 2 (Subcritical),CAUTION,0.55,-0.0677,0.0327,0.427,-0.1609,-0.1609,False,False,
SLB,SLB (Schlumberger Limited),Energy,2025-Q1,2025-03-31,usd,1.25,2.0784,40.14034652709961,3122.800048828125,17.6,1.07,7.4,3.19,54.6,7.31,0.3763,0.4869,0.004,0.4,0.12,False,0.581,-0.3293,-0.1951,1.0,1.3186,0.0475,0.9335,median,0.1312,-0.2944,-0.0993,Regime 2 (Subcritical),CAUTION,0.55,-0.1462,0.267,0.2998,-0.2356,-0.2356,True,True,
SLB,SLB (Schlumberger Limited),Energy,2025-Q2,2025-06-30,usd,1.25,2.0784,32.73146438598633,3307.699951171875,17.55,1.07,7.4,4.06,44.23,7.52,0.479,0.4952,0.0211,5.4,0.1304,False,0.5274,-0.4436,-0.3362,1.0,1.2442,0.0613,0.9158,median,0.1051,-0.3549,-0.0186,Regime 2 (Subcritical),CAUTION,0.55,0.1392,0.413,0.594,-0.054,-0.054,False,False,
SLB,SLB (Schlumberger Limited),Energy,2025-Q3,2025-09-30,usd,1.25,2.0784,33.54978942871094,3873.199951171875,22.1,0.97,8.0,2.96,50.12,8.5,0.3297,0.5017,0.0252,6.0,0.0855,False,0.5394,-0.2943,-0.2098,-1.176,1.2548,0.0277,0.9601,median,0.0834,-0.1134,0.0964,Regime 2 (Subcritical),CAUTION,0.55,0.5159,0.5552,0.5552,-0.0771,-0.0771,False,False,
SLB,SLB (Schlumberger Limited),Energy,2025-Q4,2025-12-31,usd,1.25,2.0784,37.76007080078125,4341.10009765625,21.78,0.97,7.89,2.96,56.46,8.4,0.3336,0.5052,0.0152,-46.2,0.0773,False,0.5656,-0.0513,0.011,1.127,1.4123,0.0216,0.9685,median,0.0613,0.0975,0.0865,Regime 2 (Subcritical),CAUTION,0.55,0.188,0.3818,0.3818,0.0,0.0,False,False,
SLB,SLB (Schlumberger Limited),Energy,2026-Q1,2026-03-31,usd,1.25,2.0784,50.85807800292969,4647.60009765625,21.75,1.04,7.75,3.01,76.03,8.39,0.3422,0.5063,0.0043,0.1,0.1093,False,0.6202,0.1541,0.1943,2.419,1.2793,0.0296,0.9575,median,0.0391,0.3312,0.1369,Regime 2 (Subcritical),CAUTION,0.55,0.0259,0.0259,0.0259,-0.118,-0.118,False,False,
SLB,SLB (Schlumberger Limited),Energy,2026-Q2,2026-06-30,usd,1.25,2.0784,46.25002670288086,4038.5,21.88,1.02,7.75,3.14,68.64,8.45,0.3587,0.5055,0.0107,2.5,0.1005,False,0.6012,0.3015,0.3231,3.776,1.0102,0.0203,0.9705,median,0.0207,0.4394,0.1164,Regime 3 (Parasitic),DANGER,0.801,0.1281,0.1281,0.1281,-0.0301,-0.0301,False,False,False
EOG,"EOG Resources, Inc.",Energy,2017-Q1,2017-03-31,usd,1.25,2.0784,70.87310791015625,1247.300048828125,3.57,0.39,25.61,0.43,40.91,7.5,0.0166,0.0888,0.0077,-15.3,-0.0242,True,0.5707,-0.1547,0.0831,5.128,0.8662,-0.0342,1.0,median,0.2799,0.1032,0.0201,Regime 2 (Subcritical),CAUTION,0.55,-0.0048,0.0865,-0.0106,-0.1446,-0.1446,False,False,
EOG,"EOG Resources, Inc.",Energy,2017-Q2,2017-06-30,usd,1.25,2.0784,65.87788391113281,1240.699951171875,3.57,0.43,25.58,0.51,38.04,7.52,0.0197,0.0847,0.0077,-8.1,0.0223,False,0.5609,-0.1917,0.0031,1.117,0.84,-0.0019,1.0,median,0.2317,0.0298,0.0266,Regime 2 (Subcritical),CAUTION,0.55,0.1964,0.3839,0.044,-0.0797,-0.0824,False,False,
EOG,"EOG Resources, Inc.",Energy,2017-Q3,2017-09-30,usd,1.25,2.0784,70.53549194335938,1281.5,3.57,0.45,25.72,0.86,40.78,7.65,0.0328,0.0785,0.0075,-5.6,0.0649,False,0.5642,-0.0734,-0.0388,0.209,0.8398,0.0145,0.9786,median,0.041,0.0103,0.0491,Regime 2 (Subcritical),CAUTION,0.55,0.0867,0.3211,-0.2242,-0.0129,-0.2509,False,True,
EOG,"EOG Resources, Inc.",Energy,2017-Q4,2017-12-31,usd,1.25,2.0784,78.81684875488281,1306.300048828125,3.57,0.45,25.67,1.9,45.61,7.9,0.0729,0.0731,0.0061,-13.7,0.1807,False,0.5675,0.2163,0.1049,100.0,0.9512,0.134,0.8327,median,-0.1309,0.0752,-0.0297,Regime 3 (Parasitic),DANGER,0.766,0.142,-0.197,-0.2196,-0.237,-0.3996,True,True,True
EOG,"EOG Resources, Inc.",Energy,2018-Q1,2018-03-31,usd,1.25,2.0784,77.00040435791016,1322.800048828125,3.57,0.38,26.38,3.5,44.57,8.46,0.1308,0.0701,0.0057,-7.9,0.2179,False,0.546,0.1741,-0.0344,0.714,0.9488,0.0628,0.9139,median,-0.2364,0.0857,0.1201,Regime 2 (Subcritical),CAUTION,0.55,0.2433,-0.0686,-0.6533,-0.191,-0.705,False,True,
EOG,"EOG Resources, Inc.",Energy,2018-Q2,2018-06-30,usd,1.25,2.0784,91.1684341430664,1251.300048828125,3.57,0.42,27.15,3.86,52.8,8.75,0.14,0.0707,0.0052,-11.8,0.1932,False,0.5661,0.338,0.177,2.172,0.8991,0.0421,0.9406,median,-0.1805,0.3279,0.151,Regime 2 (Subcritical),CAUTION,0.55,-0.2826,-0.2331,-0.5832,-0.3259,-0.7524,True,True,
EOG,"EOG Resources, Inc.",Energy,2018-Q3,2018-09-30,usd,1.25,2.0784,93.6065673828125,1191.5,3.57,0.45,27.95,6.03,54.28,9.5,0.2123,0.0732,0.0048,-11.9,0.1665,False,0.5491,0.1334,0.0696,1.322,0.8039,0.1073,0.8613,median,-0.07,0.2859,0.2163,Regime 2 (Subcritical),CAUTION,0.55,-0.262,-0.4214,-0.7109,-0.4414,-0.7663,True,True,
EOG,"EOG Resources, Inc.",Energy,2018-Q4,2018-12-31,usd,1.25,2.0784,64.1068344116211,1278.300048828125,3.57,0.45,28.08,4.49,37.19,9.15,0.1575,0.0788,0.0051,-13.3,0.2152,False,0.5062,-0.4168,-0.351,-1.39,1.0437,-0.0618,1.0,median,0.075,-0.2041,0.1469,Regime 2 (Subcritical),CAUTION,0.55,0.0721,-0.0282,-0.3954,-0.2524,-0.6536,True,True,
EOG,"EOG Resources, Inc.",Energy,2019-Q1,2019-03-31,usd,1.25,2.0784,70.12194061279297,1293.0,3.57,0.43,29.13,3.51,40.69,9.16,0.1186,0.0844,0.0235,3.9,0.2144,False,0.5273,-0.3285,-0.1708,-1.141,0.9107,0.0813,0.8914,median,0.1852,-0.0911,0.0798,Regime 2 (Subcritical),CAUTION,0.55,-0.2224,-0.6345,-0.2088,-0.689,-0.689,True,True,
EOG,"EOG Resources, Inc.",Energy,2019-Q2,2019-06-30,usd,1.25,2.0784,68.7774429321289,1409.699951171875,3.57,0.49,29.72,4.52,39.94,9.58,0.1497,0.089,0.0052,-0.4,0.1814,False,0.5126,-0.5565,-0.3695,-3.096,1.041,0.0206,0.97,median,0.2302,-0.2793,0.0902,Regime 2 (Subcritical),CAUTION,0.55,-0.1002,-0.4561,-0.071,-0.6769,-0.6769,True,True,
EOG,"EOG Resources, Inc.",Energy,2019-Q3,2019-09-30,usd,1.25,2.0784,54.97296142578125,1465.699951171875,3.57,0.54,30.2,3.31,31.98,9.41,0.1077,0.0934,0.0058,-1.6,0.2228,False,0.5053,-0.7096,-0.5195,1.0,1.2042,-0.001,1.0,median,0.2431,-0.5291,-0.0095,Regime 2 (Subcritical),CAUTION,0.55,-0.5252,-0.5004,0.1861,-0.596,-0.596,True,True,
EOG,"EOG Resources, Inc.",Energy,2019-Q4,2019-12-31,usd,1.25,2.0784,62.2980842590332,1519.5,3.57,0.54,30.36,3.46,36.26,9.48,0.1118,0.0967,0.0059,-19.8,0.2404,False,0.5133,-0.2266,-0.0614,-0.695,0.9223,0.2442,0.7319,median,0.2052,-0.0252,0.0362,Regime 2 (Subcritical),CAUTION,0.55,-0.3877,-0.3779,0.162,-0.6435,-0.6435,True,True,
EOG,"EOG Resources, Inc.",Energy,2020-Q1,2020-03-31,usd,1.25,2.0784,26.805185317993164,1583.4000244140625,3.57,0.46,29.69,0.23,15.6,8.49,0.0076,0.0994,0.0055,-15.6,0.1148,False,0.5685,-0.9955,-0.8827,1.0,1.3633,-0.1008,1.0,median,0.1634,-0.9587,-0.076,Regime 2 (Subcritical),CAUTION,0.55,0.0246,1.0871,2.6687,-0.0703,-0.0703,False,False,
EOG,"EOG Resources, Inc.",Energy,2020-Q2,2020-06-30,usd,1.25,2.0784,38.14356994628906,1800.5,3.57,0.53,29.23,1.32,22.21,8.66,0.0445,0.0997,1.155,52.9,-1.799,True,0.5254,-0.5649,-0.4867,1.0,1.2425,0.0122,0.982,median,0.114,-0.5868,-0.1001,Regime 2 (Subcritical),CAUTION,0.55,-0.0219,0.6968,1.4356,-0.3466,-0.3466,True,True,
EOG,"EOG Resources, Inc.",Energy,2020-Q3,2020-09-30,usd,1.25,2.0784,27.275917053222656,1895.5,3.57,0.5,28.63,2.69,15.91,8.85,0.0925,0.099,0.2428,22.7,0.1096,False,0.5184,-0.6774,-0.6369,1.0,1.1182,0.0992,0.8705,median,0.0589,-0.6981,-0.0612,Regime 2 (Subcritical),CAUTION,0.55,1.0511,1.3239,2.5149,-0.0863,-0.0863,False,False,
EOG,"EOG Resources, Inc.",Energy,2020-Q4,2020-12-31,usd,1.25,2.0784,38.22886657714844,1895.0999755859375,3.57,0.5,28.6,1.95,22.31,8.65,0.067,0.0984,0.0083,-8.7,0.2683,False,0.5136,-0.4067,-0.3943,1.0,1.0728,0.1158,0.852,median,0.0175,-0.4858,-0.0915,Regime 2 (Subcritical),CAUTION,0.55,0.7448,0.8862,1.9592,-0.0002,-0.0002,False,False,
EOG,"EOG Resources, Inc.",Energy,2021-Q1,2021-03-31,usd,1.25,2.0784,55.94630432128906,1713.800048828125,3.57,0.44,28.67,3.73,32.65,9.1,0.1281,0.0975,0.0067,-0.5,0.2902,False,0.5019,0.6837,0.6687,10.588,0.7041,0.3339,0.6663,median,-0.019,0.7385,0.0697,Regime 3 (Parasitic),DANGER,0.95,0.1655,0.7577,0.8176,-0.093,-0.093,False,False,False
EOG,"EOG Resources, Inc.",Energy,2021-Q2,2021-06-30,usd,1.25,2.0784,64.722412109375,1771.5999755859375,3.57,0.48,28.66,4.68,37.79,9.35,0.1607,0.0973,0.0061,-1.6,0.3075,False,0.5051,0.4743,0.4555,6.99,0.7098,0.2339,0.7403,median,-0.0247,0.5315,0.076,Regime 3 (Parasitic),DANGER,0.95,0.1269,0.4354,0.5792,-0.216,-0.216,True,True,True
EOG,"EOG Resources, Inc.",Energy,2021-Q3,2021-09-30,usd,1.25,2.0784,63.38785934448242,1757.0,3.57,0.57,28.55,5.88,37.09,9.64,0.2021,0.098,0.0056,1.1,0.3033,False,0.4885,0.7688,0.7604,9.861,0.7237,0.1319,0.8348,median,-0.0109,0.8462,0.0858,Regime 3 (Parasitic),DANGER,0.95,0.5514,0.5124,0.7981,0.0,0.0,False,False,False
EOG,"EOG Resources, Inc.",Energy,2021-Q4,2021-12-31,usd,1.25,2.0784,72.10774230957031,1828.5999755859375,3.57,0.57,28.43,5.88,42.21,9.61,0.2029,0.0999,0.0053,-4.0,0.298,False,0.5067,0.5217,0.5328,6.076,0.7604,0.1941,0.7745,median,0.0145,0.6377,0.105,Regime 3 (Parasitic),DANGER,0.95,0.3021,0.5688,0.5371,0.0,0.0,False,False,False
EOG,"EOG Resources, Inc.",Energy,2022-Q1,2022-03-31,usd,1.25,2.0784,98.3392562866211,1949.199951171875,3.57,0.5,28.46,2.18,57.6,8.68,0.0754,0.1027,0.1215,18.6,0.2987,False,0.5889,0.5719,0.6152,100.0,0.9974,0.0986,0.8711,median,0.0514,0.5676,-0.0476,Regime 3 (Parasitic),DANGER,0.95,-0.0143,0.0341,0.2007,-0.1802,-0.1802,False,False,False
EOG,"EOG Resources, Inc.",Energy,2022-Q2,2022-06-30,usd,1.25,2.0784,92.90100860595703,1807.300048828125,3.57,0.51,28.85,11.61,54.44,11.14,0.3955,0.1045,0.0082,2.3,0.135,False,0.5032,0.1257,0.1902,2.088,1.1582,-0.1299,1.0,median,0.0714,0.3652,0.1749,Regime 2 (Subcritical),CAUTION,0.55,0.2093,0.1002,0.2598,-0.1322,-0.1322,False,False,
EOG,"EOG Resources, Inc.",Energy,2022-Q3,2022-09-30,usd,1.25,2.0784,95.87075805664062,1672.0,3.57,0.65,29.1,14.66,56.31,11.99,0.4927,0.1094,0.0036,-2.7,0.1892,False,0.4877,0.0907,0.1994,1.913,1.1432,-0.1785,1.0,median,0.1107,0.4177,0.2183,Regime 2 (Subcritical),CAUTION,0.55,0.0607,0.1889,0.1958,-0.061,-0.061,False,False,
EOG,"EOG Resources, Inc.",Energy,2022-Q4,2022-12-31,usd,1.25,2.0784,113.12533569335938,1826.199951171875,3.57,0.65,29.43,14.66,66.49,12.08,0.4873,0.1179,0.0088,3.8,0.2947,False,0.5221,0.0624,0.2261,1.991,1.2397,-0.1436,1.0,median,0.1656,0.4543,0.2282,Regime 2 (Subcritical),CAUTION,0.55,-0.0597,0.0197,0.0462,-0.1718,-0.1718,False,False,
EOG,"EOG Resources, Inc.",Energy,2023-Q1,2023-03-31,usd,1.25,2.0784,101.68855285644531,1969.0,3.57,0.58,30.22,10.29,59.47,11.17,0.334,0.1287,0.0126,2.7,0.263,False,0.5254,-0.4356,-0.22,0.127,1.1137,-0.0839,1.0,median,0.2264,0.032,0.252,Regime 2 (Subcritical),CAUTION,0.55,0.1209,0.1611,0.1824,-0.0618,-0.0618,False,False,
EOG,"EOG Resources, Inc.",Energy,2023-Q2,2023-06-30,usd,1.25,2.0784,102.20943450927734,1929.4000244140625,3.57,0.57,30.91,7.88,59.51,10.73,0.2503,0.1396,0.0792,15.5,0.2821,False,0.541,-0.1592,0.1259,100.0,0.908,0.0933,0.8772,median,0.29,0.089,-0.0369,Regime 2 (Subcritical),CAUTION,0.55,0.0844,0.1451,0.1328,-0.0191,-0.0279,False,False,
EOG,"EOG Resources, Inc.",Energy,2023-Q3,2023-09-30,usd,1.25,2.0784,113.97994232177734,1866.0999755859375,3.57,0.64,31.72,10.23,66.47,11.54,0.316,0.1494,0.0766,15.9,0.2712,False,0.5422,-0.1241,0.2042,100.0,0.9333,0.0803,0.8925,median,0.3116,0.1658,-0.0385,Regime 2 (Subcritical),CAUTION,0.55,0.0619,0.031,-0.0148,-0.0892,-0.1064,False,False,
EOG,"EOG Resources, Inc.",Energy,2023-Q4,2023-12-31,usd,1.25,2.0784,110.83344268798828,2071.800048828125,3.57,0.64,32.3,10.23,64.28,11.68,0.3105,0.159,0.035,9.9,0.2827,False,0.5343,-0.2967,-0.0008,1.0,0.9132,0.0303,0.9566,median,0.2996,-0.0337,-0.0329,Regime 2 (Subcritical),CAUTION,0.55,0.0504,0.0205,-0.0748,-0.0911,-0.1088,False,False,
EOG,"EOG Resources, Inc.",Energy,2024-Q1,2024-03-31,usd,1.25,2.0784,118.07300567626953,2217.39990234375,3.57,0.65,33.08,9.08,67.86,11.59,0.2694,0.1683,0.0541,10.8,0.28,False,0.5496,-0.1788,0.0941,3.494,0.8807,0.0926,0.878,median,0.2677,0.1319,0.0377,Regime 2 (Subcritical),CAUTION,0.55,-0.0434,0.0163,0.1882,-0.0826,-0.1714,False,False,
EOG,"EOG Resources, Inc.",Energy,2024-Q2,2024-06-30,usd,1.25,2.0784,117.04075622558594,2339.60009765625,3.57,0.6,33.64,8.52,66.55,11.58,0.2488,0.1767,0.0422,8.2,0.288,False,0.5486,-0.2076,0.0353,1.462,0.9883,0.0797,0.8932,median,0.2354,0.1118,0.0764,Regime 2 (Subcritical),CAUTION,0.55,-0.035,-0.0257,0.0944,-0.1556,-0.156,False,False,
EOG,"EOG Resources, Inc.",Energy,2024-Q3,2024-09-30,usd,1.25,2.0784,115.1033935546875,2659.39990234375,3.57,0.67,34.13,8.36,64.74,11.68,0.2402,0.1841,0.0501,9.5,0.3113,False,0.5432,-0.2432,-0.0383,-2.203,1.0605,0.2344,0.7399,median,0.2088,-0.0263,0.012,Regime 2 (Subcritical),CAUTION,0.55,0.0582,-0.0586,0.214,-0.1368,-0.1373,False,False,
EOG,"EOG Resources, Inc.",Energy,2024-Q4,2024-12-31,usd,1.25,2.0784,115.60166931152344,2641.0,3.57,0.67,34.21,8.36,64.03,11.7,0.2396,0.1907,0.0228,4.9,0.3284,False,0.5411,-0.1966,-0.0053,-2.707,1.0338,0.0849,0.887,median,0.1816,-0.0039,0.0014,Regime 2 (Subcritical),CAUTION,0.55,0.0048,-0.1137,0.2088,-0.141,-0.141,False,False,
EOG,"EOG Resources, Inc.",Energy,2025-Q1,2025-03-31,usd,1.25,2.0784,121.79969024658203,3122.800048828125,3.57,0.68,34.63,7.44,66.48,11.58,0.2106,0.1964,0.0415,7.3,0.3348,False,0.5525,-0.1776,-0.0193,1.0,1.3186,0.0475,0.9335,median,0.1547,-0.0206,-0.0012,Regime 2 (Subcritical),CAUTION,0.55,-0.1006,0.1691,0.1473,-0.1847,-0.1847,False,False,
EOG,"EOG Resources, Inc.",Energy,2025-Q2,2025-06-30,usd,1.25,2.0784,114.64307403564453,3307.699951171875,3.57,0.74,35.36,6.99,62.59,11.67,0.1935,0.2012,0.0529,9.1,0.2995,False,0.5436,-0.2008,-0.0683,-8.766,1.2442,0.0613,0.9158,median,0.1297,-0.0613,0.007,Regime 2 (Subcritical),CAUTION,0.55,-0.1094,0.1233,0.2189,-0.1338,-0.1338,False,False,
EOG,"EOG Resources, Inc.",Energy,2025-Q3,2025-09-30,usd,1.25,2.0784,108.35336303710938,3873.199951171875,3.57,0.96,42.59,7.34,58.79,13.61,0.1687,0.2049,0.0061,-3.7,0.2561,False,0.5194,-0.3578,-0.2496,-0.629,1.2548,0.0277,0.9601,median,0.1067,-0.0964,0.1532,Regime 2 (Subcritical),CAUTION,0.55,0.3142,0.2897,0.2897,-0.0835,-0.0835,False,False,
EOG,"EOG Resources, Inc.",Energy,2025-Q4,2025-12-31,usd,1.25,2.0784,102.45663452148438,4341.10009765625,3.57,0.96,42.34,7.34,54.97,13.55,0.1696,0.2075,0.0058,-3.4,0.2395,False,0.5117,-0.3854,-0.2996,-1.04,1.4123,0.0216,0.9685,median,0.0846,-0.1527,0.1469,Regime 2 (Subcritical),CAUTION,0.55,0.2458,0.3639,0.3639,-0.0234,-0.0234,False,False,
EOG,"EOG Resources, Inc.",Energy,2026-Q1,2026-03-31,usd,1.25,2.0784,142.39935302734375,4647.60009765625,3.57,0.74,42.67,10.39,75.85,14.34,0.2394,0.2093,0.0053,0.3,0.2312,False,0.5387,-0.1473,-0.0822,0.616,1.2793,0.0296,0.9575,median,0.0633,0.1319,0.214,Regime 2 (Subcritical),CAUTION,0.55,-0.0187,-0.0187,-0.0187,-0.1047,-0.1047,False,False,
EOG,"EOG Resources, Inc.",Energy,2026-Q2,2026-06-30,usd,1.25,2.0784,128.77430725097656,4038.5,3.57,0.85,43.24,14.11,67.55,15.44,0.3201,0.211,0.0043,-6.4,0.2128,False,0.4966,-0.2538,-0.2044,0.271,1.0102,0.0203,0.9705,median,0.0476,0.0761,0.2805,Regime 2 (Subcritical),CAUTION,0.55,0.0852,0.0852,0.0852,-0.0088,-0.0088,False,False,
NEE,"NextEra Energy, Inc.",Utilities,2017-Q1,2017-03-31,usd,1.25,2.0784,25.235118865966797,1247.300048828125,1.89,6.27,68.4,9.62,47.24,21.54,0.1288,0.0626,1.315,83.7,0.2424,False,0.4947,0.1123,0.0502,100.0,0.8662,-0.0342,1.0,median,-0.0732,0.033,-0.0172,Regime 2 (Subcritical),CAUTION,0.55,0.1572,0.3072,0.5884,0.0,0.0,False,False,
NEE,"NextEra Energy, Inc.",Utilities,2017-Q2,2017-06-30,usd,1.25,2.0784,27.741485595703125,1240.699951171875,1.89,12.48,69.66,5.14,52.04,22.29,0.0626,0.0674,1.1884,82.3,0.1298,False,0.4852,0.1238,0.1243,37.638,0.84,-0.0019,1.0,median,0.0005,0.1277,0.0034,Regime 2 (Subcritical),CAUTION,0.55,0.129,0.2244,0.5408,-0.0093,-0.0093,False,False,
NEE,"NextEra Energy, Inc.",Utilities,2017-Q3,2017-09-30,usd,1.25,2.0784,29.2027645111084,1281.5,1.89,13.64,71.09,5.6,54.9,23.05,0.066,0.0692,1.106,80.3,0.153,False,0.4778,0.1938,0.2381,100.0,0.8398,0.0145,0.9786,median,0.0526,0.216,-0.0221,Regime 3 (Parasitic),DANGER,0.744,0.1281,0.1732,0.6719,-0.0036,-0.0036,False,False,False
NEE,"NextEra Energy, Inc.",Utilities,2017-Q4,2017-12-31,usd,1.25,2.0784,31.32080078125,1306.300048828125,1.91,13.64,72.42,0.94,59.01,22.23,0.011,0.0699,1.5888,95.1,-0.0573,True,0.5092,0.2151,0.2758,11.523,0.9512,0.134,0.8327,median,0.0714,0.302,0.0262,Regime 3 (Parasitic),DANGER,0.865,0.0921,0.1511,0.6425,-0.0632,-0.0632,False,False,False
NEE,"NextEra Energy, Inc.",Utilities,2018-Q1,2018-03-31,usd,1.25,2.0784,32.98691177368164,1322.800048828125,1.91,11.26,67.2,4.19,62.15,21.14,0.0534,0.0678,1.4748,88.3,0.1175,False,0.4951,0.2233,0.2932,100.0,0.9488,0.0628,0.9139,median,0.0793,0.2743,-0.0189,Regime 3 (Parasitic),DANGER,0.773,0.0461,0.2223,0.5908,-0.0366,-0.0366,False,False,False
NEE,"NextEra Energy, Inc.",Utilities,2018-Q2,2018-06-30,usd,1.25,2.0784,33.96537399291992,1251.300048828125,1.91,11.63,68.66,4.65,64.13,21.71,0.0579,0.066,1.4466,90.1,0.1308,False,0.4927,0.2538,0.2351,100.0,0.8991,0.0421,0.9406,median,-0.021,0.2088,-0.0263,Regime 3 (Parasitic),DANGER,0.804,0.0351,0.2437,0.478,-0.0218,-0.0218,False,False,False
NEE,"NextEra Energy, Inc.",Utilities,2018-Q3,2018-09-30,usd,1.25,2.0784,34.30453109741211,1191.5,1.91,13.79,68.57,3.88,65.59,22.04,0.0471,0.0646,1.3009,85.2,0.1002,False,0.4869,0.2847,0.2228,100.0,0.8039,0.1073,0.8613,median,-0.0679,0.1779,-0.0449,Regime 3 (Parasitic),DANGER,0.835,0.1727,0.4303,0.775,0.0,0.0,False,False,False
NEE,"NextEra Energy, Inc.",Utilities,2018-Q4,2018-12-31,usd,1.25,2.0784,35.800838470458984,1278.300048828125,1.46,13.79,70.33,4.43,68.45,22.5,0.0526,0.0633,1.407,87.0,0.075,False,0.4898,0.2232,0.136,11.975,1.0437,-0.0618,1.0,median,-0.0994,0.1484,0.0124,Regime 3 (Parasitic),DANGER,0.773,0.1891,0.4269,0.826,-0.0254,-0.0254,False,False,False
NEE,"NextEra Energy, Inc.",Utilities,2019-Q1,2019-03-31,usd,1.25,2.0784,40.08334732055664,1293.0,3.49,11.76,74.79,4.54,76.8,23.65,0.0525,0.0622,1.7893,97.7,0.0834,False,0.4963,0.1731,0.0997,1.89,0.9107,0.0813,0.8914,median,-0.0862,0.2117,0.112,Regime 2 (Subcritical),CAUTION,0.55,0.2286,0.3208,0.6268,-0.0247,-0.0247,False,False,
NEE,"NextEra Energy, Inc.",Utilities,2019-Q2,2019-06-30,usd,1.25,2.0784,42.74464416503906,1409.699951171875,3.5,12.89,76.14,6.99,81.9,24.88,0.0785,0.0612,1.3282,87.2,0.1522,False,0.483,0.17,0.1085,1.797,1.041,0.0206,0.97,median,-0.0757,0.2446,0.1361,Regime 2 (Subcritical),CAUTION,0.55,0.2017,0.1933,0.5145,-0.0951,-0.0951,False,False,
NEE,"NextEra Energy, Inc.",Utilities,2019-Q3,2019-09-30,usd,1.25,2.0784,48.8868408203125,1465.699951171875,4.13,15.92,79.0,6.37,95.62,26.35,0.0671,0.0609,1.138,81.1,0.138,False,0.485,0.2454,0.1982,2.109,1.2042,-0.001,1.0,median,-0.0603,0.377,0.1788,Regime 2 (Subcritical),CAUTION,0.55,0.0671,0.241,0.4012,-0.212,-0.212,True,True,
NEE,"NextEra Energy, Inc.",Utilities,2019-Q4,2019-12-31,usd,1.25,2.0784,51.08272933959961,1519.5,4.62,15.92,82.01,3.51,99.92,26.51,0.0359,0.0608,1.5114,86.1,0.0135,False,0.5008,0.2471,0.2142,2.306,0.9223,0.2442,0.7319,median,-0.0408,0.3782,0.164,Regime 2 (Subcritical),CAUTION,0.55,0.0025,0.2797,0.5948,-0.2459,-0.2459,True,True,
NEE,"NextEra Energy, Inc.",Utilities,2020-Q1,2020-03-31,usd,1.25,2.0784,51.02296829223633,1583.4000244140625,4.2,10.53,83.87,7.92,99.8,26.63,0.0839,0.0602,1.4801,82.7,0.2057,False,0.5046,0.1646,0.1431,2.203,1.3633,-0.1008,1.0,median,-0.0312,0.262,0.1189,Regime 2 (Subcritical),CAUTION,0.55,0.1891,0.2829,0.466,-0.0931,-0.0931,False,False,
NEE,"NextEra Energy, Inc.",Utilities,2020-Q2,2020-06-30,usd,1.25,2.0784,51.208072662353516,1800.5,4.21,12.07,86.33,4.74,100.37,26.84,0.0482,0.0603,1.9383,97.6,0.0514,False,0.5128,0.1375,0.1275,2.681,1.2425,0.0122,0.982,median,-0.0146,0.2034,0.0759,Regime 2 (Subcritical),CAUTION,0.55,0.2669,0.2454,0.3433,0.0,0.0,False,False,
NEE,"NextEra Energy, Inc.",Utilities,2020-Q3,2020-09-30,usd,1.25,2.0784,59.47867202758789,1895.5,4.21,15.11,88.86,4.03,116.58,28.05,0.0388,0.0601,1.6378,90.6,-0.0041,True,0.5186,0.1442,0.1357,3.171,1.1182,0.0992,0.8705,median,-0.0124,0.1982,0.0625,Regime 3 (Parasitic),DANGER,0.794,0.1005,0.1541,0.1764,0.0,0.0,False,False,False
NEE,"NextEra Energy, Inc.",Utilities,2020-Q4,2020-12-31,usd,1.25,2.0784,66.44041442871094,1895.0999755859375,4.81,15.11,91.8,4.03,130.22,28.94,0.0377,0.0596,3.2874,126.4,-0.0686,True,0.5283,0.1907,0.1774,3.028,1.0728,0.1158,0.852,median,-0.0186,0.2649,0.0875,Regime 3 (Parasitic),DANGER,0.791,-0.0282,0.2339,0.1285,-0.0788,-0.0895,False,False,False
NEE,"NextEra Energy, Inc.",Utilities,2021-Q1,2021-03-31,usd,1.25,2.0784,65.45584106445312,1713.800048828125,4.85,12.28,94.3,2.68,128.36,28.53,0.0251,0.059,3.0501,125.4,-0.0756,True,0.5398,0.1996,0.1828,3.656,0.7041,0.3339,0.6663,median,-0.0213,0.2517,0.0688,Regime 3 (Parasitic),DANGER,0.8,0.0465,0.1427,0.063,-0.0538,-0.0758,False,False,False
NEE,"NextEra Energy, Inc.",Utilities,2021-Q2,2021-06-30,usd,1.25,2.0784,63.774078369140625,1771.5999755859375,4.85,13.64,96.81,2.04,125.12,29.33,0.0185,0.058,2.8357,120.5,-0.0992,True,0.5342,0.161,0.1316,2.48,0.7098,0.2339,0.7403,median,-0.0387,0.2205,0.0889,Regime 3 (Parasitic),DANGER,0.761,0.2667,0.0786,0.057,-0.0514,-0.0514,False,False,False
NEE,"NextEra Energy, Inc.",Utilities,2021-Q3,2021-09-30,usd,1.25,2.0784,68.64700317382812,1757.0,4.84,16.02,99.14,1.52,134.69,30.38,0.0132,0.0567,2.6817,123.0,-0.0862,True,0.5353,0.1095,0.0647,1.812,0.7237,0.1319,0.8348,median,-0.0584,0.1444,0.0797,Regime 2 (Subcritical),CAUTION,0.55,0.0896,0.0192,-0.2366,-0.1188,-0.2394,False,True,
NEE,"NextEra Energy, Inc.",Utilities,2021-Q4,2021-12-31,usd,1.25,2.0784,81.98255157470703,1828.5999755859375,5.45,16.02,99.35,1.52,160.93,30.58,0.0131,0.0551,31.8923,417.7,-0.0476,True,0.5549,0.2168,0.1565,3.832,0.7604,0.1941,0.7745,median,-0.0786,0.2117,0.0552,Regime 3 (Parasitic),DANGER,0.817,-0.1274,-0.0854,-0.3168,-0.2621,-0.4497,True,True,True
NEE,"NextEra Energy, Inc.",Utilities,2022-Q1,2022-03-31,usd,1.25,2.0784,74.79867553710938,1949.199951171875,4.84,14.75,101.94,3.47,146.9,31.25,0.0297,0.0534,6.2237,181.3,-0.3842,True,0.5412,0.1277,0.0439,1.482,0.9974,0.0986,0.8711,median,-0.0994,0.135,0.0911,Regime 2 (Subcritical),CAUTION,0.55,-0.046,-0.0698,-0.2048,-0.1912,-0.3968,False,True,
NEE,"NextEra Energy, Inc.",Utilities,2022-Q2,2022-06-30,usd,1.25,2.0784,68.78655242919922,1807.300048828125,4.84,16.94,105.39,3.79,135.17,32.74,0.031,0.0518,2.4672,123.1,-0.0467,True,0.5231,0.07,-0.0327,0.702,1.1582,-0.1299,1.0,median,-0.1137,0.0772,0.1099,Regime 2 (Subcritical),CAUTION,0.55,0.0963,-0.0201,-0.0358,-0.0836,-0.3441,False,True,
NEE,"NextEra Energy, Inc.",Utilities,2022-Q3,2022-09-30,usd,1.25,2.0784,69.96784973144531,1672.0,4.87,20.11,108.45,7.45,139.03,35.22,0.0579,0.0502,1.5825,99.3,0.0899,False,0.5037,0.0026,-0.1161,0.215,1.1432,-0.1785,1.0,median,-0.121,0.0317,0.1478,Regime 2 (Subcritical),CAUTION,0.55,-0.0056,-0.251,0.1391,-0.2537,-0.3552,True,True,
NEE,"NextEra Energy, Inc.",Utilities,2022-Q4,2022-12-31,usd,1.25,2.0784,74.97791290283203,1826.199951171875,5.48,20.11,111.06,7.45,148.98,36.02,0.0568,0.0491,1.8887,107.8,-0.0687,True,0.5094,-0.1272,-0.2409,-0.471,1.2397,-0.1436,1.0,median,-0.115,-0.0772,0.1638,Regime 2 (Subcritical),CAUTION,0.55,-0.1034,-0.255,-0.0942,-0.3999,-0.3999,True,True,
NEE,"NextEra Energy, Inc.",Utilities,2023-Q1,2023-03-31,usd,1.25,2.0784,69.57691192626953,1969.0,5.18,15.09,114.93,11.77,140.75,36.74,0.0905,0.0484,1.4255,84.6,0.1657,False,0.5045,-0.1107,-0.2047,-0.264,1.1137,-0.0839,1.0,median,-0.0987,-0.0428,0.1619,Regime 2 (Subcritical),CAUTION,0.55,-0.2468,-0.1452,-0.0311,-0.3516,-0.3516,True,True,
NEE,"NextEra Energy, Inc.",Utilities,2023-Q2,2023-06-30,usd,1.25,2.0784,67.4071044921875,1929.4000244140625,5.18,18.22,117.74,11.2,136.43,38.09,0.0823,0.0483,1.2751,81.4,0.14,False,0.494,-0.073,-0.1418,0.062,0.908,0.0933,0.8772,median,-0.07,0.0093,0.1512,Regime 2 (Subcritical),CAUTION,0.55,-0.169,-0.0161,0.0144,-0.3307,-0.3307,True,True,
NEE,"NextEra Energy, Inc.",Utilities,2023-Q3,2023-09-30,usd,1.25,2.0784,52.40575408935547,1866.0999755859375,5.04,21.37,120.88,7.34,107.54,38.66,0.0516,0.0485,1.5071,92.0,0.0632,False,0.4854,-0.314,-0.35,-2.755,0.9333,0.0803,0.8925,median,-0.0342,-0.2568,0.0932,Regime 2 (Subcritical),CAUTION,0.55,0.2468,0.6707,0.5529,-0.0543,-0.0543,False,False,
NEE,"NextEra Energy, Inc.",Utilities,2023-Q4,2023-12-31,usd,1.25,2.0784,56.01374816894531,2071.800048828125,6.65,21.37,125.78,7.34,114.94,40.28,0.0499,0.0488,2.0285,102.2,-0.0675,True,0.4848,-0.3644,-0.3712,-2.321,0.9132,0.0303,0.9566,median,-0.0068,-0.2594,0.1118,Regime 2 (Subcritical),CAUTION,0.55,0.1681,0.1994,0.388,-0.1026,-0.1026,False,False,
NEE,"NextEra Energy, Inc.",Utilities,2024-Q1,2024-03-31,usd,1.25,2.0784,59.4765510559082,2217.39990234375,5.08,15.1,129.19,8.05,122.22,39.36,0.0558,0.049,2.1907,101.9,0.0679,False,0.5104,-0.2235,-0.2099,-2.052,0.8807,0.0926,0.878,median,0.0133,-0.1412,0.0688,Regime 2 (Subcritical),CAUTION,0.55,0.3512,0.15,0.5516,-0.0265,-0.0265,False,False,
NEE,"NextEra Energy, Inc.",Utilities,2024-Q2,2024-06-30,usd,1.25,2.0784,66.32474517822266,2339.60009765625,5.09,17.71,133.11,6.68,136.3,40.65,0.0443,0.0493,2.1679,104.1,0.0068,False,0.5129,-0.0876,-0.0661,-0.015,0.9883,0.0797,0.8932,median,0.0208,-0.001,0.0651,Regime 2 (Subcritical),CAUTION,0.55,0.0453,0.0228,0.3306,-0.063,-0.063,False,False,
NEE,"NextEra Energy, Inc.",Utilities,2024-Q3,2024-09-30,usd,1.25,2.0784,79.6884994506836,2659.39990234375,4.92,19.77,134.31,11.42,163.84,42.6,0.0741,0.0494,1.4267,84.8,0.1321,False,0.5081,0.3065,0.3239,4.334,1.0605,0.2344,0.7399,median,0.0178,0.4211,0.0972,Regime 2 (Subcritical),CAUTION,0.55,-0.1488,-0.0792,-0.0027,-0.2302,-0.2302,True,True,
NEE,"NextEra Energy, Inc.",Utilities,2024-Q4,2024-12-31,usd,1.25,2.0784,68.0368423461914,2641.0,6.44,19.77,138.85,11.42,139.95,44.12,0.072,0.0498,0.8841,64.7,-0.0653,True,0.4921,0.0849,0.1059,2.164,1.0338,0.0849,0.887,median,0.0199,0.1969,0.091,Regime 2 (Subcritical),CAUTION,0.55,0.0358,0.1548,0.168,-0.0984,-0.0984,False,False,
NEE,"NextEra Energy, Inc.",Utilities,2025-Q1,2025-03-31,usd,1.25,2.0784,67.83196258544922,3122.800048828125,4.87,16.11,142.22,9.02,139.67,43.06,0.057,0.0503,2.0943,98.4,0.0327,False,0.5148,0.0171,0.0436,1.486,1.3186,0.0475,0.9335,median,0.026,0.1334,0.0898,Regime 2 (Subcritical),CAUTION,0.55,0.0921,0.3492,0.1716,-0.0956,-0.0956,False,False,
NEE,"NextEra Energy, Inc.",Utilities,2025-Q2,2025-06-30,usd,1.25,2.0784,66.96285247802734,3307.699951171875,4.87,19.23,145.74,7.64,137.88,44.37,0.0463,0.0508,2.0115,99.0,-0.0389,True,0.5113,-0.1074,-0.0761,0.131,1.2442,0.0613,0.9158,median,0.0306,0.0115,0.0876,Regime 2 (Subcritical),CAUTION,0.55,0.1731,0.3009,0.1868,0.0,0.0,False,False,
NEE,"NextEra Energy, Inc.",Utilities,2025-Q3,2025-09-30,usd,1.25,2.0784,73.381103515625,3873.199951171875,4.85,22.33,150.04,10.11,152.85,46.83,0.0586,0.0512,1.5446,88.0,0.038,False,0.5023,-0.199,-0.164,-0.734,1.2548,0.0277,0.9601,median,0.0346,-0.0694,0.0946,Regime 2 (Subcritical),CAUTION,0.55,0.2471,0.083,0.083,0.0,0.0,False,False,
NEE,"NextEra Energy, Inc.",Utilities,2025-Q4,2025-12-31,usd,1.25,2.0784,78.56571960449219,4341.10009765625,6.48,22.33,156.2,10.11,163.65,48.78,0.0566,0.0515,1.4505,83.9,-0.15,True,0.5033,0.0216,0.0561,1.559,1.4123,0.0216,0.9685,median,0.034,0.1564,0.1003,Regime 2 (Subcritical),CAUTION,0.55,0.0911,0.0115,0.0115,-0.0238,-0.0238,False,False,
NEE,"NextEra Energy, Inc.",Utilities,2026-Q1,2026-03-31,usd,1.25,2.0784,91.5164566040039,4647.60009765625,5.15,19.0,162.36,8.83,190.81,48.84,0.0487,0.0518,2.495,110.3,-0.0358,True,0.5284,0.1552,0.1861,2.477,1.2793,0.0296,0.9575,median,0.0299,0.312,0.126,Regime 3 (Parasitic),DANGER,0.805,-0.1316,-0.1316,-0.1316,-0.1316,-0.1316,False,False,True
NEE,"NextEra Energy, Inc.",Utilities,2026-Q2,2026-06-30,usd,1.25,2.0784,87.11490631103516,4038.5,5.15,19.0,162.36,8.83,181.63,48.84,0.0487,0.0521,0.0206,0.0,-0.2064,True,0.5248,0.1539,0.1797,2.874,1.0102,0.0203,0.9705,median,0.0249,0.2756,0.0959,Regime 3 (Parasitic),DANGER,0.754,-0.0878,-0.0878,-0.0878,-0.0878,-0.0878,False,False,True
DUK,Duke Energy Corporation,Utilities,2017-Q1,2017-03-31,usd,1.25,2.0784,55.885921478271484,1247.300048828125,19.43,17.21,82.52,5.75,39.12,31.23,0.0576,0.0574,0.016,-19.9,0.0501,False,0.4052,-0.0551,-0.0479,0.401,0.8662,-0.0342,1.0,median,0.0085,0.0321,0.08,Regime 1 (Virtuous),HEALTHY,0.64,0.0446,-0.0145,0.1969,-0.0657,-0.0717,False,False,False
DUK,Duke Energy Corporation,Utilities,2017-Q2,2017-06-30,usd,1.25,2.0784,57.554603576660156,1240.699951171875,19.43,16.7,82.52,5.55,40.29,31.05,0.0559,0.0569,0.0166,-16.7,0.0472,False,0.4067,-0.009,-0.0098,0.862,0.84,-0.0019,1.0,median,-0.001,0.0615,0.0713,Regime 1 (Virtuous),HEALTHY,0.636,0.0267,-0.0116,0.1518,-0.0986,-0.0986,False,False,False
DUK,Duke Energy Corporation,Utilities,2017-Q3,2017-09-30,usd,1.25,2.0784,58.37981033325195,1281.5,19.42,19.17,82.52,6.78,40.87,31.97,0.0667,0.0566,0.0144,-21.0,0.0712,False,0.3856,0.0169,0.058,2.205,0.8398,0.0145,0.9786,median,0.0488,0.1062,0.0481,Regime 1 (Virtuous),HEALTHY,0.624,-0.0615,-0.0079,0.2403,-0.116,-0.116,False,False,False
DUK,Duke Energy Corporation,Utilities,2017-Q4,2017-12-31,usd,1.25,2.0784,59.092620849609375,1306.300048828125,19.63,19.17,86.39,5.05,41.36,32.56,0.0478,0.057,0.0163,-42.3,0.0102,False,0.4083,0.1094,0.0803,2.936,0.9512,0.134,0.8327,median,-0.0342,0.1218,0.0415,Regime 1 (Virtuous),HEALTHY,0.621,-0.0271,0.0855,0.1972,-0.1128,-0.1128,False,False,True
DUK,Duke Energy Corporation,Utilities,2018-Q1,2018-03-31,usd,1.25,2.0784,55.077003479003906,1322.800048828125,19.4,19.12,86.39,5.02,38.61,32.48,0.0476,0.0568,0.016,-15.1,0.0016,False,0.4156,-0.0423,-0.0526,-0.334,0.9488,0.0628,0.9139,median,-0.0117,-0.0132,0.0394,Regime 1 (Virtuous),HEALTHY,0.62,0.0622,0.2203,0.18,-0.0535,-0.093,False,False,True
DUK,Duke Energy Corporation,Utilities,2018-Q2,2018-06-30,usd,1.25,2.0784,56.887577056884766,1251.300048828125,19.4,18.67,86.39,3.92,40.5,32.09,0.0373,0.0563,0.017,-16.9,-0.0701,True,0.4206,-0.0188,-0.0277,0.161,0.8991,0.0421,0.9406,median,-0.0101,0.0053,0.0331,Regime 2 (Subcritical),CAUTION,0.6,0.104,0.1553,0.0966,-0.014,-0.1335,False,False,
DUK,Duke Energy Corporation,Utilities,2018-Q3,2018-09-30,usd,1.25,2.0784,58.223819732666016,1191.5,19.3,20.24,86.39,6.32,41.51,33.06,0.0592,0.0554,0.0148,-25.3,0.0515,False,0.3967,0.0009,-0.0178,0.47,0.8039,0.1073,0.8613,median,-0.0205,0.0157,0.0335,Regime 1 (Virtuous),HEALTHY,0.617,0.1556,0.2575,0.1292,-0.0045,-0.1411,False,False,True
DUK,Duke Energy Corporation,Utilities,2018-Q4,2018-12-31,usd,1.25,2.0784,63.474830627441406,1278.300048828125,19.55,20.24,91.69,3.48,46.15,33.74,0.0311,0.055,0.0163,-47.7,-0.0937,True,0.4216,0.1047,0.0737,3.069,1.0437,-0.0618,1.0,median,-0.0353,0.1094,0.0356,Regime 2 (Subcritical),CAUTION,0.6,0.0416,0.1029,0.1429,-0.0306,-0.2168,False,True,
DUK,Duke Energy Corporation,Utilities,2019-Q1,2019-03-31,usd,1.25,2.0784,66.88912200927734,1293.0,19.3,19.15,91.69,5.49,48.7,33.91,0.0495,0.0541,0.0168,-19.1,0.006,False,0.4115,0.2303,0.1891,5.396,0.9107,0.0813,0.8914,median,-0.0484,0.2321,0.043,Regime 3 (Parasitic),DANGER,0.78,0.1016,-0.0252,0.174,-0.2507,-0.2507,True,True,True
DUK,Duke Energy Corporation,Utilities,2019-Q2,2019-06-30,usd,1.25,2.0784,66.28987121582031,1409.699951171875,19.3,18.31,91.69,5.19,48.26,33.63,0.0472,0.0534,0.0179,-16.6,-0.0063,True,0.4177,0.1721,0.1285,3.755,1.041,0.0206,0.97,median,-0.0536,0.1752,0.0466,Regime 3 (Parasitic),DANGER,0.772,0.056,-0.0484,0.2127,-0.2481,-0.2481,True,True,True
DUK,Duke Energy Corporation,Utilities,2019-Q3,2019-09-30,usd,1.25,2.0784,72.78887939453125,1465.699951171875,19.3,20.04,91.69,7.72,53.06,34.69,0.0691,0.0528,0.0154,-23.1,0.0785,False,0.3897,0.2361,0.1974,5.107,1.2042,-0.001,1.0,median,-0.0494,0.2455,0.0481,Regime 3 (Parasitic),DANGER,0.836,-0.1114,-0.102,0.1143,-0.317,-0.317,True,True,True
DUK,Duke Energy Corporation,Utilities,2019-Q4,2019-12-31,usd,1.25,2.0784,70.00526428222656,1519.5,19.55,20.04,102.13,4.44,51.31,36.54,0.0363,0.0527,0.0178,-50.4,-0.0446,True,0.4376,0.0613,0.0265,1.332,0.9223,0.2442,0.7319,median,-0.0433,0.1061,0.0797,Regime 2 (Subcritical),CAUTION,0.6,-0.1052,0.0363,0.2466,-0.2898,-0.2898,True,True,
DUK,Duke Energy Corporation,Utilities,2020-Q1,2020-03-31,usd,1.25,2.0784,62.68175506591797,1583.4000244140625,19.3,17.85,102.13,5.95,46.07,36.31,0.0496,0.0523,0.0184,-20.3,0.0369,False,0.4488,-0.1002,-0.1237,-0.811,1.3633,-0.1008,1.0,median,-0.034,-0.0554,0.0683,Regime 1 (Virtuous),HEALTHY,0.634,0.0427,0.2465,0.4984,-0.0601,-0.0601,False,False,True
DUK,Duke Energy Corporation,Utilities,2020-Q2,2020-06-30,usd,1.25,2.0784,62.6373291015625,1800.5,19.3,17.0,102.13,4.71,46.04,35.79,0.0395,0.052,0.0202,-17.0,-0.031,True,0.4591,-0.0909,-0.1094,-0.757,1.2425,0.0122,0.982,median,-0.027,-0.0471,0.0623,Regime 2 (Subcritical),CAUTION,0.55,0.1492,0.2879,0.4527,-0.0019,-0.0019,False,False,
DUK,Duke Energy Corporation,Utilities,2020-Q3,2020-09-30,usd,1.25,2.0784,70.23883056640625,1895.5,19.3,19.64,102.13,7.26,51.7,37.08,0.0596,0.0515,0.0164,-14.7,0.0799,False,0.4249,-0.0764,-0.0928,-0.392,1.1182,0.0992,0.8705,median,-0.0238,-0.0261,0.0667,Regime 1 (Virtuous),HEALTHY,0.633,0.1124,0.1459,0.1344,-0.0137,-0.0137,False,False,True
DUK,Duke Energy Corporation,Utilities,2020-Q4,2020-12-31,usd,1.25,2.0784,73.3455581665039,1895.0999755859375,19.6,19.64,106.78,7.26,56.4,38.32,0.0574,0.0513,0.0184,-40.7,-0.0861,True,0.4293,0.0652,0.047,1.99,1.0728,0.1158,0.852,median,-0.0255,0.0946,0.0475,Regime 2 (Subcritical),CAUTION,0.6,0.1092,0.1911,0.2153,-0.0555,-0.0555,False,False,
DUK,Duke Energy Corporation,Utilities,2021-Q1,2021-03-31,usd,1.25,2.0784,78.13150787353516,1713.800048828125,19.3,18.8,106.78,5.8,60.08,37.67,0.0462,0.0513,0.0182,-21.3,0.0377,False,0.4367,0.244,0.2287,7.202,0.7041,0.3339,0.6663,median,-0.0194,0.2655,0.0369,Regime 3 (Parasitic),DANGER,0.794,0.0381,0.2021,0.0795,-0.0026,-0.0575,False,False,False
DUK,Duke Energy Corporation,Utilities,2021-Q2,2021-06-30,usd,1.25,2.0784,80.67320251464844,1771.5999755859375,19.3,18.36,106.78,4.68,62.04,37.28,0.0374,0.0512,0.0197,-40.3,-0.0369,True,0.442,0.2691,0.2573,7.284,0.7098,0.2339,0.7403,median,-0.0155,0.2983,0.0409,Regime 3 (Parasitic),DANGER,0.919,0.0815,0.1279,-0.0175,-0.0078,-0.0872,False,False,False
DUK,Duke Energy Corporation,Utilities,2021-Q3,2021-09-30,usd,1.25,2.0784,80.48977661132812,1757.0,19.3,21.09,106.78,6.75,61.9,38.48,0.0528,0.0509,0.0164,-36.9,0.0481,False,0.4213,0.1526,0.143,4.857,0.7237,0.1319,0.8348,median,-0.0125,0.1801,0.0371,Regime 2 (Subcritical),CAUTION,0.55,0.1669,-0.0101,-0.0205,-0.0101,-0.0851,False,False,
DUK,Duke Energy Corporation,Utilities,2021-Q4,2021-12-31,usd,1.25,2.0784,87.36286926269531,1828.5999755859375,19.61,21.09,111.41,4.44,67.18,39.14,0.0335,0.0507,0.019,-47.0,-0.0781,True,0.4368,0.1632,0.1537,8.272,0.7604,0.1941,0.7745,median,-0.0124,0.1749,0.0211,Regime 3 (Parasitic),DANGER,0.813,0.065,0.0203,0.0037,-0.1571,-0.1571,False,False,False
DUK,Duke Energy Corporation,Utilities,2022-Q1,2022-03-31,usd,1.25,2.0784,93.92243957519531,1949.199951171875,19.3,23.42,111.41,5.12,72.32,39.81,0.0379,0.0503,0.0164,-34.8,-0.0371,True,0.4231,0.1457,0.1301,3.354,0.9974,0.0986,0.8711,median,-0.0185,0.1854,0.0553,Regime 3 (Parasitic),DANGER,0.746,-0.1327,-0.102,-0.059,-0.216,-0.216,True,True,True
DUK,Duke Energy Corporation,Utilities,2022-Q2,2022-06-30,usd,1.25,2.0784,90.99479675292969,1807.300048828125,19.3,21.12,111.41,5.65,70.07,39.37,0.0426,0.0499,0.0176,-56.3,-0.0227,True,0.4301,0.0897,0.0672,2.232,1.1582,-0.1299,1.0,median,-0.025,0.1217,0.0545,Regime 2 (Subcritical),CAUTION,0.6,-0.0124,-0.1289,0.0167,-0.1907,-0.1907,False,False,
DUK,Duke Energy Corporation,Utilities,2022-Q3,2022-09-30,usd,1.25,2.0784,79.6785659790039,1672.0,19.3,23.8,111.41,8.1,61.35,40.65,0.0599,0.0495,0.0151,-51.6,0.0509,False,0.4161,-0.0361,-0.0637,-0.161,1.1432,-0.1785,1.0,median,-0.0281,-0.0088,0.0549,Regime 1 (Virtuous),HEALTHY,0.627,0.0586,-0.0106,0.3559,-0.0758,-0.0758,False,False,False
DUK,Duke Energy Corporation,Utilities,2022-Q4,2022-12-31,usd,1.25,2.0784,89.13323974609375,1826.199951171875,19.57,23.8,111.75,4.78,68.63,39.97,0.0352,0.0493,0.0166,-52.3,-0.1066,True,0.4252,0.0286,0.0002,1.01,1.2397,-0.1436,1.0,median,-0.0287,0.0214,0.0211,Regime 2 (Subcritical),CAUTION,0.6,-0.1168,-0.023,0.1287,-0.1496,-0.1496,False,False,
DUK,Duke Energy Corporation,Utilities,2023-Q1,2023-03-31,usd,1.25,2.0784,84.34445190429688,1969.0,19.3,22.44,111.75,6.7,65.03,40.05,0.0499,0.0489,0.0168,-39.3,-0.0323,True,0.4248,-0.0853,-0.1121,-18.132,1.1137,-0.0839,1.0,median,-0.0281,-0.1063,0.0059,Regime 2 (Subcritical),CAUTION,0.55,-0.0653,0.0478,0.3438,-0.0952,-0.0952,False,False,
DUK,Duke Energy Corporation,Utilities,2023-Q2,2023-06-30,usd,1.25,2.0784,79.26388549804688,1929.4000244140625,19.3,20.72,111.75,5.72,61.11,39.37,0.0432,0.0487,0.0187,-42.8,-0.0793,True,0.4397,-0.1127,-0.1367,-1367.219,0.908,0.0933,0.8772,median,-0.0244,-0.1367,0.0,Regime 2 (Subcritical),CAUTION,0.55,0.1062,0.1671,0.4128,-0.0372,-0.0372,False,False,
DUK,Duke Energy Corporation,Utilities,2023-Q3,2023-09-30,usd,1.25,2.0784,78.837890625,1866.0999755859375,19.3,23.56,111.75,8.44,60.78,40.76,0.0624,0.0484,0.0155,-45.4,0.0072,False,0.4167,0.0101,-0.0121,-3.354,0.9333,0.0803,0.8925,median,-0.0211,-0.0093,0.0028,Regime 2 (Subcritical),CAUTION,0.55,0.158,0.4156,0.5545,0.0,0.0,False,False,
DUK,Duke Energy Corporation,Utilities,2023-Q4,2023-12-31,usd,1.25,2.0784,87.68354797363281,2071.800048828125,19.59,23.56,115.31,7.42,67.6,41.47,0.0534,0.0484,0.0168,-44.1,-0.0271,True,0.4219,-0.0342,-0.0519,-0.41,0.9132,0.0303,0.9566,median,-0.0179,-0.0151,0.0368,Regime 2 (Subcritical),CAUTION,0.6,0.0468,0.1462,0.2976,-0.0661,-0.0661,False,False,
DUK,Duke Energy Corporation,Utilities,2024-Q1,2024-03-31,usd,1.25,2.0784,88.37710571289062,2217.39990234375,19.3,22.88,115.31,7.85,68.23,41.34,0.0568,0.0484,0.0159,-34.1,-0.0466,True,0.423,0.0273,0.0163,1.512,0.8807,0.0926,0.878,median,-0.0109,0.048,0.0317,Regime 2 (Subcritical),CAUTION,0.6,0.2306,0.3187,0.4658,-0.0333,-0.0333,False,False,
DUK,Duke Energy Corporation,Utilities,2024-Q2,2024-06-30,usd,1.25,2.0784,92.5113296508789,2339.60009765625,19.3,21.88,115.31,6.83,71.42,40.83,0.0498,0.0485,0.0173,-37.5,-0.0753,True,0.4288,0.1233,0.1194,4.278,0.9883,0.0797,0.8932,median,-0.0037,0.1558,0.0364,Regime 3 (Parasitic),DANGER,0.723,0.1111,0.2325,0.3684,0.0,0.0,False,False,False
DUK,Duke Energy Corporation,Utilities,2024-Q3,2024-09-30,usd,1.25,2.0784,107.41316223144531,2659.39990234375,19.3,24.07,115.31,8.58,82.92,41.82,0.0615,0.0486,0.0154,-37.9,-0.0067,True,0.4095,0.2817,0.2851,12.204,1.0605,0.2344,0.7399,median,0.0035,0.3106,0.0254,Regime 3 (Parasitic),DANGER,0.932,0.0778,0.113,0.0843,-0.074,-0.074,False,False,False
DUK,Duke Energy Corporation,Utilities,2024-Q4,2024-12-31,usd,1.25,2.0784,101.32697296142578,2641.0,19.58,24.07,123.3,8.58,78.63,43.88,0.0582,0.0488,0.0178,-83.6,-0.1609,True,0.4238,0.0853,0.0946,2.674,1.0338,0.0849,0.887,median,0.0088,0.1511,0.0565,Regime 3 (Parasitic),DANGER,0.685,0.1236,0.1272,0.1494,-0.0174,-0.0174,False,False,False
DUK,Duke Energy Corporation,Utilities,2025-Q1,2025-03-31,usd,1.25,2.0784,115.77166748046875,3122.800048828125,19.3,23.65,123.3,9.37,89.95,43.91,0.0638,0.0491,0.0156,-68.5,-0.0191,True,0.4198,0.202,0.2162,4.585,1.3186,0.0475,0.9335,median,0.0138,0.2765,0.0603,Regime 3 (Parasitic),DANGER,0.852,0.0247,0.1116,0.006,-0.078,-0.078,False,False,False
DUK,Duke Energy Corporation,Utilities,2025-Q2,2025-06-30,usd,1.25,2.0784,113.02212524414062,3307.699951171875,19.3,22.77,123.3,7.32,87.93,43.17,0.0501,0.0494,0.0173,-70.0,-0.0567,True,0.4311,0.1328,0.1522,3.731,1.2442,0.0613,0.9158,median,0.0191,0.208,0.0557,Regime 3 (Parasitic),DANGER,0.783,0.0133,0.1102,0.0305,-0.0171,-0.0171,False,False,False
DUK,Duke Energy Corporation,Utilities,2025-Q3,2025-09-30,usd,1.25,2.0784,119.55421447753906,3873.199951171875,19.01,24.9,123.3,9.34,93.01,44.14,0.063,0.0497,0.0154,-61.3,0.0143,False,0.4169,0.0374,0.0608,2.125,1.2548,0.0277,0.9601,median,0.0231,0.1148,0.054,Regime 1 (Virtuous),HEALTHY,0.627,0.0764,-0.0258,-0.0258,-0.0708,-0.0708,False,False,False
DUK,Duke Energy Corporation,Utilities,2025-Q4,2025-12-31,usd,1.25,2.0784,114.22022247314453,4341.10009765625,19.3,24.9,129.96,9.34,88.86,45.87,0.0603,0.0501,0.0172,-94.1,-0.1557,True,0.4264,0.0513,0.0779,2.756,1.4123,0.0216,0.9685,median,0.0262,0.1223,0.0444,Regime 2 (Subcritical),CAUTION,0.6,0.0915,0.0197,0.0197,-0.0087,-0.0087,False,False,
DUK,Duke Energy Corporation,Utilities,2026-Q1,2026-03-31,usd,1.25,2.0784,128.686767578125,4647.60009765625,19.01,27.35,129.96,10.9,100.12,46.8,0.0693,0.0505,0.0148,-23.9,0.0621,False,0.4132,0.0136,0.0431,1.675,1.2793,0.0296,0.9575,median,0.0287,0.107,0.0639,Regime 1 (Virtuous),HEALTHY,0.632,-0.095,-0.095,-0.095,-0.095,-0.095,False,False,False
DUK,Duke Energy Corporation,Utilities,2026-Q2,2026-06-30,usd,1.25,2.0784,125.4767837524414,4038.5,19.01,27.35,129.96,10.9,97.62,46.8,0.0693,0.051,0.0149,0.0,-0.1706,True,0.4131,-0.0088,0.0238,1.295,1.0102,0.0203,0.9705,median,0.0314,0.1045,0.0807,Regime 2 (Subcritical),CAUTION,0.6,-0.0718,-0.0718,-0.0718,-0.0718,-0.0718,False,False,
SO,The Southern Company,Utilities,2017-Q1,2017-03-31,usd,1.25,2.0784,33.775230407714844,1247.300048828125,7.19,17.86,79.81,5.22,33.59,27.52,0.0535,0.0575,0.013,-35.8,0.1575,False,0.4772,-0.3138,-0.1948,0.139,0.8662,-0.0342,1.0,median,0.1402,0.0314,0.2262,Regime 2 (Subcritical),CAUTION,0.55,0.0107,-0.0588,0.1469,-0.0985,-0.0985,False,False,
SO,The Southern Company,Utilities,2017-Q2,2017-06-30,usd,1.25,2.0784,32.86836242675781,1240.699951171875,7.2,28.1,78.69,6.52,32.85,30.12,0.061,0.0562,0.0137,-25.0,-0.3855,True,0.4232,-0.4932,-0.395,-0.042,0.84,-0.0019,1.0,median,0.1168,-0.016,0.379,Regime 2 (Subcritical),CAUTION,0.6,0.0279,0.0169,0.2752,-0.0736,-0.0736,False,False,
SO,The Southern Company,Utilities,2017-Q3,2017-09-30,usd,1.25,2.0784,34.13749313354492,1281.5,7.17,16.62,79.74,8.18,34.26,27.93,0.0849,0.0559,0.0122,-51.7,0.1885,False,0.4624,-0.0357,-0.0082,0.772,0.8398,0.0145,0.9786,median,0.0326,0.0277,0.0359,Regime 2 (Subcritical),CAUTION,0.55,-0.0688,-0.0664,0.3869,-0.1081,-0.1081,False,False,
SO,The Southern Company,Utilities,2017-Q4,2017-12-31,usd,1.25,2.0784,33.785316467285156,1306.300048828125,7.14,16.62,79.87,3.18,34.06,26.7,0.0329,0.0573,0.0135,-63.1,0.182,False,0.4961,0.0691,0.0277,3.084,0.9512,0.134,0.8327,median,-0.0486,0.041,0.0133,Regime 2 (Subcritical),CAUTION,0.55,0.0086,-0.0187,0.4881,-0.0812,-0.0812,False,False,
SO,The Southern Company,Utilities,2018-Q1,2018-03-31,usd,1.25,2.0784,31.789377212524414,1322.800048828125,7.07,19.98,80.95,5.5,32.16,28.38,0.0545,0.057,0.012,-38.2,0.1724,False,0.4739,-0.0663,-0.0743,-1.423,0.9488,0.0628,0.9139,median,-0.0091,-0.0436,0.0307,Regime 2 (Subcritical),CAUTION,0.55,0.0127,0.2309,0.4394,-0.02,-0.02,False,False,
SO,The Southern Company,Utilities,2018-Q2,2018-06-30,usd,1.25,2.0784,33.42361068725586,1251.300048828125,6.02,22.26,77.19,0.25,33.9,26.43,0.0025,0.0567,0.0137,-35.5,0.1467,False,0.4897,0.1536,0.1622,100.0,0.8991,0.0421,0.9406,median,0.0096,0.0313,-0.1309,Regime 2 (Subcritical),CAUTION,0.55,-0.0387,0.2383,0.2039,-0.0788,-0.0788,False,False,
SO,The Southern Company,Utilities,2018-Q3,2018-09-30,usd,1.25,2.0784,31.870262145996094,1191.5,5.99,15.94,78.43,8.7,32.79,27.26,0.0921,0.0548,0.0124,-51.5,0.1772,False,0.47,-0.0019,-0.0198,1.0,0.8039,0.1073,0.8613,median,-0.0197,-0.0439,-0.0241,Regime 2 (Subcritical),CAUTION,0.55,0.2272,0.5,0.3605,-0.009,-0.009,False,False,
SO,The Southern Company,Utilities,2018-Q4,2018-12-31,usd,1.25,2.0784,32.517723083496094,1278.300048828125,5.93,15.94,80.8,2.31,33.64,26.24,0.0239,0.0547,0.015,-67.9,0.1615,False,0.5169,0.0459,0.005,1.0,1.0437,-0.0618,1.0,median,-0.0467,-0.0124,-0.0173,Regime 2 (Subcritical),CAUTION,0.55,0.2787,0.5165,0.5057,-0.0046,-0.0046,False,False,
SO,The Southern Company,Utilities,2019-Q1,2019-03-31,usd,1.25,2.0784,38.73548889160156,1293.0,5.87,6.88,81.64,14.76,40.3,27.29,0.1668,0.0538,0.0144,-271.1,0.2079,False,0.4799,0.3136,0.2647,100.0,0.9107,0.0813,0.8914,median,-0.0574,0.2256,-0.0391,Regime 3 (Parasitic),DANGER,0.864,0.2287,0.1755,0.3037,-0.1237,-0.1237,False,False,False
SO,The Southern Company,Utilities,2019-Q2,2019-06-30,usd,1.25,2.0784,41.91448974609375,1409.699951171875,5.83,15.02,81.17,5.37,43.81,26.85,0.0558,0.0558,0.0154,-945.6,0.1836,False,0.4802,0.2534,0.2408,16.263,1.041,0.0206,0.97,median,-0.0155,0.2566,0.0158,Regime 3 (Parasitic),DANGER,0.803,0.1815,-0.02,0.199,-0.1879,-0.1879,False,False,True
SO,The Southern Company,Utilities,2019-Q3,2019-09-30,usd,1.25,2.0784,47.34470748901367,1465.699951171875,5.83,15.93,81.71,8.05,49.65,27.88,0.0825,0.0572,0.0134,-2193.8,0.217,False,0.4528,0.3587,0.3925,18.555,1.2042,-0.001,1.0,median,0.0432,0.4149,0.0224,Regime 3 (Parasitic),DANGER,0.95,-0.0432,-0.093,0.1021,-0.2868,-0.2868,True,True,True
SO,The Southern Company,Utilities,2019-Q4,2019-12-31,usd,1.25,2.0784,49.31403350830078,1519.5,5.82,15.93,83.08,2.76,51.99,26.9,0.0279,0.0587,0.0165,-60.5,0.1904,False,0.4856,0.3535,0.4107,17.743,0.9223,0.2442,0.7319,median,0.071,0.4353,0.0245,Regime 3 (Parasitic),DANGER,0.904,-0.169,-0.0072,0.1669,-0.3152,-0.3152,True,True,True
SO,The Southern Company,Utilities,2020-Q1,2020-03-31,usd,1.25,2.0784,42.29010009765625,1583.4000244140625,5.8,15.02,83.97,5.05,44.66,27.46,0.051,0.0592,0.0162,-343.8,0.2109,False,0.4883,0.0307,0.0965,16.399,1.3633,-0.1008,1.0,median,0.0952,0.1027,0.0063,Regime 2 (Subcritical),CAUTION,0.55,0.0154,0.1999,0.4582,-0.0739,-0.0739,False,False,
SO,The Southern Company,Utilities,2020-Q2,2020-06-30,usd,1.25,2.0784,40.98036575317383,1800.5,5.79,14.25,85.03,4.23,43.28,27.32,0.0426,0.0594,0.0177,-1133.2,0.2066,False,0.5024,-0.0718,-0.0297,-0.693,1.2425,0.0122,0.982,median,0.0614,-0.0122,0.0176,Regime 2 (Subcritical),CAUTION,0.55,0.1841,0.2176,0.4936,0.0,0.0,False,False,
SO,The Southern Company,Utilities,2020-Q3,2020-09-30,usd,1.25,2.0784,43.35795974731445,1895.5,5.78,15.14,86.4,7.34,45.8,28.66,0.0723,0.0592,0.015,-2474.4,0.2199,False,0.4788,-0.1323,-0.1085,-2.918,1.1182,0.0992,0.8705,median,0.0346,-0.0808,0.0277,Regime 2 (Subcritical),CAUTION,0.55,0.1703,0.1905,0.358,0.0,0.0,False,False,
SO,The Southern Company,Utilities,2020-Q4,2020-12-31,usd,1.25,2.0784,49.623558044433594,1895.0999755859375,5.77,15.14,87.63,7.34,52.43,28.97,0.0714,0.0593,0.0138,-53.1,0.1755,False,0.4727,-0.0736,-0.0658,0.115,1.0728,0.1158,0.852,median,0.011,0.0085,0.0743,Regime 2 (Subcritical),CAUTION,0.55,0.0216,0.1634,0.2592,-0.0669,-0.0669,False,False,
SO,The Southern Company,Utilities,2021-Q1,2021-03-31,usd,1.25,2.0784,50.74311828613281,1713.800048828125,5.76,17.25,89.04,6.39,53.72,29.61,0.0601,0.0596,0.0145,-322.3,0.19,False,0.4701,0.1036,0.1094,2.453,0.7041,0.3339,0.6663,median,0.0074,0.1848,0.0753,Regime 2 (Subcritical),CAUTION,0.55,0.0283,0.2153,0.2124,-0.0175,-0.0175,False,False,
SO,The Southern Company,Utilities,2021-Q2,2021-06-30,usd,1.25,2.0784,49.89719772338867,1771.5999755859375,5.75,17.96,89.62,2.83,52.83,29.04,0.0263,0.0598,0.0166,-820.2,0.1769,False,0.4894,0.1329,0.1385,3.276,0.7098,0.2339,0.7403,median,0.0074,0.1994,0.0609,Regime 2 (Subcritical),CAUTION,0.55,0.1484,0.2267,0.2566,0.0,0.0,False,False,
SO,The Southern Company,Utilities,2021-Q3,2021-09-30,usd,1.25,2.0784,51.61953353881836,1757.0,5.74,18.06,90.86,6.89,54.71,30.39,0.0633,0.0595,0.014,-45.1,0.1989,False,0.4669,0.116,0.1194,3.046,0.7237,0.1319,0.8348,median,0.0045,0.1778,0.0584,Regime 2 (Subcritical),CAUTION,0.55,0.1946,0.1407,0.1307,-0.0036,-0.0036,False,False,
SO,The Southern Company,Utilities,2021-Q4,2021-12-31,usd,1.25,2.0784,57.72980499267578,1828.5999755859375,5.72,18.06,91.11,6.89,61.21,30.45,0.0631,0.0593,0.0152,-53.1,0.2031,False,0.4622,0.1054,0.105,3.114,0.7604,0.1941,0.7745,median,-0.0005,0.1547,0.0497,Regime 2 (Subcritical),CAUTION,0.55,0.0874,0.0824,0.1064,-0.0776,-0.0776,False,False,
SO,The Southern Company,Utilities,2022-Q1,2022-03-31,usd,1.25,2.0784,61.666202545166016,1949.199951171875,5.71,21.06,91.79,5.54,65.52,31.02,0.0491,0.0592,0.0132,-39.0,0.1962,False,0.4563,0.1573,0.1519,4.253,0.9974,0.0986,0.8711,median,-0.0064,0.1986,0.0467,Regime 2 (Subcritical),CAUTION,0.55,-0.0258,-0.0023,0.0709,-0.1364,-0.1364,False,False,
SO,The Southern Company,Utilities,2022-Q2,2022-06-30,usd,1.25,2.0784,61.207496643066406,1807.300048828125,5.71,22.2,92.82,6.62,65.06,31.84,0.0576,0.059,0.0124,-47.8,0.1944,False,0.4482,0.1282,0.1163,2.264,1.1582,-0.1299,1.0,median,-0.0132,0.2082,0.092,Regime 1 (Virtuous),HEALTHY,0.646,0.0321,0.0244,0.1773,-0.13,-0.13,False,False,True
SO,The Southern Company,Utilities,2022-Q3,2022-09-30,usd,1.25,2.0784,58.880409240722656,1672.0,5.7,24.74,93.53,8.77,64.1,33.18,0.0742,0.0589,0.0109,-45.5,0.1861,False,0.4293,0.0811,0.0704,1.8,1.1432,-0.1785,1.0,median,-0.0109,0.1585,0.0881,Regime 1 (Virtuous),HEALTHY,0.644,0.0449,-0.0088,0.4333,-0.0956,-0.0956,False,False,False
SO,The Southern Company,Utilities,2022-Q4,2022-12-31,usd,1.25,2.0784,62.48762512207031,1826.199951171875,5.57,24.74,94.57,8.77,68.04,33.41,0.0735,0.0589,0.0126,-67.7,0.1781,False,0.4308,0.0198,0.0129,1.139,1.2397,-0.1436,1.0,median,-0.007,0.1059,0.093,Regime 1 (Virtuous),HEALTHY,0.646,-0.0034,0.0152,0.2366,-0.1242,-0.1242,False,False,True
SO,The Southern Company,Utilities,2023-Q1,2023-03-31,usd,1.25,2.0784,61.521480560302734,1969.0,5.56,21.05,95.63,4.87,67.08,31.78,0.0418,0.0591,0.0142,-41.0,0.1578,False,0.4667,0.0014,-0.0004,0.982,1.1137,-0.0839,1.0,median,-0.0019,0.0235,0.024,Regime 2 (Subcritical),CAUTION,0.55,-0.0513,0.0734,0.4108,-0.0808,-0.0808,False,False,
SO,The Southern Company,Utilities,2023-Q2,2023-06-30,usd,1.25,2.0784,62.70182800292969,1929.4000244140625,5.55,17.83,96.77,5.16,68.38,31.33,0.045,0.0591,0.0163,-51.1,0.1869,False,0.4795,0.065,0.0659,100.0,0.908,0.0933,0.8772,median,0.0009,0.0497,-0.0162,Regime 2 (Subcritical),CAUTION,0.55,0.0186,0.1492,0.3923,-0.0981,-0.0981,False,False,
SO,The Southern Company,Utilities,2023-Q3,2023-09-30,usd,1.25,2.0784,58.36463165283203,1866.0999755859375,5.54,19.48,98.25,8.44,63.65,32.93,0.0717,0.0589,0.0136,-55.2,0.1845,False,0.4619,0.0,0.0007,1.0,0.9333,0.0803,0.8925,median,0.0007,-0.007,-0.0077,Regime 2 (Subcritical),CAUTION,0.55,0.1677,0.4923,0.6075,0.0,0.0,False,False,
SO,The Southern Company,Utilities,2023-Q4,2023-12-31,usd,1.25,2.0784,63.87062454223633,2071.800048828125,5.53,19.48,99.84,8.44,69.68,33.32,0.0707,0.0589,0.0136,-57.9,0.1719,False,0.4617,0.0267,0.0265,100.0,0.9132,0.0303,0.9566,median,-0.0003,0.0238,-0.0027,Regime 2 (Subcritical),CAUTION,0.55,0.1166,0.2055,0.3244,-0.0567,-0.0567,False,False,
SO,The Southern Company,Utilities,2024-Q1,2024-03-31,usd,1.25,2.0784,66.03793334960938,2217.39990234375,5.52,19.77,100.47,6.81,72.21,33.14,0.0567,0.059,0.0144,-39.8,0.174,False,0.4684,0.0332,0.0315,1.748,0.8807,0.0926,0.878,median,-0.0017,0.0736,0.0421,Regime 2 (Subcritical),CAUTION,0.55,0.2895,0.3381,0.4507,-0.0468,-0.0468,False,False,
SO,The Southern Company,Utilities,2024-Q2,2024-06-30,usd,1.25,2.0784,72.05813598632812,2339.60009765625,5.51,18.1,101.89,7.76,78.87,33.31,0.0646,0.0591,0.015,-49.3,0.1811,False,0.4713,0.0811,0.0813,2.322,0.9883,0.0797,0.8932,median,0.0002,0.1428,0.0615,Regime 2 (Subcritical),CAUTION,0.55,0.0977,0.233,0.3271,0.0,0.0,False,False,
SO,The Southern Company,Utilities,2024-Q3,2024-09-30,usd,1.25,2.0784,84.46827697753906,2659.39990234375,5.5,19.62,101.89,9.47,92.55,34.12,0.078,0.0592,0.0135,-73.5,0.185,False,0.4606,0.3335,0.3387,10.513,1.0605,0.2344,0.7399,median,0.0053,0.3743,0.0356,Regime 3 (Parasitic),DANGER,0.884,0.0368,0.0861,0.0096,-0.0948,-0.0948,False,False,False
SO,The Southern Company,Utilities,2024-Q4,2024-12-31,usd,1.25,2.0784,77.7426986694336,2641.0,5.49,19.62,101.89,9.47,85.27,34.12,0.078,0.0595,0.0126,-65.9,0.1655,False,0.4584,0.1675,0.1782,8.55,1.0338,0.0849,0.887,median,0.0102,0.2018,0.0236,Regime 3 (Parasitic),DANGER,0.717,0.1403,0.0947,0.097,-0.0165,-0.0165,False,False,False
SO,The Southern Company,Utilities,2025-Q1,2025-03-31,usd,1.25,2.0784,87.57400512695312,3122.800048828125,5.49,23.06,101.89,8.04,96.25,34.62,0.0643,0.0599,0.013,-49.0,0.1878,False,0.4564,0.2283,0.2439,6.601,1.3186,0.0475,0.9335,median,0.0152,0.2874,0.0435,Regime 3 (Parasitic),DANGER,0.828,0.0381,0.0842,-0.0262,-0.0766,-0.0766,False,False,False
SO,The Southern Company,Utilities,2025-Q2,2025-06-30,usd,1.25,2.0784,88.19542694091797,3307.699951171875,5.48,20.84,101.89,7.06,97.02,33.81,0.0575,0.0603,0.0146,-51.7,0.1632,False,0.4687,0.1714,0.1921,13.859,1.2442,0.0613,0.9158,median,0.0203,0.2071,0.0149,Regime 3 (Parasitic),DANGER,0.771,-0.0313,0.0763,-0.0331,-0.0695,-0.0695,False,False,False
SO,The Southern Company,Utilities,2025-Q3,2025-09-30,usd,1.25,2.0784,91.74073791503906,3873.199951171875,5.47,20.92,101.89,10.38,101.02,34.66,0.0845,0.0606,0.0134,-52.7,0.188,False,0.4571,0.0486,0.0718,5.567,1.2548,0.0277,0.9601,median,0.0229,0.0875,0.0157,Regime 2 (Subcritical),CAUTION,0.55,0.0349,-0.0704,-0.0704,-0.1055,-0.1055,False,False,
SO,The Southern Company,Utilities,2025-Q4,2025-12-31,usd,1.25,2.0784,85.1071548461914,4341.10009765625,5.46,20.92,101.89,10.38,95.27,34.66,0.0845,0.061,0.0123,-60.3,0.1726,False,0.4537,0.0691,0.0952,7.049,1.4123,0.0216,0.9685,median,0.0257,0.1109,0.0157,Regime 2 (Subcritical),CAUTION,0.55,0.1085,0.002,0.002,-0.0107,-0.0107,False,False,
SO,The Southern Company,Utilities,2026-Q1,2026-03-31,usd,1.25,2.0784,94.94342041015625,4647.60009765625,5.46,25.52,101.89,8.07,107.03,35.23,0.0634,0.0616,0.0128,-41.6,0.159,False,0.4555,0.0593,0.0886,6.034,1.2793,0.0296,0.9575,median,0.0285,0.1062,0.0176,Regime 2 (Subcritical),CAUTION,0.55,-0.1018,-0.1018,-0.1018,-0.1018,-0.1018,False,False,
SO,The Southern Company,Utilities,2026-Q2,2026-06-30,usd,1.25,2.0784,94.92616271972656,4038.5,5.46,25.52,101.89,8.07,107.01,35.23,0.0634,0.0622,0.016,0.0,0.1534,False,0.4555,0.0255,0.0569,2.385,1.0102,0.0203,0.9705,median,0.0303,0.098,0.0411,Regime 2 (Subcritical),CAUTION,0.55,-0.1016,-0.1016,-0.1016,-0.1016,-0.1016,False,False,
D,"Dominion Energy, Inc.",Utilities,2017-Q1,2017-03-31,usd,1.25,2.0784,51.25605773925781,1247.300048828125,6.4,9.04,50.72,4.5,32.24,17.66,0.0753,0.0679,0.9754,66.2,0.0736,False,0.436,-0.1068,-0.1261,0.382,0.8662,-0.0342,1.0,median,-0.0228,0.0781,0.2042,Regime 1 (Virtuous),HEALTHY,0.702,0.0106,-0.0958,0.0787,-0.0976,-0.1611,False,False,False
D,"Dominion Energy, Inc.",Utilities,2017-Q2,2017-06-30,usd,1.25,2.0784,51.11121368408203,1240.699951171875,6.4,8.05,51.75,3.2,32.2,17.35,0.0536,0.0682,1.3566,75.4,-0.0125,True,0.4611,-0.1313,-0.1465,0.231,0.84,-0.0019,1.0,median,-0.0181,0.0439,0.1904,Regime 2 (Subcritical),CAUTION,0.55,0.0777,-0.0712,0.1041,-0.1588,-0.1588,False,False,
D,"Dominion Energy, Inc.",Utilities,2017-Q3,2017-09-30,usd,1.25,2.0784,51.79869842529297,1281.5,6.41,7.92,52.81,4.8,33.36,17.98,0.079,0.0674,1.1791,72.6,0.0894,False,0.4496,0.0304,0.0409,1.695,0.8398,0.0145,0.9786,median,0.0125,0.0998,0.0588,Regime 1 (Virtuous),HEALTHY,0.629,-0.1031,-0.0419,0.1582,-0.1679,-0.1679,False,False,False
D,"Dominion Energy, Inc.",Utilities,2017-Q4,2017-12-31,usd,1.25,2.0784,55.084476470947266,1306.300048828125,7.09,7.92,53.76,4.02,35.53,18.2,0.0651,0.0676,1.2013,73.6,0.0396,False,0.452,0.0709,0.0563,1.867,0.9512,0.134,0.8327,median,-0.0172,0.1212,0.0649,Regime 2 (Subcritical),CAUTION,0.55,-0.1298,-0.0669,0.1337,-0.2118,-0.2118,True,True,
D,"Dominion Energy, Inc.",Utilities,2018-Q1,2018-03-31,usd,1.25,2.0784,46.34463119506836,1322.800048828125,6.41,10.36,54.13,3.5,30.26,18.6,0.0543,0.0676,1.008,66.0,0.0021,False,0.4532,-0.111,-0.115,-1.225,0.9488,0.0628,0.9139,median,-0.0045,-0.0633,0.0517,Regime 2 (Subcritical),CAUTION,0.55,0.0737,0.1991,0.2576,-0.0675,-0.0675,False,False,
D,"Dominion Energy, Inc.",Utilities,2018-Q2,2018-06-30,usd,1.25,2.0784,47.474510192871094,1251.300048828125,6.41,9.38,54.6,2.97,31.05,18.34,0.0464,0.0671,1.2907,74.6,-0.0826,True,0.4661,-0.0773,-0.0919,-0.656,0.8991,0.0421,0.9406,median,-0.0164,-0.0364,0.0555,Regime 2 (Subcritical),CAUTION,0.55,0.0949,0.184,0.2908,-0.0054,-0.0593,False,False,
D,"Dominion Energy, Inc.",Utilities,2018-Q3,2018-09-30,usd,1.25,2.0784,49.5073356628418,1191.5,6.41,9.2,54.19,4.6,32.43,18.6,0.0726,0.0662,1.179,75.2,0.0399,False,0.448,-0.0449,-0.062,-0.839,0.8039,0.1073,0.8613,median,-0.0188,-0.0283,0.0337,Regime 1 (Virtuous),HEALTHY,0.617,0.1197,0.2119,0.2181,-0.0195,-0.092,False,False,True
D,"Dominion Energy, Inc.",Utilities,2018-Q4,2018-12-31,usd,1.25,2.0784,50.902889251708984,1278.300048828125,7.08,9.2,54.56,3.34,34.66,18.55,0.0523,0.0657,1.0882,68.6,0.182,False,0.4521,-0.019,-0.0437,-1.293,1.0437,-0.0618,1.0,median,-0.0282,-0.0246,0.0191,Regime 2 (Subcritical),CAUTION,0.55,0.1048,0.215,0.1326,-0.0488,-0.1192,False,False,
D,"Dominion Energy, Inc.",Utilities,2019-Q1,2019-03-31,usd,1.25,2.0784,55.289825439453125,1293.0,9.85,17.36,66.57,4.63,44.34,24.6,0.0552,0.0651,1.2147,68.4,-0.0906,True,0.4022,0.1344,0.1024,1.366,0.9107,0.0813,0.8914,median,-0.0377,0.382,0.2796,Regime 2 (Subcritical),CAUTION,0.55,0.0813,0.0484,0.0727,-0.1894,-0.1894,False,False,
D,"Dominion Energy, Inc.",Utilities,2019-Q2,2019-06-30,usd,1.25,2.0784,56.4333610534668,1409.699951171875,9.86,14.04,67.14,1.84,45.32,23.22,0.0227,0.0645,1.1867,68.3,0.1459,False,0.4431,0.1749,0.1422,1.602,1.041,0.0206,0.97,median,-0.0403,0.3781,0.236,Regime 2 (Subcritical),CAUTION,0.55,0.0889,0.094,0.0354,-0.2027,-0.2027,True,True,
D,"Dominion Energy, Inc.",Utilities,2019-Q3,2019-09-30,usd,1.25,2.0784,59.84252166748047,1465.699951171875,9.76,11.82,67.98,5.26,49.25,23.7,0.0659,0.0631,1.2039,73.4,0.1476,False,0.4321,0.212,0.1755,1.724,1.2042,-0.001,1.0,median,-0.0467,0.4179,0.2425,Regime 2 (Subcritical),CAUTION,0.55,-0.031,0.0052,-0.0079,-0.2508,-0.2508,True,True,
D,"Dominion Energy, Inc.",Utilities,2019-Q4,2019-12-31,usd,1.25,2.0784,61.84721374511719,1519.5,9.74,11.82,69.08,4.88,51.83,23.88,0.0604,0.0623,1.0507,66.2,0.1354,False,0.4373,0.193,0.1493,1.591,0.9223,0.2442,0.7319,median,-0.0542,0.4022,0.2529,Regime 2 (Subcritical),CAUTION,0.55,0.0018,-0.0678,0.0222,-0.275,-0.275,True,True,
D,"Dominion Energy, Inc.",Utilities,2020-Q1,2020-03-31,usd,1.25,2.0784,54.499488830566406,1583.4000244140625,8.95,15.46,67.4,2.52,45.73,23.58,0.0305,0.0616,1.0136,63.9,-0.0306,True,0.4362,0.1112,0.073,100.0,1.3633,-0.1008,1.0,median,-0.0553,0.0307,-0.0423,Regime 2 (Subcritical),CAUTION,0.55,0.1037,0.0949,0.2666,-0.0366,-0.0366,False,False,
D,"Dominion Energy, Inc.",Utilities,2020-Q2,2020-06-30,usd,1.25,2.0784,61.9599494934082,1800.5,8.95,12.18,67.98,2.16,52.05,22.82,0.0269,0.0606,1.5861,80.1,0.1619,False,0.4569,0.1985,0.156,100.0,1.2425,0.0122,0.982,median,-0.0619,0.1385,-0.0176,Regime 3 (Parasitic),DANGER,0.799,-0.0718,-0.0595,0.0549,-0.1416,-0.1416,False,False,True
D,"Dominion Energy, Inc.",Utilities,2020-Q3,2020-09-30,usd,1.25,2.0784,60.9625358581543,1895.5,7.39,14.32,56.79,0.11,49.75,19.65,0.0015,0.0593,1.4238,71.8,0.0978,False,0.4471,0.2405,0.1974,100.0,1.1182,0.0992,0.8705,median,-0.0625,0.01,-0.1874,Regime 3 (Parasitic),DANGER,0.84,-0.0212,-0.0436,-0.0639,-0.1276,-0.1276,False,False,True
D,"Dominion Energy, Inc.",Utilities,2020-Q4,2020-12-31,usd,1.25,2.0784,58.541038513183594,1895.0999755859375,8.15,14.32,57.85,3.42,47.18,20.93,0.0474,0.0575,1.5604,83.7,0.1651,False,0.4146,0.0949,0.0378,1.0,1.0728,0.1158,0.852,median,-0.0803,-0.0939,-0.1317,Regime 2 (Subcritical),CAUTION,0.55,0.0028,0.0812,-0.1255,-0.0915,-0.1825,False,False,
D,"Dominion Energy, Inc.",Utilities,2021-Q1,2021-03-31,usd,1.25,2.0784,59.6729736328125,1713.800048828125,7.38,11.97,58.42,3.51,48.1,20.32,0.0499,0.0559,1.0707,62.6,0.1571,False,0.4361,0.2757,0.1994,100.0,0.7041,0.3339,0.6663,median,-0.0967,0.0506,-0.1488,Regime 3 (Parasitic),DANGER,0.826,-0.0051,0.1568,-0.2082,-0.052,-0.2604,False,True,True
D,"Dominion Energy, Inc.",Utilities,2021-Q2,2021-06-30,usd,1.25,2.0784,58.27604675292969,1771.5999755859375,7.41,10.7,59.23,1.45,47.03,19.7,0.0208,0.0547,1.7219,78.0,0.1274,False,0.4626,0.1236,0.0457,1.0,0.7098,0.2339,0.7403,median,-0.1024,-0.1014,-0.1471,Regime 2 (Subcritical),CAUTION,0.55,0.0841,0.1216,-0.2388,-0.0292,-0.2795,False,True,
D,"Dominion Energy, Inc.",Utilities,2021-Q3,2021-09-30,usd,1.25,2.0784,58.30546951293945,1757.0,7.41,9.34,58.39,3.36,47.23,19.62,0.0497,0.0533,1.77,82.3,0.1219,False,0.4543,0.0316,-0.0505,1.0,0.7237,0.1319,0.8348,median,-0.1068,-0.0519,-0.0015,Regime 2 (Subcritical),CAUTION,0.55,0.184,-0.0213,-0.3348,-0.0297,-0.3427,False,True,
D,"Dominion Energy, Inc.",Utilities,2021-Q4,2021-12-31,usd,1.25,2.0784,63.29188537597656,1828.5999755859375,8.19,9.34,59.77,3.36,51.27,20.17,0.0487,0.0522,2.2864,94.0,0.1901,False,0.4532,0.1941,0.1203,100.0,0.7604,0.1941,0.7745,median,-0.0962,0.083,-0.0374,Regime 3 (Parasitic),DANGER,0.744,0.0512,-0.1912,-0.3459,-0.2439,-0.4577,True,True,True
D,"Dominion Energy, Inc.",Utilities,2022-Q1,2022-03-31,usd,1.25,2.0784,69.0313491821289,1949.199951171875,7.3,9.34,60.12,3.9,55.98,20.17,0.0562,0.0513,0.9332,57.8,0.1714,False,0.4591,0.2326,0.1595,100.0,0.9974,0.0986,0.8711,median,-0.0867,0.1519,-0.0077,Regime 3 (Parasitic),DANGER,0.783,-0.15,-0.3155,-0.3636,-0.3607,-0.5028,True,True,True
D,"Dominion Energy, Inc.",Utilities,2022-Q2,2022-06-30,usd,1.25,2.0784,65.36083221435547,1807.300048828125,7.3,9.34,61.26,4.32,54.38,20.55,0.0611,0.0507,1.334,67.6,0.037,False,0.4568,0.172,0.1026,3.405,1.1582,-0.1299,1.0,median,-0.0768,0.1452,0.0427,Regime 2 (Subcritical),CAUTION,0.55,-0.2127,-0.3213,-0.3219,-0.3576,-0.4749,True,True,
D,"Dominion Energy, Inc.",Utilities,2022-Q3,2022-09-30,usd,1.25,2.0784,57.06401443481445,1672.0,7.29,9.34,62.89,4.29,47.53,20.95,0.0594,0.0503,1.0242,63.4,0.1468,False,0.4586,-0.0021,-0.0591,0.099,1.1432,-0.1785,1.0,median,-0.058,0.0065,0.0656,Regime 2 (Subcritical),CAUTION,0.55,-0.172,-0.3203,-0.0831,-0.3284,-0.3985,True,True,
D,"Dominion Energy, Inc.",Utilities,2022-Q4,2022-12-31,usd,1.25,2.0784,51.19139862060547,1826.199951171875,8.16,9.34,63.46,1.01,42.74,20.49,0.0139,0.0501,1.2606,67.3,-0.1487,True,0.4823,-0.158,-0.1979,-11.302,1.2397,-0.1436,1.0,median,-0.0404,-0.1818,0.0161,Regime 2 (Subcritical),CAUTION,0.55,-0.1562,-0.2125,-0.0514,-0.3471,-0.3471,True,True,
D,"Dominion Energy, Inc.",Utilities,2023-Q1,2023-03-31,usd,1.25,2.0784,47.25162124633789,1969.0,7.29,9.34,64.62,5.78,39.5,21.76,0.0781,0.0496,0.786,57.3,0.1733,False,0.4582,-0.3923,-0.4248,-4.582,1.1137,-0.0839,1.0,median,-0.0342,-0.3487,0.0761,Regime 2 (Subcritical),CAUTION,0.55,-0.1792,-0.0702,0.0902,-0.2736,-0.2736,True,True,
D,"Dominion Energy, Inc.",Utilities,2023-Q2,2023-06-30,usd,1.25,2.0784,44.35898971557617,1929.4000244140625,7.29,0.44,66.54,2.89,37.13,19.29,0.0431,0.0495,1.621,84.7,0.1089,False,0.5548,-0.2945,-0.3182,1.0,0.908,0.0933,0.8772,median,-0.024,-0.3816,-0.0634,Regime 2 (Subcritical),CAUTION,0.55,-0.0667,-0.0009,0.1942,-0.2263,-0.2263,True,True,
D,"Dominion Energy, Inc.",Utilities,2023-Q3,2023-09-30,usd,1.25,2.0784,38.78397750854492,1866.0999755859375,4.14,0.21,56.16,4.14,32.46,16.16,0.0734,0.0493,1.5829,83.2,0.063,False,0.5554,-0.1006,-0.1218,1.0,0.9333,0.0803,0.8925,median,-0.0201,-0.3814,-0.2596,Regime 2 (Subcritical),CAUTION,0.55,0.196,0.4243,0.5904,-0.0657,-0.0657,False,False,
D,"Dominion Energy, Inc.",Utilities,2023-Q4,2023-12-31,usd,1.25,2.0784,41.39875793457031,2071.800048828125,5.09,0.21,58.78,2.85,34.69,16.73,0.0483,0.0494,1.8805,89.0,-0.0985,True,0.5599,0.0077,-0.0059,1.0,0.9132,0.0303,0.9566,median,-0.0138,-0.2087,-0.2029,Regime 2 (Subcritical),CAUTION,0.55,0.0372,0.1671,0.3405,-0.0899,-0.0899,False,False,
D,"Dominion Energy, Inc.",Utilities,2024-Q1,2024-03-31,usd,1.25,2.0784,43.934757232666016,2217.39990234375,4.14,0.43,60.56,3.33,36.82,17.12,0.0546,0.0495,1.664,86.6,0.0927,False,0.5611,0.1703,0.1697,1.0,0.8807,0.0926,0.878,median,-0.0006,-0.0704,-0.2401,Regime 3 (Parasitic),DANGER,0.67,0.1916,0.1963,0.38,-0.0468,-0.0468,False,False,False
D,"Dominion Energy, Inc.",Utilities,2024-Q2,2024-06-30,usd,1.25,2.0784,44.31842041015625,2339.60009765625,4.14,0.12,63.36,3.22,37.18,17.71,0.0507,0.0497,1.7299,87.7,0.1349,False,0.5697,0.0823,0.0868,100.0,0.9883,0.0797,0.8932,median,0.0043,0.0015,-0.0853,Regime 2 (Subcritical),CAUTION,0.55,0.1497,0.2341,0.5569,0.0,0.0,False,False,
D,"Dominion Energy, Inc.",Utilities,2024-Q3,2024-09-30,usd,1.25,2.0784,52.898250579833984,2659.39990234375,4.14,0.62,65.42,4.87,44.43,18.77,0.0738,0.0498,1.2898,74.4,0.1958,False,0.5464,0.1549,0.1647,2.103,1.0605,0.2344,0.7399,median,0.0099,0.3139,0.1493,Regime 2 (Subcritical),CAUTION,0.55,-0.007,0.109,0.1831,-0.1206,-0.1206,False,False,
D,"Dominion Energy, Inc.",Utilities,2024-Q4,2024-12-31,usd,1.25,2.0784,49.85879898071289,2641.0,5.28,0.62,68.86,1.56,42.48,19.08,0.0225,0.0501,1.7249,83.7,-0.1506,True,0.5708,0.0563,0.071,1.54,1.0338,0.0849,0.887,median,0.0139,0.2025,0.1315,Regime 2 (Subcritical),CAUTION,0.55,0.0963,0.1397,0.2552,-0.0669,-0.0669,False,False,
D,"Dominion Energy, Inc.",Utilities,2025-Q1,2025-03-31,usd,1.25,2.0784,52.525848388671875,3122.800048828125,4.14,0.62,71.17,4.89,44.8,20.21,0.0681,0.0501,1.2371,70.5,0.1823,False,0.5563,0.0183,0.0303,1.183,1.3186,0.0475,0.9335,median,0.0117,0.1963,0.166,Regime 2 (Subcritical),CAUTION,0.55,0.1123,0.1536,0.1915,-0.1143,-0.1143,False,False,
D,"Dominion Energy, Inc.",Utilities,2025-Q2,2025-06-30,usd,1.25,2.0784,53.588008880615234,3307.699951171875,4.14,0.37,73.28,4.38,45.71,20.54,0.0595,0.0503,1.5879,82.3,0.1639,False,0.5636,0.0453,0.0581,1.392,1.2442,0.0613,0.9158,median,0.0125,0.2065,0.1483,Regime 2 (Subcritical),CAUTION,0.55,0.0723,0.2616,0.1679,-0.0035,-0.0035,False,False,
D,"Dominion Energy, Inc.",Utilities,2025-Q3,2025-09-30,usd,1.25,2.0784,58.66334915161133,3873.199951171875,5.6,0.07,75.81,5.36,50.1,21.71,0.0706,0.0505,1.2063,71.5,0.1901,False,0.5491,-0.0407,-0.0257,0.824,1.2548,0.0277,0.9601,median,0.0148,0.12,0.1457,Regime 2 (Subcritical),CAUTION,0.55,0.0329,0.0669,0.0669,-0.0563,-0.0563,False,False,
D,"Dominion Energy, Inc.",Utilities,2025-Q4,2025-12-31,usd,1.25,2.0784,56.82339859008789,4341.10009765625,5.83,0.07,78.97,3.02,49.95,21.97,0.0383,0.0509,1.5056,77.7,-0.1429,True,0.5669,0.0051,0.021,1.149,1.4123,0.0216,0.9685,median,0.0156,0.162,0.141,Regime 2 (Subcritical),CAUTION,0.55,0.1811,0.1014,0.1014,-0.0258,-0.0258,False,False,
D,"Dominion Energy, Inc.",Utilities,2026-Q1,2026-03-31,usd,1.25,2.0784,60.5949592590332,4647.60009765625,4.14,0.07,80.21,5.57,53.26,22.5,0.0694,0.0511,1.0177,62.9,0.1649,False,0.5596,0.0455,0.0656,1.611,1.2793,0.0296,0.9575,median,0.0195,0.1729,0.1073,Regime 2 (Subcritical),CAUTION,0.55,0.0328,0.0328,0.0328,-0.0141,-0.0141,False,False,
D,"Dominion Energy, Inc.",Utilities,2026-Q2,2026-06-30,usd,1.25,2.0784,67.60700225830078,4038.5,4.14,0.07,80.21,5.57,59.43,22.5,0.0694,0.0514,0.0175,0.0,0.1483,False,0.5541,0.1483,0.1716,2.891,1.0102,0.0203,0.9705,median,0.0225,0.2624,0.0908,Regime 2 (Subcritical),CAUTION,0.55,-0.0743,-0.0743,-0.0743,-0.0743,-0.0743,False,False,
AEP,"American Electric Power Company, Inc.",Utilities,2017-Q1,2017-03-31,usd,1.25,2.0784,48.18853759765625,1247.300048828125,0.05,11.34,46.24,4.39,23.69,15.51,0.0762,0.0613,0.0107,-0.2,0.1777,False,0.4839,0.0271,0.0441,100.0,0.8662,-0.0342,1.0,median,0.0199,0.0274,-0.0167,Regime 2 (Subcritical),CAUTION,0.55,0.0642,0.058,0.3385,-0.0224,-0.0224,False,False,
AEP,"American Electric Power Company, Inc.",Utilities,2017-Q2,2017-06-30,usd,1.25,2.0784,50.302120208740234,1240.699951171875,0.05,11.33,47.23,2.98,24.74,15.4,0.0509,0.0617,0.012,-7.4,0.1225,False,0.4998,0.0716,0.0934,100.0,0.84,-0.0019,1.0,median,0.026,0.0698,-0.0237,Regime 2 (Subcritical),CAUTION,0.55,0.0767,0.0328,0.3584,-0.0634,-0.0634,False,False,
AEP,"American Electric Power Company, Inc.",Utilities,2017-Q3,2017-09-30,usd,1.25,2.0784,51.28349685668945,1281.5,0.05,12.47,48.32,3.95,25.23,16.2,0.0649,0.0611,0.0107,-13.9,0.1669,False,0.4842,0.2214,0.2453,100.0,0.8398,0.0145,0.9786,median,0.0284,0.1257,-0.1196,Regime 3 (Parasitic),DANGER,0.771,-0.0085,0.0432,0.4252,-0.0838,-0.0838,False,False,False
AEP,"American Electric Power Company, Inc.",Utilities,2017-Q4,2017-12-31,usd,1.25,2.0784,54.15940475463867,1306.300048828125,0.05,12.47,50.26,2.97,26.65,16.44,0.0473,0.0611,0.0116,-30.8,0.1156,False,0.4979,0.3061,0.2692,100.0,0.9512,0.134,0.8327,median,-0.0434,0.1908,-0.0784,Regime 3 (Parasitic),DANGER,0.856,-0.0254,0.0707,0.3975,-0.1162,-0.1162,False,False,False
AEP,"American Electric Power Company, Inc.",Utilities,2018-Q1,2018-03-31,usd,1.25,2.0784,50.98379135131836,1322.800048828125,0.05,13.37,51.37,2.82,25.11,16.9,0.0436,0.0604,0.0111,-8.5,0.0824,False,0.5024,-0.0155,-0.0282,0.673,0.9488,0.0628,0.9139,median,-0.0145,0.058,0.0863,Regime 2 (Subcritical),CAUTION,0.55,0.057,0.2709,0.309,-0.0698,-0.0698,False,False,
AEP,"American Electric Power Company, Inc.",Utilities,2018-Q2,2018-06-30,usd,1.25,2.0784,51.95334243774414,1251.300048828125,0.05,13.02,52.44,3.03,25.61,17.14,0.0463,0.0594,0.0114,-5.6,0.0889,False,0.5054,-0.0396,-0.0726,0.322,0.8991,0.0421,0.9406,median,-0.037,0.0345,0.1071,Regime 2 (Subcritical),CAUTION,0.55,0.0859,0.3002,0.2124,-0.0168,-0.0168,False,False,
AEP,"American Electric Power Company, Inc.",Utilities,2018-Q3,2018-09-30,usd,1.25,2.0784,53.64513397216797,1191.5,0.05,14.66,53.36,2.67,26.45,17.69,0.0393,0.0584,0.0107,-6.6,0.0601,False,0.4987,0.001,-0.0404,0.54,0.8039,0.1073,0.8613,median,-0.0454,0.0475,0.0879,Regime 2 (Subcritical),CAUTION,0.55,0.202,0.3657,0.2183,-0.0096,-0.0096,False,False,
AEP,"American Electric Power Company, Inc.",Utilities,2018-Q4,2018-12-31,usd,1.25,2.0784,57.07554244995117,1278.300048828125,0.05,14.66,55.1,2.2,28.15,18.0,0.0316,0.0572,0.0124,-23.0,0.033,False,0.5043,0.0208,-0.036,0.605,1.0437,-0.0618,1.0,median,-0.0647,0.055,0.0909,Regime 2 (Subcritical),CAUTION,0.55,0.1988,0.3052,0.1625,-0.0264,-0.0266,False,False,
AEP,"American Electric Power Company, Inc.",Utilities,2019-Q1,2019-03-31,usd,1.25,2.0784,64.50167083740234,1293.0,0.05,13.07,55.97,3.15,31.83,18.06,0.0457,0.0558,0.0119,-9.5,0.073,False,0.4993,0.2384,0.1707,3.573,0.9107,0.0813,0.8914,median,-0.0795,0.237,0.0663,Regime 2 (Subcritical),CAUTION,0.55,0.1552,0.0416,0.0913,-0.129,-0.129,False,False,
AEP,"American Electric Power Company, Inc.",Utilities,2019-Q2,2019-06-30,usd,1.25,2.0784,68.32936096191406,1409.699951171875,0.05,12.09,57.2,2.2,33.74,17.89,0.0318,0.0546,0.0139,-20.9,-0.0109,True,0.5139,0.3016,0.2329,6.431,1.041,0.0206,0.97,median,-0.0845,0.2757,0.0429,Regime 3 (Parasitic),DANGER,0.95,0.0851,-0.0688,0.0162,-0.188,-0.188,False,False,True
AEP,"American Electric Power Company, Inc.",Utilities,2019-Q3,2019-09-30,usd,1.25,2.0784,73.286376953125,1465.699951171875,0.05,13.43,58.69,3.83,36.2,19.0,0.0531,0.0533,0.0117,-18.9,0.0951,False,0.4913,0.3133,0.2419,4.37,1.2042,-0.001,1.0,median,-0.0913,0.3137,0.0718,Regime 2 (Subcritical),CAUTION,0.55,-0.0935,-0.108,-0.0633,-0.2419,-0.2419,True,True,
AEP,"American Electric Power Company, Inc.",Utilities,2019-Q4,2019-12-31,usd,1.25,2.0784,74.49472045898438,1519.5,0.05,13.43,60.14,1.18,36.81,18.7,0.016,0.0524,0.0144,-38.0,-0.0863,True,0.5166,0.3011,0.2303,7.075,0.9223,0.2442,0.7319,median,-0.088,0.2682,0.0379,Regime 3 (Parasitic),DANGER,0.95,-0.1439,-0.1093,0.0039,-0.2542,-0.2542,True,True,True
AEP,"American Electric Power Company, Inc.",Utilities,2020-Q1,2020-03-31,usd,1.25,2.0784,63.476409912109375,1583.4000244140625,0.05,11.98,61.05,3.01,31.46,19.02,0.0412,0.0511,0.0142,-17.3,0.0487,False,0.5249,-0.0026,-0.0635,-0.225,1.3633,-0.1008,1.0,median,-0.0882,-0.0117,0.0518,Regime 2 (Subcritical),CAUTION,0.55,0.0299,0.0962,0.3369,-0.0935,-0.0935,False,False,
AEP,"American Electric Power Company, Inc.",Utilities,2020-Q2,2020-06-30,usd,1.25,2.0784,63.772953033447266,1800.5,0.05,11.09,61.93,2.89,31.64,18.99,0.0396,0.05,0.0152,-18.6,0.0166,False,0.5339,-0.0631,-0.124,-1.075,1.2425,0.0122,0.982,median,-0.0888,-0.0642,0.0598,Regime 2 (Subcritical),CAUTION,0.55,0.0362,0.0989,0.2897,-0.0358,-0.0358,False,False,
AEP,"American Electric Power Company, Inc.",Utilities,2020-Q3,2020-09-30,usd,1.25,2.0784,65.98763275146484,1895.5,0.05,12.49,62.79,3.77,32.76,19.78,0.0501,0.049,0.0132,-15.8,0.0673,False,0.5174,-0.0817,-0.14,-2.502,1.1182,0.0992,0.8705,median,-0.0846,-0.1,0.04,Regime 2 (Subcritical),CAUTION,0.55,0.0545,0.0277,0.132,-0.0681,-0.0681,False,False,
AEP,"American Electric Power Company, Inc.",Utilities,2020-Q4,2020-12-31,usd,1.25,2.0784,67.78267669677734,1895.0999755859375,0.05,12.49,63.9,3.77,33.66,20.05,0.0494,0.0483,0.0176,-22.9,-0.0947,True,0.5185,-0.1012,-0.1595,-1.279,1.0728,0.1158,0.852,median,-0.082,-0.0895,0.07,Regime 2 (Subcritical),CAUTION,0.55,0.0421,0.1068,0.2217,-0.0928,-0.0928,False,False,
AEP,"American Electric Power Company, Inc.",Utilities,2021-Q1,2021-03-31,usd,1.25,2.0784,69.58256530761719,1713.800048828125,0.05,13.88,64.7,3.24,34.77,20.47,0.0412,0.0478,0.0133,-16.3,0.0206,False,0.5139,0.08,0.027,1.368,0.7041,0.3339,0.6663,median,-0.0672,0.1002,0.0732,Regime 2 (Subcritical),CAUTION,0.55,-0.0135,0.2196,0.151,-0.0271,-0.0271,False,False,
AEP,"American Electric Power Company, Inc.",Utilities,2021-Q2,2021-06-30,usd,1.25,2.0784,70.0807113647461,1771.5999755859375,0.05,12.07,65.66,3.24,35.06,20.26,0.0417,0.0473,0.0151,-10.8,0.0173,False,0.5269,0.0798,0.038,1.588,0.7098,0.2339,0.7403,median,-0.0551,0.1025,0.0646,Regime 2 (Subcritical),CAUTION,0.55,0.0658,0.1736,0.0672,-0.034,-0.034,False,False,
AEP,"American Electric Power Company, Inc.",Utilities,2021-Q3,2021-09-30,usd,1.25,2.0784,67.81733703613281,1757.0,0.05,14.06,66.69,4.43,34.16,21.31,0.0549,0.0469,0.0128,-8.0,0.0955,False,0.5111,0.0014,-0.0328,0.561,0.7237,0.1319,0.8348,median,-0.0445,0.0419,0.0747,Regime 2 (Subcritical),CAUTION,0.55,0.2514,0.1014,-0.0046,-0.0018,-0.0119,False,False,
AEP,"American Electric Power Company, Inc.",Utilities,2021-Q4,2021-12-31,usd,1.25,2.0784,75.02253723144531,1828.5999755859375,0.05,14.06,66.0,4.43,37.83,21.14,0.0553,0.0466,0.0163,-30.2,-0.0797,True,0.5012,0.0908,0.0642,2.222,0.7604,0.1941,0.7745,median,-0.0348,0.1167,0.0525,Regime 2 (Subcritical),CAUTION,0.55,0.1193,0.1038,-0.0174,-0.0586,-0.1467,False,False,
AEP,"American Electric Power Company, Inc.",Utilities,2022-Q1,2022-03-31,usd,1.25,2.0784,84.86329650878906,1949.199951171875,0.05,14.42,67.88,3.95,43.58,21.58,0.048,0.0466,0.0134,-13.3,0.0661,False,0.4987,0.1946,0.1731,4.286,0.9974,0.0986,0.8711,median,-0.0255,0.2258,0.0527,Regime 2 (Subcritical),CAUTION,0.55,-0.0931,-0.0562,-0.0685,-0.1678,-0.2457,False,True,
AEP,"American Electric Power Company, Inc.",Utilities,2022-Q2,2022-06-30,usd,1.25,2.0784,82.24935913085938,1807.300048828125,0.05,14.54,68.71,4.02,42.25,21.83,0.0483,0.0465,0.0134,-20.3,0.0526,False,0.5013,0.1264,0.1119,2.495,1.1582,-0.1299,1.0,median,-0.0161,0.1867,0.0748,Regime 2 (Subcritical),CAUTION,0.55,0.0181,-0.0907,-0.011,-0.1413,-0.2217,False,True,
AEP,"American Electric Power Company, Inc.",Utilities,2022-Q3,2022-09-30,usd,1.25,2.0784,74.69573974609375,1672.0,0.05,18.38,69.81,3.72,38.38,22.99,0.0422,0.0465,0.0113,-17.3,0.0073,False,0.4927,0.0473,0.0406,1.534,1.1432,-0.1785,1.0,median,-0.0068,0.1167,0.076,Regime 2 (Subcritical),CAUTION,0.55,0.0722,-0.0963,0.2755,-0.1029,-0.143,False,False,
AEP,"American Electric Power Company, Inc.",Utilities,2022-Q4,2022-12-31,usd,1.25,2.0784,82.81011962890625,1826.199951171875,0.05,18.38,71.28,3.72,42.55,23.36,0.0415,0.0465,0.0206,-42.7,-0.1033,True,0.4894,0.0208,0.0177,1.177,1.2397,-0.1436,1.0,median,-0.0031,0.1177,0.1,Regime 2 (Subcritical),CAUTION,0.55,-0.0961,-0.109,0.051,-0.2263,-0.2263,True,True,
AEP,"American Electric Power Company, Inc.",Utilities,2023-Q1,2023-03-31,usd,1.25,2.0784,80.09195709228516,1969.0,0.05,15.94,73.35,2.82,41.23,23.04,0.0316,0.0464,0.0138,-23.1,-0.1159,True,0.5153,-0.1174,-0.1212,-0.844,1.1137,-0.0839,1.0,median,-0.0039,-0.0554,0.0657,Regime 2 (Subcritical),CAUTION,0.55,-0.1571,-0.013,0.2733,-0.2007,-0.2007,True,True,
AEP,"American Electric Power Company, Inc.",Utilities,2023-Q2,2023-06-30,usd,1.25,2.0784,74.78890991210938,1929.4000244140625,0.05,13.99,74.68,3.5,38.53,23.06,0.0395,0.0461,0.015,-28.4,-0.0778,True,0.5297,-0.1384,-0.1469,-1.689,0.908,0.0933,0.8772,median,-0.0087,-0.0923,0.0546,Regime 2 (Subcritical),CAUTION,0.55,-0.0143,0.0877,0.3179,-0.1441,-0.1441,False,False,
AEP,"American Electric Power Company, Inc.",Utilities,2023-Q3,2023-09-30,usd,1.25,2.0784,67.5058822631836,1866.0999755859375,0.05,15.95,75.82,5.41,35.5,24.31,0.059,0.0459,0.0122,-15.6,0.0373,False,0.5168,-0.1186,-0.1338,-1.402,0.9333,0.0803,0.8925,median,-0.0145,-0.0781,0.0557,Regime 2 (Subcritical),CAUTION,0.55,0.2261,0.4777,0.6515,-0.0071,-0.0071,False,False,
AEP,"American Electric Power Company, Inc.",Utilities,2023-Q4,2023-12-31,usd,1.25,2.0784,73.72068786621094,2071.800048828125,0.05,15.95,76.69,5.41,38.79,24.53,0.0584,0.0458,0.0147,-13.8,-0.1111,True,0.5113,-0.1267,-0.1414,-1.897,0.9132,0.0303,0.9566,median,-0.0148,-0.0926,0.0488,Regime 2 (Subcritical),CAUTION,0.55,0.0774,0.1518,0.5018,-0.0767,-0.0767,False,False,
AEP,"American Electric Power Company, Inc.",Utilities,2024-Q1,2024-03-31,usd,1.25,2.0784,79.0496597290039,2217.39990234375,0.05,15.41,77.8,4.69,41.67,24.49,0.0503,0.0459,0.0133,-3.3,0.0014,False,0.5156,-0.0392,-0.0503,0.174,0.8807,0.0926,0.878,median,-0.0109,0.0106,0.0609,Regime 2 (Subcritical),CAUTION,0.55,0.2272,0.342,0.6636,-0.0597,-0.0597,False,False,
AEP,"American Electric Power Company, Inc.",Utilities,2024-Q2,2024-06-30,usd,1.25,2.0784,81.34564971923828,2339.60009765625,0.05,15.58,78.86,2.74,43.29,24.31,0.029,0.046,0.0149,-1.8,-0.144,True,0.5267,0.0667,0.0635,2.202,0.9883,0.0797,0.8932,median,-0.0031,0.1164,0.0529,Regime 2 (Subcritical),CAUTION,0.55,0.0799,0.2335,0.6779,-0.0019,-0.0019,False,False,
AEP,"American Electric Power Company, Inc.",Utilities,2024-Q3,2024-09-30,usd,1.25,2.0784,95.98422241210938,2659.39990234375,0.05,16.27,80.07,5.41,51.12,25.45,0.0561,0.0459,0.0126,-7.1,0.0177,False,0.4981,0.3179,0.3187,7.945,1.0605,0.2344,0.7399,median,0.0008,0.3646,0.0459,Regime 3 (Parasitic),DANGER,0.868,0.0855,0.1368,0.2528,-0.1111,-0.1111,False,False,False
AEP,"American Electric Power Company, Inc.",Utilities,2024-Q4,2024-12-31,usd,1.25,2.0784,87.12401580810547,2641.0,0.05,16.27,0.71,5.41,46.43,5.61,0.3182,0.0459,0.0157,-28.9,-0.1171,True,0.6128,1.6484,1.6547,100.0,1.0338,0.0849,0.887,median,0.0031,0.1797,-1.4749,Regime 3 (Parasitic),DANGER,0.95,0.1526,0.2938,0.3802,-0.0207,-0.0207,False,False,False
AEP,"American Electric Power Company, Inc.",Utilities,2025-Q1,2025-03-31,usd,1.25,2.0784,104.18621063232422,3122.800048828125,0.05,16.72,0.71,5.14,55.66,5.66,0.2947,0.0488,0.0131,-8.3,0.0574,False,0.64,1.6351,1.755,100.0,1.3186,0.0475,0.9335,median,0.0611,0.2894,-1.4656,Regime 3 (Parasitic),DANGER,0.95,0.022,0.2396,0.1542,-0.0897,-0.0897,False,False,False
AEP,"American Electric Power Company, Inc.",Utilities,2025-Q2,2025-06-30,usd,1.25,2.0784,99.81504821777344,3307.699951171875,0.05,14.75,0.71,5.6,53.38,5.28,0.3618,0.0535,0.0145,-17.0,0.0627,False,0.6418,1.4404,1.7367,100.0,1.2442,0.0613,0.9158,median,0.1521,0.2096,-1.5271,Regime 3 (Parasitic),DANGER,0.95,0.1338,0.3603,0.2047,-0.0048,-0.0048,False,False,False
AEP,"American Electric Power Company, Inc.",Utilities,2025-Q3,2025-09-30,usd,1.25,2.0784,109.11502075195312,3873.199951171875,0.05,17.96,0.71,6.09,58.41,6.2,0.3259,0.0605,0.0126,-14.1,0.06,False,0.6328,1.0069,1.5451,100.0,1.2548,0.0277,0.9601,median,0.276,0.1333,-1.4119,Regime 3 (Parasitic),DANGER,0.95,0.1836,0.102,0.102,0.0,0.0,False,False,False
AEP,"American Electric Power Company, Inc.",Utilities,2025-Q4,2025-12-31,usd,1.25,2.0784,112.72234344482422,4341.10009765625,0.05,17.96,0.74,6.09,60.97,6.21,0.3256,0.0687,0.0154,-43.4,-0.1222,True,0.6389,-0.6145,0.1715,2.7,1.4123,0.0216,0.9685,median,0.403,0.2724,0.1009,Regime 2 (Subcritical),CAUTION,0.55,0.189,0.0668,0.0668,-0.014,-0.014,False,False,
AEP,"American Electric Power Company, Inc.",Utilities,2026-Q1,2026-03-31,usd,1.25,2.0784,129.151611328125,4647.60009765625,0.05,18.64,0.74,5.44,70.27,6.22,0.2808,0.0779,0.0134,-16.6,0.0136,False,0.6594,-0.7894,0.1384,2.461,1.2793,0.0296,0.9575,median,0.4686,0.2332,0.0947,Regime 2 (Subcritical),CAUTION,0.55,-0.0689,-0.0689,-0.0689,-0.0709,-0.0709,False,False,
AEP,"American Electric Power Company, Inc.",Utilities,2026-Q2,2026-06-30,usd,1.25,2.0784,135.77627563476562,4038.5,0.05,18.64,0.74,5.44,73.88,6.22,0.2808,0.0873,0.0178,0.0,-0.1759,True,0.6658,-0.8166,0.1613,1.986,1.0102,0.0203,0.9705,median,0.4891,0.3249,0.1636,Regime 2 (Subcritical),CAUTION,0.55,-0.1144,-0.1144,-0.1144,-0.1162,-0.1162,False,False,
AMT,American Tower Corporation,Real Estate,2017-Q1,2017-03-31,usd,1.25,2.0784,95.19337463378906,1247.300048828125,17.21,0.66,10.72,2.13,40.58,7.68,0.1868,0.1686,0.1587,11.7,0.2635,False,0.5072,-0.044,-0.0651,0.59,0.8662,-0.0342,1.0,median,-0.0247,0.0936,0.1586,Regime 2 (Subcritical),CAUTION,0.55,0.1415,0.2199,0.6904,-0.0074,-0.0074,False,False,
AMT,American Tower Corporation,Real Estate,2017-Q2,2017-06-30,usd,1.25,2.0784,104.67878723144531,1240.699951171875,17.1,0.61,10.73,2.31,44.93,7.69,0.2035,0.1707,0.1197,9.0,0.2793,False,0.529,0.1605,0.1501,4.437,0.84,-0.0019,1.0,median,-0.0124,0.1937,0.0437,Regime 2 (Subcritical),CAUTION,0.55,0.0889,0.1124,0.6091,-0.0105,-0.0105,False,False,
AMT,American Tower Corporation,Real Estate,2017-Q3,2017-09-30,usd,1.25,2.0784,108.66019439697266,1281.5,16.95,0.59,10.8,2.24,46.64,7.65,0.1971,0.1738,0.2352,17.9,0.2651,False,0.5385,0.1433,0.1784,5.719,0.8398,0.0145,0.9786,median,0.0416,0.2162,0.0378,Regime 2 (Subcritical),CAUTION,0.55,0.0751,0.0925,0.694,-0.0162,-0.0162,False,False,
AMT,American Tower Corporation,Real Estate,2017-Q4,2017-12-31,usd,1.25,2.0784,113.98851013183594,1306.300048828125,17.42,0.59,11.1,1.32,48.88,7.61,0.1125,0.1765,0.2099,15.7,0.0964,False,0.5536,0.2417,0.2877,8.928,0.9512,0.134,0.8327,median,0.0541,0.324,0.0363,Regime 3 (Parasitic),DANGER,0.792,0.0327,0.1456,0.694,-0.0576,-0.0576,False,False,False
AMT,American Tower Corporation,Real Estate,2018-Q1,2018-03-31,usd,1.25,2.0784,116.12178039550781,1322.800048828125,17.59,0.82,11.29,1.61,51.28,7.83,0.133,0.1752,0.0135,-837.9,0.1949,False,0.5556,0.1805,0.2146,12.005,0.9488,0.0628,0.9139,median,0.0386,0.2341,0.0195,Regime 3 (Parasitic),DANGER,0.731,0.0269,0.4003,0.6676,-0.0558,-0.0558,False,False,False
AMT,American Tower Corporation,Real Estate,2018-Q2,2018-06-30,usd,1.25,2.0784,116.44055938720703,1251.300048828125,17.28,0.63,11.07,2.18,51.37,7.79,0.1867,0.1729,0.0128,-929.0,0.2247,False,0.5555,0.1087,0.1205,9.845,0.8991,0.0421,0.9406,median,0.0131,0.1341,0.0136,Regime 2 (Subcritical),CAUTION,0.55,0.11,0.4416,0.8204,-0.0297,-0.0297,False,False,
AMT,American Tower Corporation,Real Estate,2018-Q3,2018-09-30,usd,1.25,2.0784,118.00080108642578,1191.5,16.95,0.71,11.0,2.27,52.01,7.73,0.1938,0.172,0.0127,-799.0,0.2392,False,0.559,0.1073,0.098,9.926,0.8039,0.1073,0.8613,median,-0.0103,0.109,0.011,Regime 2 (Subcritical),CAUTION,0.55,0.3757,0.5642,0.7288,-0.0233,-0.0233,False,False,
AMT,American Tower Corporation,Real Estate,2018-Q4,2018-12-31,usd,1.25,2.0784,129.17547607421875,1278.300048828125,16.68,0.71,11.25,1.56,56.97,7.55,0.1301,0.172,0.117,11.0,0.1647,False,0.5841,0.1838,0.1611,100.0,1.0437,-0.0618,1.0,median,-0.0259,0.1532,-0.0079,Regime 3 (Parasitic),DANGER,0.734,0.2903,0.4787,0.4445,-0.0092,-0.0092,False,False,False
AMT,American Tower Corporation,Real Estate,2019-Q1,2019-03-31,usd,1.25,2.0784,160.91616821289062,1293.0,16.58,0.79,11.2,2.46,71.12,7.76,0.2051,0.1709,0.0147,-1117.6,0.2948,False,0.6181,0.3571,0.336,100.0,0.9107,0.0813,0.8914,median,-0.0247,0.3271,-0.0089,Regime 3 (Parasitic),DANGER,0.907,0.1526,0.2191,0.2776,-0.0532,-0.0532,False,False,False
AMT,American Tower Corporation,Real Estate,2019-Q2,2019-06-30,usd,1.25,2.0784,168.4418487548828,1409.699951171875,16.45,0.66,11.27,2.74,74.52,7.78,0.2293,0.171,0.0142,-929.7,0.3184,False,0.6255,0.3825,0.3736,100.0,1.041,0.0206,0.97,median,-0.011,0.3719,-0.0016,Regime 3 (Parasitic),DANGER,0.933,0.1423,0.2762,0.3999,-0.107,-0.107,False,False,False
AMT,American Tower Corporation,Real Estate,2019-Q3,2019-09-30,usd,1.25,2.0784,182.96701049804688,1465.699951171875,16.38,0.75,11.28,2.91,80.94,7.83,0.2421,0.1723,0.0138,-1024.5,0.3395,False,0.6376,0.4277,0.4293,34.121,1.2042,-0.001,1.0,median,0.002,0.4423,0.013,Regime 3 (Parasitic),DANGER,0.95,0.0474,0.1052,0.2681,-0.1865,-0.1865,False,False,False
AMT,American Tower Corporation,Real Estate,2019-Q4,2019-12-31,usd,1.25,2.0784,191.00682067871094,1519.5,18.5,0.75,11.28,2.65,84.6,8.29,0.2198,0.1746,0.1694,11.1,0.3616,False,0.6366,0.2888,0.301,4.191,0.9223,0.2442,0.7319,median,0.0151,0.3953,0.0943,Regime 3 (Parasitic),DANGER,0.789,0.1344,-0.0231,0.3163,-0.2207,-0.2207,True,True,True
AMT,American Tower Corporation,Real Estate,2020-Q1,2020-03-31,usd,1.25,2.0784,180.97523498535156,1583.4000244140625,17.55,0.87,11.28,2.95,80.15,8.16,0.2425,0.1771,0.014,-1365.4,0.317,False,0.6295,0.0445,0.0688,2.356,1.3633,-0.1008,1.0,median,0.0352,0.1196,0.0507,Regime 2 (Subcritical),CAUTION,0.55,0.1174,0.1187,0.1988,-0.0704,-0.0704,False,False,
AMT,American Tower Corporation,Real Estate,2020-Q2,2020-06-30,usd,1.25,2.0784,216.677001953125,1800.5,17.44,0.75,11.28,2.77,95.96,8.06,0.2297,0.18,0.2948,19.8,0.3328,False,0.6593,0.1825,0.2175,7.137,1.2425,0.0122,0.982,median,0.051,0.253,0.0354,Regime 3 (Parasitic),DANGER,0.783,-0.1383,0.0664,0.0302,-0.2236,-0.2236,True,True,True
AMT,American Tower Corporation,Real Estate,2020-Q3,2020-09-30,usd,1.25,2.0784,203.57147216796875,1895.5,17.37,0.7,11.28,3.14,90.42,8.12,0.262,0.1829,0.2442,17.3,0.3954,False,0.6493,0.0332,0.0742,3.025,1.1182,0.0992,0.8705,median,0.0595,0.1108,0.0366,Regime 2 (Subcritical),CAUTION,0.55,-0.0055,0.1203,-0.0789,-0.1736,-0.1736,False,False,
AMT,American Tower Corporation,Real Estate,2020-Q4,2020-12-31,usd,1.25,2.0784,190.08563232421875,1895.0999755859375,21.12,0.7,11.28,3.14,84.46,9.06,0.262,0.1863,0.1283,10.4,0.3988,False,0.6224,-0.1362,-0.0902,-0.018,1.0728,0.1158,0.852,median,0.0647,-0.0016,0.0886,Regime 2 (Subcritical),CAUTION,0.55,0.2164,0.3289,-0.0122,-0.1149,-0.1494,False,False,
AMT,American Tower Corporation,Real Estate,2021-Q1,2021-03-31,usd,1.25,2.0784,202.44973754882812,1713.800048828125,20.77,0.73,11.28,3.31,90.05,9.02,0.2759,0.1899,0.2056,13.8,0.3895,False,0.6333,-0.0393,0.0161,1.16,0.7041,0.3339,0.6663,median,0.0702,0.1164,0.1004,Regime 2 (Subcritical),CAUTION,0.55,0.1461,0.0716,-0.1055,-0.0323,-0.2013,False,True,
AMT,American Tower Corporation,Real Estate,2021-Q2,2021-06-30,usd,1.25,2.0784,231.05726623535156,1771.5999755859375,29.36,0.83,11.28,3.4,105.14,11.22,0.2804,0.1939,0.3015,17.2,0.3626,False,0.6267,-0.296,-0.2393,0.276,0.7098,0.2339,0.7403,median,0.0746,0.0913,0.3306,Regime 2 (Subcritical),CAUTION,0.55,0.0797,-0.0339,-0.2444,-0.1556,-0.3002,False,True,
AMT,American Tower Corporation,Real Estate,2021-Q3,2021-09-30,usd,1.25,2.0784,228.07032775878906,1757.0,29.25,0.82,11.28,3.31,103.87,11.17,0.2734,0.1981,0.2654,15.7,0.4071,False,0.6255,-0.241,-0.1796,0.436,0.7237,0.1319,0.8348,median,0.0799,0.1386,0.3182,Regime 2 (Subcritical),CAUTION,0.55,-0.0488,-0.1778,-0.3509,-0.1816,-0.3697,False,True,
AMT,American Tower Corporation,Real Estate,2021-Q4,2021-12-31,usd,1.25,2.0784,252.5975799560547,1828.5999755859375,34.08,0.82,11.28,3.31,115.13,12.37,0.2734,0.2023,0.1779,10.3,0.0458,False,0.6276,-0.0649,-0.0017,0.995,0.7604,0.1941,0.7745,median,0.0825,0.3097,0.3114,Regime 2 (Subcritical),CAUTION,0.55,-0.1066,-0.2567,-0.2168,-0.3599,-0.4381,True,True,
AMT,American Tower Corporation,Real Estate,2022-Q1,2022-03-31,usd,1.25,2.0784,216.94891357421875,1949.199951171875,33.53,1.18,11.28,2.9,98.99,12.22,0.2328,0.2064,0.323,18.0,0.1862,False,0.6046,-0.2789,-0.2087,0.312,0.9974,0.0986,0.8711,median,0.0833,0.0947,0.3033,Regime 2 (Subcritical),CAUTION,0.55,-0.1396,-0.1653,-0.1653,-0.2547,-0.3458,True,True,
AMT,American Tower Corporation,Real Estate,2022-Q2,2022-06-30,usd,1.25,2.0784,223.2248992919922,1807.300048828125,32.2,0.89,11.28,3.13,103.93,11.87,0.257,0.21,0.3082,17.7,0.2037,False,0.6171,-0.1403,-0.0685,-0.203,1.1582,-0.1299,1.0,median,0.0795,-0.0116,0.057,Regime 2 (Subcritical),CAUTION,0.55,-0.1435,-0.2179,-0.1881,-0.2757,-0.3642,True,True,
AMT,American Tower Corporation,Real Estate,2022-Q3,2022-09-30,usd,1.25,2.0784,187.5127716064453,1672.0,31.01,0.92,11.28,2.61,87.31,11.46,0.2139,0.2133,0.2574,15.1,0.1354,False,0.5934,-0.2716,-0.1993,-6.773,1.1432,-0.1785,1.0,median,0.0737,-0.1737,0.0256,Regime 2 (Subcritical),CAUTION,0.55,-0.0342,-0.2106,0.1452,-0.2334,-0.2431,True,True,
AMT,American Tower Corporation,Real Estate,2022-Q4,2022-12-31,usd,1.25,2.0784,187.7602996826172,1826.199951171875,30.94,0.92,11.28,2.61,87.42,11.44,0.2139,0.2158,0.3742,17.7,0.0794,False,0.5939,-0.2608,-0.1968,1.0,1.2397,-0.1436,1.0,median,0.0647,-0.2753,-0.0785,Regime 2 (Subcritical),CAUTION,0.55,-0.0824,0.0399,-0.094,-0.2539,-0.2539,True,True,
AMT,American Tower Corporation,Real Estate,2023-Q1,2023-03-31,usd,1.25,2.0784,181.09573364257812,1969.0,30.63,1.06,11.28,3.1,84.4,11.52,0.2514,0.2178,0.2286,13.8,0.1798,False,0.5848,-0.1513,-0.1002,1.0,1.1137,-0.0839,1.0,median,0.0537,-0.1595,-0.0593,Regime 2 (Subcritical),CAUTION,0.55,-0.1826,-0.0001,0.1278,-0.2162,-0.2162,True,True,
AMT,American Tower Corporation,Real Estate,2023-Q2,2023-06-30,usd,1.25,2.0784,174.57740783691406,1929.4000244140625,30.34,0.98,11.28,3.49,81.38,11.52,0.285,0.2198,0.2004,12.1,0.2171,False,0.577,-0.2595,-0.2146,1.0,0.908,0.0933,0.8772,median,0.0457,-0.2446,-0.0301,Regime 2 (Subcritical),CAUTION,0.55,0.1333,0.0381,0.2011,-0.187,-0.187,False,False,
AMT,American Tower Corporation,Real Estate,2023-Q3,2023-09-30,usd,1.25,2.0784,148.03160095214844,1866.0999755859375,29.22,0.93,11.28,2.63,69.01,11.02,0.2158,0.222,0.1888,11.8,0.123,False,0.5553,-0.2387,-0.1962,1.0,0.9333,0.0803,0.8925,median,0.0403,-0.2352,-0.0391,Regime 2 (Subcritical),CAUTION,0.55,0.244,0.4752,0.2868,-0.0249,-0.0249,False,False,
AMT,American Tower Corporation,Real Estate,2023-Q4,2023-12-31,usd,1.25,2.0784,197.844970703125,2071.800048828125,29.16,0.93,11.28,2.45,92.25,10.96,0.2007,0.2238,0.1859,10.1,0.1013,False,0.61,0.0615,0.097,100.0,0.9132,0.0303,0.9566,median,0.036,0.0538,-0.0433,Regime 2 (Subcritical),CAUTION,0.55,-0.0962,-0.1404,-0.1357,-0.2115,-0.2115,True,True,
AMT,American Tower Corporation,Real Estate,2024-Q1,2024-03-31,usd,1.25,2.0784,181.08294677734375,2217.39990234375,28.68,1.03,11.28,4.95,84.56,11.48,0.4018,0.2249,0.2155,13.4,0.3136,False,0.5809,-0.0274,0.005,100.0,0.8807,0.0926,0.878,median,0.0318,0.0019,-0.0031,Regime 2 (Subcritical),CAUTION,0.55,0.214,0.1656,-0.0431,-0.1061,-0.1061,False,False,
AMT,American Tower Corporation,Real Estate,2024-Q2,2024-06-30,usd,1.25,2.0784,181.2333526611328,2339.60009765625,28.24,0.94,11.28,5.14,84.65,11.4,0.4204,0.2276,0.1676,10.8,0.3131,False,0.582,0.0139,0.0502,100.0,0.9883,0.0797,0.8932,median,0.0352,0.0394,-0.0107,Regime 2 (Subcritical),CAUTION,0.55,-0.0474,0.1764,-0.0958,-0.0915,-0.0958,False,False,
AMT,American Tower Corporation,Real Estate,2024-Q3,2024-09-30,usd,1.25,2.0784,216.8311309814453,2659.39990234375,27.24,0.91,11.28,4.56,101.32,11.0,0.3737,0.2319,0.0828,4.9,0.2681,False,0.6215,0.3433,0.3859,100.0,1.0605,0.2344,0.7399,median,0.0434,0.3841,-0.0018,Regime 3 (Parasitic),DANGER,0.893,-0.0491,-0.1385,-0.1905,-0.242,-0.2524,True,True,True
AMT,American Tower Corporation,Real Estate,2024-Q4,2024-12-31,usd,1.25,2.0784,173.77967834472656,2641.0,26.24,0.91,11.28,4.32,81.22,10.69,0.3543,0.2367,0.0997,6.1,0.2426,False,0.5864,-0.1622,-0.1028,1.0,1.0338,0.0849,0.887,median,0.0564,-0.1274,-0.0246,Regime 2 (Subcritical),CAUTION,0.55,0.2437,-0.0092,0.01,-0.0543,-0.0672,False,False,
AMT,American Tower Corporation,Real Estate,2025-Q1,2025-03-31,usd,1.25,2.0784,206.17446899414062,3122.800048828125,26.56,0.95,11.28,5.02,96.52,10.95,0.4101,0.2418,0.1727,10.4,0.3002,False,0.6129,0.105,0.1795,100.0,1.3186,0.0475,0.9335,median,0.0728,0.1323,-0.0473,Regime 2 (Subcritical),CAUTION,0.55,-0.0915,-0.1791,-0.1487,-0.2043,-0.2137,True,True,
AMT,American Tower Corporation,Real Estate,2025-Q2,2025-06-30,usd,1.25,2.0784,212.79962158203125,3307.699951171875,27.21,0.93,11.28,4.79,99.64,11.05,0.3921,0.2476,0.202,12.2,0.2889,False,0.6174,0.1077,0.1938,100.0,1.2442,0.0613,0.9158,median,0.0842,0.163,-0.0308,Regime 2 (Subcritical),CAUTION,0.55,-0.1896,-0.2313,-0.1752,-0.2313,-0.2382,True,True,
AMT,American Tower Corporation,Real Estate,2025-Q3,2025-09-30,usd,1.25,2.0784,186.79933166503906,3873.199951171875,27.0,0.93,11.28,4.93,87.48,11.04,0.4039,0.2538,0.1619,10.1,0.2935,False,0.594,-0.2418,-0.1504,-41.851,1.2548,0.0277,0.9601,median,0.0902,-0.1469,0.0035,Regime 2 (Subcritical),CAUTION,0.55,-0.0939,-0.0604,-0.0604,-0.1322,-0.1322,False,False,
AMT,American Tower Corporation,Real Estate,2025-Q4,2025-12-31,usd,1.25,2.0784,172.18946838378906,4341.10009765625,26.79,0.93,11.28,4.93,80.3,10.98,0.4039,0.2602,0.0586,5.6,0.0687,False,0.5782,-0.1345,-0.0387,-0.422,1.4123,0.0216,0.9685,median,0.0944,-0.0115,0.0272,Regime 2 (Subcritical),CAUTION,0.55,-0.0355,0.0193,0.0193,-0.0585,-0.0585,False,False,
AMT,American Tower Corporation,Real Estate,2026-Q1,2026-03-31,usd,1.25,2.0784,169.25704956054688,4647.60009765625,26.42,1.03,11.28,4.96,78.87,10.92,0.4026,0.2668,0.1664,10.5,0.2486,False,0.5752,-0.3,-0.199,1.0,1.2793,0.0296,0.9575,median,0.0981,-0.2019,-0.0029,Regime 2 (Subcritical),CAUTION,0.55,0.037,0.037,0.037,-0.0422,-0.0422,False,False,
AMT,American Tower Corporation,Real Estate,2026-Q2,2026-06-30,usd,1.25,2.0784,163.57000732421875,4038.5,26.16,0.94,11.28,5.08,76.22,10.86,0.4154,0.2734,0.1436,9.1,0.2716,False,0.5691,-0.3535,-0.2506,1.0,1.0102,0.0203,0.9705,median,0.099,-0.268,-0.0174,Regime 2 (Subcritical),CAUTION,0.55,0.0731,0.0731,0.0731,-0.0089,-0.0089,False,False,
PLD,"Prologis, Inc.",Real Estate,2017-Q1,2017-03-31,usd,1.25,2.0784,39.75228500366211,1247.300048828125,0.52,0.21,1.0,0.65,21.08,0.6,0.5332,0.524,0.0324,0.0,0.0192,False,0.7532,-0.4315,-0.2633,-0.085,0.8662,-0.0342,1.0,median,0.198,-0.0205,0.2427,Regime 2 (Subcritical),CAUTION,0.55,0.2411,0.2496,0.4698,0.0,0.0,False,False,
PLD,"Prologis, Inc.",Real Estate,2017-Q2,2017-06-30,usd,1.25,2.0784,45.28076934814453,1240.699951171875,0.52,0.24,1.0,1.1,24.06,0.72,0.8878,0.5325,0.0269,0.0,0.0308,False,0.7507,-0.4558,-0.2758,0.284,0.84,-0.0019,1.0,median,0.2141,0.1093,0.3851,Regime 2 (Subcritical),CAUTION,0.55,0.115,0.1525,0.4462,-0.029,-0.029,False,False,
PLD,"Prologis, Inc.",Real Estate,2017-Q3,2017-09-30,usd,1.25,2.0784,49.335182189941406,1281.5,0.52,0.23,1.0,0.7,26.25,0.61,0.5704,0.5596,0.0337,0.0,0.0773,False,0.7615,-0.0496,0.1494,3.544,0.8398,0.0145,0.9786,median,0.2361,0.2081,0.0587,Regime 2 (Subcritical),CAUTION,0.55,0.0048,0.0972,0.4181,-0.0766,-0.0879,False,False,
PLD,"Prologis, Inc.",Real Estate,2017-Q4,2017-12-31,usd,1.25,2.0784,50.488521575927734,1306.300048828125,0.47,0.23,1.0,0.63,26.87,0.58,0.5149,0.5737,0.0326,0.0,0.0555,False,0.7643,0.1585,0.2699,100.0,0.9512,0.134,0.8327,median,0.131,0.2373,-0.0326,Regime 3 (Parasitic),DANGER,0.709,0.0417,-0.0552,0.4727,-0.0999,-0.0999,False,False,True
PLD,"Prologis, Inc.",Real Estate,2018-Q1,2018-03-31,usd,1.25,2.0784,49.675167083740234,1322.800048828125,0.47,0.25,1.0,0.95,26.48,0.67,0.7589,0.5787,0.0293,0.0,0.0885,False,0.7584,0.0281,0.1157,2.027,0.9488,0.0628,0.9139,median,0.0993,0.2283,0.1126,Regime 2 (Subcritical),CAUTION,0.55,0.1202,0.2066,0.4285,-0.0687,-0.0687,False,False,
PLD,"Prologis, Inc.",Real Estate,2018-Q2,2018-06-30,usd,1.25,2.0784,52.18681335449219,1251.300048828125,0.47,0.23,1.0,0.75,27.83,0.61,0.6089,0.5883,0.0325,0.0,0.0876,False,0.7638,0.213,0.3019,100.0,0.8991,0.0421,0.9406,median,0.0996,0.1456,-0.1562,Regime 3 (Parasitic),DANGER,0.763,-0.0802,0.2776,0.4936,-0.1203,-0.1203,False,False,False
PLD,"Prologis, Inc.",Real Estate,2018-Q3,2018-09-30,usd,1.25,2.0784,54.24034881591797,1191.5,0.47,0.25,1.0,0.73,34.15,0.61,0.5813,0.5947,0.0384,0.0,0.0842,False,0.7707,0.2114,0.2669,100.0,0.8039,0.1073,0.8613,median,0.0609,0.263,-0.004,Regime 3 (Parasitic),DANGER,0.761,0.086,0.3031,0.5635,-0.1618,-0.1618,False,False,False
PLD,"Prologis, Inc.",Real Estate,2018-Q4,2018-12-31,usd,1.25,2.0784,47.33378601074219,1278.300048828125,0.75,0.25,0.11,0.96,29.8,0.52,2.6699,0.5984,0.0326,0.0,0.0923,False,0.7715,0.167,0.2181,100.0,1.0437,-0.0618,1.0,median,0.0422,0.1036,-0.1145,Regime 2 (Subcritical),CAUTION,0.55,0.3804,0.5587,0.7733,-0.0366,-0.0366,False,False,
PLD,"Prologis, Inc.",Real Estate,2019-Q1,2019-03-31,usd,1.25,2.0784,58.426239013671875,1293.0,0.75,0.28,0.11,1.51,36.85,0.66,3.8524,0.6537,0.034,0.0,0.1282,False,0.7707,0.1879,0.3358,100.0,0.9107,0.0813,0.8914,median,0.1218,0.3304,-0.0054,Regime 3 (Parasitic),DANGER,0.738,0.2034,0.1796,0.5561,-0.1059,-0.1059,False,False,False
PLD,"Prologis, Inc.",Real Estate,2019-Q2,2019-06-30,usd,1.25,2.0784,65.48462677001953,1409.699951171875,0.75,0.27,0.11,1.77,41.32,0.73,4.6863,0.7648,0.0335,0.0,0.1426,False,0.7714,-0.074,0.2257,2.331,1.041,0.0206,0.97,median,0.2625,0.3953,0.1696,Regime 2 (Subcritical),CAUTION,0.55,0.1232,0.1717,0.5967,-0.1976,-0.1976,False,False,
PLD,"Prologis, Inc.",Real Estate,2019-Q3,2019-09-30,usd,1.25,2.0784,70.10456085205078,1465.699951171875,0.75,0.26,0.11,1.89,44.29,0.75,5.056,0.9244,0.0287,0.0,0.1635,False,0.7723,-0.4321,0.0503,1.24,1.2042,-0.001,1.0,median,0.4411,0.2601,0.2098,Regime 2 (Subcritical),CAUTION,0.55,-0.0134,0.1999,0.5566,-0.2522,-0.2522,True,True,
PLD,"Prologis, Inc.",Real Estate,2019-Q4,2019-12-31,usd,1.25,2.0784,73.77710723876953,1519.5,0.67,0.26,0.11,2.24,46.61,0.82,6.0787,1.1173,0.0332,0.0,0.1826,False,0.7715,-0.7193,-0.0075,0.984,0.9223,0.2442,0.7319,median,0.6244,0.4473,0.4548,Regime 2 (Subcritical),CAUTION,0.55,0.0623,0.1377,0.9727,-0.2894,-0.2894,True,True,
PLD,"Prologis, Inc.",Real Estate,2020-Q1,2020-03-31,usd,1.25,2.0784,67.07293701171875,1583.4000244140625,0.67,0.28,0.11,1.87,49.54,0.73,4.8475,1.3456,0.0385,0.0,0.1451,False,0.776,-0.5233,0.1963,2.971,1.3633,-0.1008,1.0,median,0.722,0.2958,0.0996,Regime 2 (Subcritical),CAUTION,0.55,0.2541,0.3507,1.0968,-0.0885,-0.0885,False,False,
PLD,"Prologis, Inc.",Real Estate,2020-Q2,2020-06-30,usd,1.25,2.0784,78.36991882324219,1800.5,0.67,0.26,0.11,2.45,57.89,0.87,6.6861,1.5706,0.0299,0.0,0.1283,False,0.7756,-0.5443,0.1534,1.835,1.2425,0.0122,0.982,median,0.7196,0.3372,0.1838,Regime 2 (Subcritical),CAUTION,0.55,0.0591,0.3101,0.3169,-0.0132,-0.0132,False,False,
PLD,"Prologis, Inc.",Real Estate,2020-Q3,2020-09-30,usd,1.25,2.0784,84.97112274169922,1895.5,0.67,0.3,0.11,2.23,62.79,0.83,5.4984,1.8185,0.0352,0.0,0.1414,False,0.7787,-0.4267,0.2576,3.818,1.1182,0.0992,0.8705,median,0.6766,0.3491,0.0914,Regime 2 (Subcritical),CAUTION,0.55,0.0662,0.274,0.0555,-0.0612,-0.0612,False,False,
PLD,"Prologis, Inc.",Real Estate,2020-Q4,2020-12-31,usd,1.25,2.0784,84.65215301513672,1895.0999755859375,1.05,0.3,0.12,1.93,62.59,0.85,4.6484,2.0585,0.0345,0.0,0.0961,False,0.778,-0.3635,0.2589,8.233,1.0728,0.1158,0.852,median,0.611,0.2947,0.0358,Regime 2 (Subcritical),CAUTION,0.55,0.2174,0.7233,0.1835,-0.0577,-0.0577,False,False,
PLD,"Prologis, Inc.",Real Estate,2021-Q1,2021-03-31,usd,1.25,2.0784,90.59642791748047,1713.800048828125,1.05,0.31,0.12,2.13,67.02,0.9,4.9527,2.2757,0.0332,0.0,0.1198,False,0.7781,-0.5088,0.093,1.444,0.7041,0.3339,0.6663,median,0.5254,0.3022,0.2092,Regime 2 (Subcritical),CAUTION,0.55,0.2045,0.5524,0.2329,0.0,-0.0363,False,False,
PLD,"Prologis, Inc.",Real Estate,2021-Q2,2021-06-30,usd,1.25,2.0784,102.67298889160156,1771.5999755859375,1.05,0.3,0.12,2.8,75.88,1.07,6.7542,2.4769,0.0336,0.0,0.1324,False,0.7772,-0.4292,0.0671,1.33,0.7098,0.2339,0.7403,median,0.4556,0.2705,0.2034,Regime 2 (Subcritical),CAUTION,0.55,0.4151,0.0052,0.0768,-0.0802,-0.1497,False,False,
PLD,"Prologis, Inc.",Real Estate,2021-Q3,2021-09-30,usd,1.25,2.0784,108.25259399414062,1757.0,1.05,0.27,0.12,3.06,80.03,1.13,7.9429,2.6881,0.033,0.0,0.1355,False,0.7772,-0.4844,-0.0671,0.783,0.7237,0.1319,0.8348,median,0.3908,0.2426,0.3097,Regime 2 (Subcritical),CAUTION,0.55,0.2992,-0.1715,-0.0589,-0.1748,-0.1935,False,False,
PLD,"Prologis, Inc.",Real Estate,2021-Q4,2021-12-31,usd,1.25,2.0784,145.88113403320312,1828.5999755859375,0.99,0.27,0.12,4.83,107.93,1.55,12.5234,2.9189,0.0313,0.0,0.172,False,0.7768,-0.4296,-0.0579,0.904,0.7604,0.1941,0.7745,median,0.3492,0.5448,0.6028,Regime 2 (Subcritical),CAUTION,0.55,-0.2782,-0.3133,-0.1651,-0.4015,-0.4015,True,True,
PLD,"Prologis, Inc.",Real Estate,2022-Q1,2022-03-31,usd,1.25,2.0784,140.63853454589844,1949.199951171875,0.99,0.3,0.12,4.82,104.1,1.56,11.5768,3.2196,0.0336,0.0,0.2443,False,0.7759,-0.524,-0.1047,0.808,0.9974,0.0986,0.8711,median,0.347,0.4404,0.545,Regime 2 (Subcritical),CAUTION,0.55,-0.3648,-0.2058,-0.1477,-0.3792,-0.3792,True,True,
PLD,"Prologis, Inc.",Real Estate,2022-Q2,2022-06-30,usd,1.25,2.0784,103.20223236083984,1807.300048828125,0.99,0.33,0.12,2.13,76.41,0.89,4.7353,3.5561,0.0327,0.0,0.0999,False,0.7811,-0.2968,0.1856,100.0,1.1582,-0.1299,1.0,median,0.3617,0.007,-0.1786,Regime 2 (Subcritical),CAUTION,0.55,-0.0186,0.0713,0.0104,-0.154,-0.154,False,False,
PLD,"Prologis, Inc.",Real Estate,2022-Q3,2022-09-30,usd,1.25,2.0784,89.68968963623047,1672.0,0.99,0.35,0.12,3.66,66.41,1.28,7.7927,3.8313,0.0238,0.0,0.1159,False,0.7687,-0.836,-0.3152,-1.452,1.1432,-0.1785,1.0,median,0.3544,-0.1866,0.1285,Regime 2 (Subcritical),CAUTION,0.55,0.2453,0.1359,0.3097,-0.0266,-0.0266,False,False,
PLD,"Prologis, Inc.",Real Estate,2022-Q4,2022-12-31,usd,1.25,2.0784,100.18231201171875,1826.199951171875,1.73,0.35,0.12,3.25,92.48,1.36,6.9008,4.0926,0.0343,0.0,0.0938,False,0.7761,-0.5241,-0.0257,1.0,1.2397,-0.1436,1.0,median,0.338,-0.1544,-0.1287,Regime 2 (Subcritical),CAUTION,0.55,0.104,0.2162,-0.0098,-0.1177,-0.1177,False,False,
PLD,"Prologis, Inc.",Real Estate,2023-Q1,2023-03-31,usd,1.25,2.0784,111.6918716430664,1969.0,1.73,0.4,0.12,2.32,103.14,1.14,4.4627,4.3296,0.0343,0.0,0.077,False,0.7821,-0.1331,0.3009,1.0,1.1137,-0.0839,1.0,median,0.2962,-0.0092,-0.3101,Regime 2 (Subcritical),CAUTION,0.55,-0.0878,0.0732,-0.0587,-0.2089,-0.2089,True,True,
PLD,"Prologis, Inc.",Real Estate,2023-Q2,2023-06-30,usd,1.25,2.0784,110.5628890991211,1929.4000244140625,1.73,0.38,0.12,5.65,102.14,1.97,11.2385,4.5171,0.0258,0.0,0.0906,False,0.7687,-0.859,-0.501,0.367,0.908,0.0933,0.8772,median,0.2392,0.2903,0.7913,Regime 2 (Subcritical),CAUTION,0.55,0.1017,-0.0569,-0.082,-0.2008,-0.2272,True,True,
PLD,"Prologis, Inc.",Real Estate,2023-Q3,2023-09-30,usd,1.25,2.0784,101.88117980957031,1866.0999755859375,1.73,0.39,0.12,3.53,94.14,1.44,6.9651,4.74,0.0329,0.0,0.086,False,0.7751,-0.1129,0.2295,2.921,0.9333,0.0803,0.8925,median,0.2128,0.3489,0.1194,Regime 2 (Subcritical),CAUTION,0.55,0.2057,0.1816,0.1141,-0.1112,-0.1406,False,False,
PLD,"Prologis, Inc.",Real Estate,2023-Q4,2023-12-31,usd,1.25,2.0784,121.80265045166016,2071.800048828125,1.68,0.39,0.21,3.34,112.59,1.4,5.6151,4.9406,0.0337,0.0,0.0578,False,0.7798,-0.0731,0.1687,7.011,0.9132,0.0303,0.9566,median,0.1883,0.1968,0.0281,Regime 2 (Subcritical),CAUTION,0.55,-0.1523,-0.1939,0.0248,-0.2376,-0.3054,True,True,
PLD,"Prologis, Inc.",Real Estate,2024-Q1,2024-03-31,usd,1.25,2.0784,119.8684310913086,2217.39990234375,1.68,0.45,0.21,2.88,110.97,1.3,4.4113,5.1069,0.0326,0.0,0.05,False,0.781,-0.2885,-0.0591,0.553,0.8807,0.0926,0.878,median,0.1651,0.0732,0.1323,Regime 2 (Subcritical),CAUTION,0.55,-0.0024,-0.0963,0.1057,-0.2036,-0.2744,True,True,
PLD,"Prologis, Inc.",Real Estate,2024-Q2,2024-06-30,usd,1.25,2.0784,104.27359771728516,2339.60009765625,1.68,0.43,0.21,4.09,96.54,1.6,6.4522,5.2315,0.0319,0.0,0.0744,False,0.7731,-0.0529,0.1508,1.0,0.9883,0.0797,0.8932,median,0.1468,-0.0564,-0.2072,Regime 2 (Subcritical),CAUTION,0.55,-0.0447,-0.0281,0.2931,-0.178,-0.178,False,False,
PLD,"Prologis, Inc.",Real Estate,2024-Q3,2024-09-30,usd,1.25,2.0784,118.1163558959961,2659.39990234375,1.68,0.39,0.21,5.0,109.39,1.82,8.3308,5.3436,0.0322,0.0,0.0714,False,0.773,-0.2369,-0.0831,0.644,1.0605,0.2344,0.7399,median,0.1199,0.1502,0.2334,Regime 2 (Subcritical),CAUTION,0.55,-0.0991,-0.06,0.1522,-0.2766,-0.2766,True,True,
PLD,"Prologis, Inc.",Real Estate,2024-Q4,2024-12-31,usd,1.25,2.0784,99.7282943725586,2641.0,1.56,0.39,0.21,5.69,92.38,1.96,9.3978,5.4642,0.0296,0.0,0.1053,False,0.7655,-0.6713,-0.5335,-0.59,1.0338,0.0849,0.887,median,0.1007,-0.1979,0.3356,Regime 2 (Subcritical),CAUTION,0.55,0.027,0.2508,0.3646,-0.1432,-0.1432,False,False,
PLD,"Prologis, Inc.",Real Estate,2025-Q1,2025-03-31,usd,1.25,2.0784,106.41339111328125,3122.800048828125,1.56,0.46,0.21,3.51,98.74,1.44,5.2355,5.6012,0.0307,0.0,0.0392,False,0.7764,-0.3434,-0.2142,-1.2,1.3186,0.0475,0.9335,median,0.0924,-0.1168,0.0974,Regime 2 (Subcritical),CAUTION,0.55,0.0409,0.2235,0.2789,-0.1971,-0.1971,False,False,
PLD,"Prologis, Inc.",Real Estate,2025-Q2,2025-06-30,usd,1.25,2.0784,101.01935577392578,3307.699951171875,1.56,0.43,0.21,3.65,93.75,1.46,5.7062,5.7072,0.0306,0.0,0.0305,False,0.7747,-0.0577,0.0611,1.0,1.2442,0.0613,0.9158,median,0.087,-0.0294,-0.0904,Regime 2 (Subcritical),CAUTION,0.55,0.2427,0.3305,0.3472,-0.0099,-0.0099,False,False,
PLD,"Prologis, Inc.",Real Estate,2025-Q3,2025-09-30,usd,1.25,2.0784,111.03404998779297,3873.199951171875,1.56,0.44,0.21,3.76,103.11,1.49,5.7423,5.7923,0.0304,0.0,0.0298,False,0.7765,0.0279,0.1384,1.0,1.2548,0.0277,0.9601,median,0.0806,-0.0591,-0.1975,Regime 2 (Subcritical),CAUTION,0.55,0.1726,0.2257,0.2257,-0.0287,-0.0287,False,False,
PLD,"Prologis, Inc.",Real Estate,2025-Q4,2025-12-31,usd,1.25,2.0784,124.73831176757812,4341.10009765625,1.5,0.44,0.22,6.51,115.9,2.17,9.7929,5.8602,0.03,0.0,0.0805,False,0.7697,0.0337,0.1283,2.302,1.4123,0.0216,0.9685,median,0.07,0.2269,0.0985,Regime 2 (Subcritical),CAUTION,0.55,0.0881,0.091,0.091,-0.0096,-0.0096,False,False,
PLD,"Prologis, Inc.",Real Estate,2026-Q1,2026-03-31,usd,1.25,2.0784,130.1939239501953,4647.60009765625,1.5,0.51,0.22,4.84,121.38,1.77,6.6426,5.9539,0.0292,0.0,0.0486,False,0.7764,-0.088,-0.0006,0.997,1.2793,0.0296,0.9575,median,0.0611,0.2064,0.207,Regime 2 (Subcritical),CAUTION,0.55,0.0453,0.0453,0.0453,0.0,0.0,False,False,
PLD,"Prologis, Inc.",Real Estate,2026-Q2,2026-06-30,usd,1.25,2.0784,134.4029083251953,4038.5,1.5,0.51,0.22,4.84,125.3,1.77,6.6426,6.0362,0.0166,0.0,-0.0119,True,0.7772,0.0203,0.1014,1.537,1.0102,0.0203,0.9705,median,0.056,0.2901,0.1887,Regime 2 (Subcritical),CAUTION,0.55,0.0126,0.0126,0.0126,-0.0078,-0.0078,False,False,
CCI,Crown Castle Inc.,Real Estate,2017-Q1,2017-03-31,usd,1.25,2.0784,63.1633415222168,1247.300048828125,10.42,0.4,10.29,1.03,22.82,5.54,0.0959,0.092,0.1377,8.6,0.3582,False,0.451,-0.0807,-0.0146,0.854,0.8662,-0.0342,1.0,median,0.0778,0.0856,0.1002,Regime 2 (Subcritical),CAUTION,0.55,0.0782,0.2046,0.4622,-0.008,-0.008,False,False,
CCI,Crown Castle Inc.,Real Estate,2017-Q2,2017-06-30,usd,1.25,2.0784,67.62432098388672,1240.699951171875,10.87,0.39,10.51,1.03,24.76,5.7,0.0949,0.0932,0.0963,6.0,0.3546,False,0.4632,-0.0015,0.0746,1.695,0.84,-0.0019,1.0,median,0.0904,0.1819,0.1073,Regime 2 (Subcritical),CAUTION,0.55,0.1289,0.1184,0.4025,-0.0353,-0.0353,False,False,
CCI,Crown Castle Inc.,Real Estate,2017-Q3,2017-09-30,usd,1.25,2.0784,68.10580444335938,1281.5,10.79,0.4,10.6,1.04,27.67,5.71,0.0947,0.0938,0.02,-125.7,0.554,False,0.4876,0.1171,0.1746,2.647,0.8398,0.0145,0.9786,median,0.0682,0.2807,0.106,Regime 2 (Subcritical),CAUTION,0.55,0.1205,0.1609,0.5016,-0.0004,-0.0004,False,False,
CCI,Crown Castle Inc.,Real Estate,2017-Q4,2017-12-31,usd,1.25,2.0784,76.3390884399414,1306.300048828125,15.98,0.4,12.93,1.07,31.02,7.6,0.0805,0.0942,0.0194,1.1,0.1185,False,0.4558,-0.024,0.0165,1.042,0.9512,0.134,0.8327,median,0.0476,0.4044,0.3879,Regime 2 (Subcritical),CAUTION,0.55,0.0097,0.037,0.4046,-0.0657,-0.0657,False,False,
CCI,Crown Castle Inc.,Real Estate,2018-Q1,2018-03-31,usd,1.25,2.0784,76.08917999267578,1322.800048828125,15.93,0.54,13.05,1.4,31.58,7.73,0.1027,0.0938,0.017,-235.1,0.3602,False,0.4513,-0.0255,-0.0088,0.973,0.9488,0.0628,0.9139,median,0.0189,0.3246,0.3334,Regime 2 (Subcritical),CAUTION,0.55,0.0438,0.2229,0.4624,-0.0733,-0.0733,False,False,
CCI,Crown Castle Inc.,Real Estate,2018-Q2,2018-06-30,usd,1.25,2.0784,75.63233947753906,1251.300048828125,15.8,0.55,13.22,1.38,31.39,7.74,0.1002,0.0939,0.0167,-219.6,0.3573,False,0.4495,-0.0748,-0.0682,0.777,0.8991,0.0421,0.9406,median,0.0074,0.2372,0.3055,Regime 1 (Virtuous),HEALTHY,0.753,0.0188,0.2498,0.6066,-0.0339,-0.0339,False,False,True
CCI,Crown Castle Inc.,Real Estate,2018-Q3,2018-09-30,usd,1.25,2.0784,78.83207702636719,1191.5,15.69,0.58,13.43,1.44,32.72,7.79,0.1025,0.0941,0.0162,-200.5,0.3658,False,0.4561,-0.1459,-0.1427,0.54,0.8039,0.1073,0.8613,median,0.0035,0.1675,0.3102,Regime 2 (Subcritical),CAUTION,0.55,0.1814,0.3043,0.5895,-0.0622,-0.0622,False,False,
CCI,Crown Castle Inc.,Real Estate,2018-Q4,2018-12-31,usd,1.25,2.0784,77.67694854736328,1278.300048828125,15.59,0.58,13.68,1.52,32.24,7.84,0.1063,0.0945,0.0158,-179.5,0.1904,False,0.4504,0.0036,0.0071,1.225,1.0437,-0.0618,1.0,median,0.004,0.0386,0.0315,Regime 2 (Subcritical),CAUTION,0.55,0.2189,0.3545,0.5368,-0.0272,-0.0272,False,False,
CCI,Crown Castle Inc.,Real Estate,2019-Q1,2019-03-31,usd,1.25,2.0784,92.35881805419922,1293.0,15.26,0.61,13.88,1.54,38.42,7.82,0.106,0.0951,0.0181,-192.3,0.3596,False,0.4897,0.1722,0.1843,16.444,0.9107,0.0813,0.8914,median,0.0141,0.1962,0.0119,Regime 3 (Parasitic),DANGER,0.722,0.1065,0.2084,0.4403,-0.0452,-0.0452,False,False,False
CCI,Crown Castle Inc.,Real Estate,2019-Q2,2019-06-30,usd,1.25,2.0784,94.84432983398438,1409.699951171875,15.15,0.62,14.15,1.68,39.46,7.9,0.1135,0.0957,0.0177,-186.5,0.3611,False,0.4925,0.1922,0.2081,11.092,1.041,0.0206,0.97,median,0.0197,0.2288,0.0206,Regime 3 (Parasitic),DANGER,0.742,0.1029,0.2877,0.6156,-0.0783,-0.0783,False,False,False
CCI,Crown Castle Inc.,Real Estate,2019-Q3,2019-09-30,usd,1.25,2.0784,101.97282409667969,1465.699951171875,15.05,0.6,14.42,1.81,42.42,7.97,0.1207,0.0965,0.0173,-188.4,0.3557,False,0.5066,0.2169,0.2366,11.197,1.2042,-0.001,1.0,median,0.0252,0.2598,0.0232,Regime 3 (Parasitic),DANGER,0.817,0.0831,0.2186,0.3454,-0.1442,-0.1442,False,False,False
CCI,Crown Castle Inc.,Real Estate,2019-Q4,2019-12-31,usd,1.25,2.0784,105.21414184570312,1519.5,14.91,0.6,14.67,1.52,43.77,7.92,0.0993,0.0976,0.0971,5.3,0.187,False,0.5165,0.2699,0.2954,29.223,0.9223,0.2442,0.7319,median,0.0317,0.3058,0.0105,Regime 3 (Parasitic),DANGER,0.82,0.1948,0.1346,0.5539,-0.1706,-0.1706,False,False,False
CCI,Crown Castle Inc.,Real Estate,2020-Q1,2020-03-31,usd,1.25,2.0784,107.71968841552734,1583.4000244140625,14.81,0.7,14.81,1.46,44.92,7.95,0.0938,0.0984,0.0186,-241.2,0.3333,False,0.5215,0.1172,0.1404,9.854,1.3633,-0.1008,1.0,median,0.0336,0.1563,0.0159,Regime 2 (Subcritical),CAUTION,0.55,0.1536,0.2303,0.3591,-0.0472,-0.0472,False,False,
CCI,Crown Castle Inc.,Real Estate,2020-Q2,2020-06-30,usd,1.25,2.0784,125.70645141601562,1800.5,14.7,0.66,14.96,1.53,52.42,7.96,0.0981,0.0988,0.0194,-208.9,0.4634,False,0.5548,0.2542,0.276,35.211,1.2425,0.0122,0.982,median,0.0318,0.2841,0.0081,Regime 3 (Parasitic),DANGER,0.854,-0.0539,0.2029,0.0718,-0.1088,-0.1088,False,False,False
CCI,Crown Castle Inc.,Real Estate,2020-Q3,2020-09-30,usd,1.25,2.0784,126.02157592773438,1895.5,14.61,0.62,15.09,1.74,54.32,8.01,0.1105,0.0992,0.0179,-178.1,0.3516,False,0.5605,0.223,0.2414,43.174,1.1182,0.0992,0.8705,median,0.0268,0.2472,0.0057,Regime 3 (Parasitic),DANGER,0.823,0.0516,0.0735,-0.0742,-0.111,-0.111,False,False,False
CCI,Crown Castle Inc.,Real Estate,2020-Q4,2020-12-31,usd,1.25,2.0784,121.51365661621094,1895.0999755859375,14.51,0.62,15.16,1.74,52.37,8.01,0.11,0.0996,0.0893,4.9,0.0955,False,0.553,0.1547,0.1691,17.378,1.0728,0.1158,0.852,median,0.0203,0.1795,0.0103,Regime 3 (Parasitic),DANGER,0.705,0.2418,0.3508,-0.0892,-0.078,-0.1866,False,False,False
CCI,Crown Castle Inc.,Real Estate,2021-Q1,2021-03-31,usd,1.25,2.0784,132.52276611328125,1713.800048828125,14.4,0.66,15.15,1.79,57.25,8.0,0.1134,0.1001,0.0179,-185.5,0.3506,False,0.5715,0.2223,0.2358,35.812,0.7041,0.3339,0.6663,median,0.0172,0.2426,0.0068,Regime 3 (Parasitic),DANGER,0.772,0.0352,0.1047,-0.1659,-0.051,-0.2542,False,True,True
CCI,Crown Castle Inc.,Real Estate,2021-Q2,2021-06-30,usd,1.25,2.0784,151.2117919921875,1771.5999755859375,14.3,0.68,15.18,2.02,65.32,8.04,0.1274,0.1006,0.0169,-165.4,0.3556,False,0.5961,0.1966,0.2101,22.086,0.7098,0.2339,0.7403,median,0.0178,0.2201,0.01,Regime 3 (Parasitic),DANGER,0.747,0.078,-0.109,-0.3692,-0.1799,-0.3942,False,True,True
CCI,Crown Castle Inc.,Real Estate,2021-Q3,2021-09-30,usd,1.25,2.0784,135.27902221679688,1757.0,14.19,0.67,15.17,2.1,58.44,8.03,0.1328,0.1014,0.0165,-155.6,0.3579,False,0.574,0.0537,0.0706,28.655,0.7237,0.1319,0.8348,median,0.0221,0.0732,0.0026,Regime 2 (Subcritical),CAUTION,0.55,0.0822,-0.1375,-0.4212,-0.1393,-0.4358,False,True,
CCI,Crown Castle Inc.,Real Estate,2021-Q4,2021-12-31,usd,1.25,2.0784,164.13961791992188,1828.5999755859375,14.12,0.67,15.27,2.1,70.91,8.04,0.132,0.1024,0.1306,8.6,0.0851,False,0.6112,0.2773,0.2986,69.465,0.7604,0.1941,0.7745,median,0.0278,0.303,0.0044,Regime 3 (Parasitic),DANGER,0.827,-0.1598,-0.3257,-0.3948,-0.3979,-0.5548,True,True,True
CCI,Crown Castle Inc.,Real Estate,2022-Q1,2022-03-31,usd,1.25,2.0784,146.3969268798828,1949.199951171875,14.01,0.72,15.23,2.47,63.39,8.11,0.155,0.1036,0.0153,-154.6,0.3588,False,0.5876,0.0594,0.0883,7.528,0.9974,0.0986,0.8711,median,0.0343,0.1019,0.0135,Regime 2 (Subcritical),CAUTION,0.55,-0.2047,-0.245,-0.3676,-0.3249,-0.5008,True,True,
CCI,Crown Castle Inc.,Real Estate,2022-Q2,2022-06-30,usd,1.25,2.0784,134.72645568847656,1807.300048828125,13.91,0.76,15.22,2.37,58.34,8.06,0.1484,0.1051,0.0154,-160.3,0.3547,False,0.5719,-0.1552,-0.1158,-42.378,1.1582,-0.1299,1.0,median,0.0437,-0.1131,0.0027,Regime 2 (Subcritical),CAUTION,0.55,-0.1617,-0.292,-0.3555,-0.3201,-0.4576,True,True,
CCI,Crown Castle Inc.,Real Estate,2022-Q3,2022-09-30,usd,1.25,2.0784,116.67333221435547,1672.0,13.79,0.75,15.27,2.41,50.52,8.05,0.1504,0.1068,0.0152,-147.7,0.3335,False,0.5409,-0.199,-0.1478,-68.911,1.1432,-0.1785,1.0,median,0.0522,-0.1456,0.0021,Regime 2 (Subcritical),CAUTION,0.55,-0.0526,-0.3289,-0.0999,-0.3459,-0.3736,True,True,
CCI,Crown Castle Inc.,Real Estate,2022-Q4,2022-12-31,usd,1.25,2.0784,110.67644500732422,1826.199951171875,13.68,0.75,15.41,2.41,47.92,8.06,0.1491,0.1087,0.1389,10.5,0.0708,False,0.5287,-0.453,-0.3942,-159.716,1.2397,-0.1436,1.0,median,0.0595,-0.3918,0.0025,Regime 2 (Subcritical),CAUTION,0.55,-0.1548,-0.1197,-0.272,-0.3524,-0.3524,True,True,
CCI,Crown Castle Inc.,Real Estate,2023-Q1,2023-03-31,usd,1.25,2.0784,110.5324478149414,1969.0,13.58,0.78,15.49,2.51,47.97,8.09,0.1544,0.1106,0.0151,-175.5,0.3336,False,0.5276,-0.3392,-0.2765,1.0,1.1137,-0.0839,1.0,median,0.0658,-0.2787,-0.0022,Regime 2 (Subcritical),CAUTION,0.55,-0.2916,-0.1624,-0.1279,-0.3388,-0.3388,True,True,
CCI,Crown Castle Inc.,Real Estate,2023-Q2,2023-06-30,usd,1.25,2.0784,95.38932800292969,1929.4000244140625,13.47,0.84,15.57,2.67,41.4,8.14,0.1626,0.1126,0.0143,-199.4,0.332,False,0.4903,-0.4198,-0.352,-38.063,0.908,0.0933,0.8772,median,0.069,-0.343,0.009,Regime 2 (Subcritical),CAUTION,0.55,0.0414,-0.0897,-0.0077,-0.2339,-0.2339,True,True,
CCI,Crown Castle Inc.,Real Estate,2023-Q3,2023-09-30,usd,1.25,2.0784,78.30416107177734,1866.0999755859375,13.36,0.7,15.57,1.94,33.98,7.9,0.1194,0.1147,0.0159,-269.4,0.3216,False,0.4559,-0.4524,-0.3769,1.0,0.9333,0.0803,0.8925,median,0.0716,-0.3965,-0.0196,Regime 2 (Subcritical),CAUTION,0.55,0.1967,0.3574,0.1824,-0.0554,-0.0554,False,False,
CCI,Crown Castle Inc.,Real Estate,2023-Q4,2023-12-31,usd,1.25,2.0784,99.34149932861328,2071.800048828125,13.26,0.7,15.67,1.94,43.11,7.89,0.1188,0.1165,0.0856,5.3,0.0324,False,0.5116,-0.1535,-0.0849,1.0,0.9132,0.0303,0.9566,median,0.0695,-0.1057,-0.0209,Regime 2 (Subcritical),CAUTION,0.55,-0.1366,-0.1831,-0.1475,-0.1906,-0.2327,False,True,
CCI,Crown Castle Inc.,Real Estate,2024-Q1,2024-03-31,usd,1.25,2.0784,92.58544921875,2217.39990234375,13.16,0.73,15.68,2.15,40.27,7.93,0.1311,0.1179,0.0159,-559.0,0.3266,False,0.4934,-0.2199,-0.1547,1.0,0.8807,0.0926,0.878,median,0.0639,-0.1749,-0.0202,Regime 2 (Subcritical),CAUTION,0.55,0.1514,0.0632,-0.1315,-0.1539,-0.1779,False,False,
CCI,Crown Castle Inc.,Real Estate,2024-Q2,2024-06-30,usd,1.25,2.0784,86.83419799804688,2339.60009765625,13.06,0.82,15.7,1.94,37.77,7.88,0.1175,0.1191,0.0161,-737.4,0.3222,False,0.4805,-0.1176,-0.0592,1.0,0.9883,0.0797,0.8932,median,0.0565,-0.0917,-0.0324,Regime 2 (Subcritical),CAUTION,0.55,-0.0285,0.1325,-0.125,-0.0953,-0.125,False,False,
CCI,Crown Castle Inc.,Real Estate,2024-Q3,2024-09-30,usd,1.25,2.0784,106.84070587158203,2659.39990234375,12.96,0.61,15.64,2.18,46.48,7.85,0.1339,0.1201,0.0158,-585.9,0.3355,False,0.5296,0.2739,0.319,100.0,1.0605,0.2344,0.7399,median,0.0459,0.313,-0.006,Regime 3 (Parasitic),DANGER,0.824,-0.0923,-0.1411,-0.3208,-0.2777,-0.3209,True,True,True
CCI,Crown Castle Inc.,Real Estate,2024-Q4,2024-12-31,usd,1.25,2.0784,83.0564193725586,2641.0,7.91,0.61,15.49,2.18,36.13,6.55,0.1351,0.1211,0.1136,9.2,-0.0463,True,0.5185,-0.0303,0.0103,1.0,1.0338,0.0849,0.887,median,0.0385,-0.1767,-0.187,Regime 2 (Subcritical),CAUTION,0.55,0.1744,0.0296,-0.1263,-0.0708,-0.1264,False,False,
CCI,Crown Castle Inc.,Real Estate,2025-Q1,2025-03-31,usd,1.25,2.0784,96.97918701171875,3122.800048828125,6.12,0.37,6.49,2.08,42.19,3.77,0.3036,0.122,0.0205,-126.4,0.2886,False,0.6482,0.7561,0.7907,100.0,1.3186,0.0475,0.9335,median,0.0338,0.0464,-0.7443,Regime 3 (Parasitic),DANGER,0.95,-0.0567,-0.1831,-0.2517,-0.2268,-0.2518,True,True,True
CCI,Crown Castle Inc.,Real Estate,2025-Q2,2025-06-30,usd,1.25,2.0784,96.61019134521484,3307.699951171875,6.08,0.4,6.4,2.02,42.03,3.72,0.2977,0.1245,0.0204,-153.7,0.2474,False,0.6494,0.8109,0.8559,100.0,1.2442,0.0613,0.9158,median,0.044,0.1067,-0.7492,Regime 3 (Parasitic),DANGER,0.95,-0.1169,-0.2274,-0.2488,-0.2274,-0.249,True,True,True
CCI,Crown Castle Inc.,Real Estate,2025-Q3,2025-09-30,usd,1.25,2.0784,91.76451110839844,3873.199951171875,6.03,0.39,6.33,2.1,39.92,3.71,0.3126,0.1283,0.0201,-187.2,0.2205,False,0.6417,0.5297,0.5965,1.0,1.2548,0.0277,0.9601,median,0.0659,-0.1521,-0.7486,Regime 3 (Parasitic),DANGER,0.95,-0.1367,-0.2092,-0.2092,-0.2093,-0.2093,True,True,True
CCI,Crown Castle Inc.,Real Estate,2025-Q4,2025-12-31,usd,1.25,2.0784,85.51708984375,4341.10009765625,5.99,0.39,6.27,2.1,37.2,3.69,0.3153,0.1332,0.0404,3.3,-0.0807,True,0.6312,0.5063,0.6034,100.0,1.4123,0.0216,0.9685,median,0.0957,0.0292,-0.5742,Regime 3 (Parasitic),DANGER,0.95,-0.1179,-0.1514,-0.1514,-0.1516,-0.1516,False,False,True
CCI,Crown Castle Inc.,Real Estate,2026-Q1,2026-03-31,usd,1.25,2.0784,79.22026062011719,4647.60009765625,5.15,0.36,6.22,1.86,34.54,3.4,0.2827,0.139,0.0213,-214.8,0.188,False,0.6328,-0.2316,-0.097,1.0,1.2793,0.0296,0.9575,median,0.1307,-0.2,-0.1029,Regime 2 (Subcritical),CAUTION,0.55,-0.0839,-0.0839,-0.0839,-0.0841,-0.0841,False,False,
CCI,Crown Castle Inc.,Real Estate,2026-Q2,2026-06-30,usd,1.25,2.0784,74.64464569091797,4038.5,5.15,0.39,6.17,1.88,31.8,3.4,0.2869,0.145,0.0146,-416.3,0.2961,False,0.6183,-0.3453,-0.1867,1.0,1.0102,0.0203,0.9705,median,0.1526,-0.2789,-0.0921,Regime 2 (Subcritical),CAUTION,0.55,-0.0278,-0.0278,-0.0278,-0.028,-0.028,False,False,
EQIX,"Equinix, Inc.",Real Estate,2017-Q1,2017-03-31,usd,1.25,2.0784,333.61224365234375,1247.300048828125,3.76,0.73,7.61,1.92,25.99,3.5,0.2307,0.2282,0.0124,-59.1,0.3687,False,0.5742,0.1592,0.1879,5.331,0.8662,-0.0342,1.0,median,0.0337,0.2313,0.0434,Regime 2 (Subcritical),CAUTION,0.55,0.125,0.0646,0.1802,-0.0279,-0.1221,False,False,
EQIX,"Equinix, Inc.",Real Estate,2017-Q2,2017-06-30,usd,1.25,2.0784,359.28570556640625,1240.699951171875,6.61,0.77,8.75,2.18,28.0,4.57,0.2289,0.2292,0.0112,-60.4,0.1832,False,0.5287,-0.0622,-0.0301,0.904,0.84,-0.0019,1.0,median,0.0382,0.2824,0.3125,Regime 2 (Subcritical),CAUTION,0.55,0.0652,0.0223,0.2258,-0.0974,-0.1848,False,False,
EQIX,"Equinix, Inc.",Real Estate,2017-Q3,2017-09-30,usd,1.25,2.0784,375.3029479980469,1281.5,6.56,0.74,9.01,2.28,29.36,4.65,0.2339,0.2296,0.0109,-55.7,0.2226,False,0.5364,0.004,0.0218,1.072,0.8398,0.0145,0.9786,median,0.0211,0.3258,0.304,Regime 2 (Subcritical),CAUTION,0.55,-0.0498,-0.0053,0.3538,-0.1323,-0.2164,False,True,
EQIX,"Equinix, Inc.",Real Estate,2017-Q4,2017-12-31,usd,1.25,2.0784,382.7032165527344,1306.300048828125,6.8,0.74,9.39,2.32,30.25,4.81,0.2291,0.23,0.3404,31.9,0.5028,False,0.5356,-0.0096,0.0053,1.015,0.9512,0.134,0.8327,median,0.0175,0.3577,0.3524,Regime 2 (Subcritical),CAUTION,0.55,-0.0267,-0.1929,0.3628,-0.2239,-0.2239,True,True,
EQIX,"Equinix, Inc.",Real Estate,2018-Q1,2018-03-31,usd,1.25,2.0784,355.1552429199219,1322.800048828125,6.84,0.81,9.7,2.37,28.22,4.93,0.2259,0.2302,0.0112,-52.3,0.215,False,0.5127,-0.2673,-0.2594,0.241,0.9488,0.0628,0.9139,median,0.009,0.0822,0.3416,Regime 2 (Subcritical),CAUTION,0.55,0.0714,0.1347,0.6442,-0.156,-0.156,False,False,
EQIX,"Equinix, Inc.",Real Estate,2018-Q2,2018-06-30,usd,1.25,2.0784,367.2894592285156,1251.300048828125,7.31,0.84,10.38,2.44,29.2,5.24,0.2175,0.2302,0.0109,-54.9,0.138,False,0.5067,-0.0985,-0.0946,0.307,0.8991,0.0421,0.9406,median,0.0044,0.0419,0.1365,Regime 2 (Subcritical),CAUTION,0.55,-0.1668,0.2038,0.6728,-0.1995,-0.1995,False,False,
EQIX,"Equinix, Inc.",Real Estate,2018-Q3,2018-09-30,usd,1.25,2.0784,371.7865295410156,1191.5,7.24,0.83,10.68,2.49,29.89,5.31,0.2167,0.2297,0.0108,-55.1,0.1876,False,0.5099,-0.1161,-0.1156,0.133,0.8039,0.1073,0.8613,median,0.0006,0.0178,0.1333,Regime 2 (Subcritical),CAUTION,0.55,0.0628,0.3658,0.8371,-0.2094,-0.2094,True,True,
EQIX,"Equinix, Inc.",Real Estate,2018-Q4,2018-12-31,usd,1.25,2.0784,304.57843017578125,1278.300048828125,7.17,0.83,11.03,2.56,24.59,5.39,0.2157,0.2291,0.3545,33.5,0.4271,False,0.4568,-0.3177,-0.3212,-1.818,1.0437,-0.0618,1.0,median,-0.0041,-0.2072,0.114,Regime 2 (Subcritical),CAUTION,0.55,0.4479,0.6886,1.0571,-0.0188,-0.0188,False,False,
EQIX,"Equinix, Inc.",Real Estate,2019-Q1,2019-03-31,usd,1.25,2.0784,393.7453918457031,1293.0,7.05,0.86,10.9,2.72,33.1,5.38,0.2317,0.2283,0.0113,-52.8,0.2723,False,0.5308,0.0788,0.0718,1.818,0.9107,0.0813,0.8914,median,-0.0083,0.1596,0.0878,Regime 2 (Subcritical),CAUTION,0.55,0.2758,0.4391,0.5292,-0.0216,-0.0216,False,False,
EQIX,"Equinix, Inc.",Real Estate,2019-Q2,2019-06-30,usd,1.25,2.0784,440.4282531738281,1409.699951171875,6.97,0.93,10.99,2.75,37.36,5.41,0.2304,0.2279,0.0113,-50.9,0.2929,False,0.5575,0.2228,0.2147,7.808,1.041,0.0206,0.97,median,-0.0099,0.2463,0.0315,Regime 3 (Parasitic),DANGER,0.773,0.1639,0.3878,0.6412,-0.0364,-0.0364,False,False,False
EQIX,"Equinix, Inc.",Real Estate,2019-Q3,2019-09-30,usd,1.25,2.0784,505.99560546875,1465.699951171875,6.78,0.97,11.23,2.77,43.15,5.44,0.2271,0.2277,0.0112,-49.1,0.2845,False,0.5877,0.351,0.3438,15.692,1.2042,-0.001,1.0,median,-0.0091,0.3672,0.0234,Regime 3 (Parasitic),DANGER,0.95,0.1276,0.345,0.434,-0.1447,-0.1447,False,False,False
EQIX,"Equinix, Inc.",Real Estate,2019-Q4,2019-12-31,usd,1.25,2.0784,514.3151245117188,1519.5,6.88,0.97,12.15,2.77,43.88,5.69,0.2108,0.2275,0.4541,39.2,0.5123,False,0.5827,0.5312,0.5255,10.788,0.9223,0.2442,0.7319,median,-0.0071,0.5792,0.0537,Regime 3 (Parasitic),DANGER,0.95,0.213,0.2182,0.4935,-0.1585,-0.1585,False,False,False
EQIX,"Equinix, Inc.",Real Estate,2020-Q1,2020-03-31,usd,1.25,2.0784,552.6062622070312,1583.4000244140625,7.04,1.05,12.18,2.83,47.48,5.77,0.2142,0.227,0.0112,-45.6,0.2513,False,0.5953,0.2948,0.2909,5.165,1.3633,-0.1008,1.0,median,-0.0057,0.3608,0.0699,Regime 3 (Parasitic),DANGER,0.895,0.2315,0.1049,0.2245,-0.0466,-0.0466,False,False,False
EQIX,"Equinix, Inc.",Real Estate,2020-Q2,2020-06-30,usd,1.25,2.0784,623.885498046875,1800.5,7.09,1.03,12.66,2.92,55.24,5.93,0.2135,0.2265,0.0129,-49.1,0.4117,False,0.619,0.3045,0.3003,4.3,1.2425,0.0122,0.982,median,-0.0061,0.3913,0.091,Regime 3 (Parasitic),DANGER,0.854,0.0163,0.1604,-0.0345,-0.1433,-0.1433,False,False,False
EQIX,"Equinix, Inc.",Real Estate,2020-Q3,2020-09-30,usd,1.25,2.0784,677.5931396484375,1895.5,7.17,1.12,13.11,3.01,60.37,6.1,0.2114,0.2259,0.0119,-55.4,0.3798,False,0.6294,0.2256,0.2203,2.906,1.1182,0.0992,0.8705,median,-0.0077,0.3359,0.1156,Regime 2 (Subcritical),CAUTION,0.55,-0.0989,0.0556,-0.227,-0.2112,-0.2371,True,True,
EQIX,"Equinix, Inc.",Real Estate,2020-Q4,2020-12-31,usd,1.25,2.0784,638.8831176757812,1895.0999755859375,7.64,1.12,14.5,2.93,56.95,6.55,0.1878,0.2252,0.3844,32.5,0.4893,False,0.6074,0.1276,0.1205,1.86,1.0728,0.1158,0.852,median,-0.0099,0.2608,0.1402,Regime 2 (Subcritical),CAUTION,0.55,0.1262,0.2028,-0.0513,-0.1634,-0.2716,False,True,
EQIX,"Equinix, Inc.",Real Estate,2021-Q1,2021-03-31,usd,1.25,2.0784,610.565673828125,1713.800048828125,7.48,1.21,14.77,1.19,54.69,6.16,0.0745,0.2242,0.0117,-44.4,0.3207,False,0.6148,0.0863,0.0762,2.172,0.7041,0.3339,0.6663,median,-0.0127,0.1413,0.0651,Regime 2 (Subcritical),CAUTION,0.55,0.1884,0.1082,0.098,-0.004,-0.2378,False,True,
EQIX,"Equinix, Inc.",Real Estate,2021-Q2,2021-06-30,usd,1.25,2.0784,723.98779296875,1771.5999755859375,7.46,1.29,15.14,1.11,64.98,6.25,0.0678,0.2212,0.0115,-41.1,0.3011,False,0.6409,0.1268,0.1089,3.04,0.7098,0.2339,0.7403,median,-0.0235,0.1623,0.0534,Regime 2 (Subcritical),CAUTION,0.55,0.0566,-0.168,0.0115,-0.2196,-0.3572,True,True,
EQIX,"Equinix, Inc.",Real Estate,2021-Q3,2021-09-30,usd,1.25,2.0784,715.2335815429688,1757.0,7.4,1.34,15.31,1.13,64.4,6.29,0.0678,0.2169,0.0113,-43.8,0.2997,False,0.6386,0.065,0.0338,2.099,0.7237,0.1319,0.8348,median,-0.0407,0.0646,0.0308,Regime 2 (Subcritical),CAUTION,0.55,-0.0539,-0.2677,-0.0471,-0.2773,-0.3494,True,True,
EQIX,"Equinix, Inc.",Real Estate,2021-Q4,2021-12-31,usd,1.25,2.0784,768.4270629882812,1828.5999755859375,7.31,1.34,15.45,1.13,69.6,6.31,0.0672,0.2116,1.09,53.6,0.1773,False,0.6501,0.2864,0.2386,100.0,0.7604,0.1941,0.7745,median,-0.0623,0.2006,-0.038,Regime 3 (Parasitic),DANGER,0.836,-0.197,-0.2113,-0.0109,-0.3944,-0.3944,True,True,True
EQIX,"Equinix, Inc.",Real Estate,2022-Q1,2022-03-31,usd,1.25,2.0784,676.6555786132812,1949.199951171875,7.19,1.41,15.51,1.07,61.59,6.3,0.0632,0.2057,0.0111,-39.8,0.297,False,0.6317,0.1695,0.097,5.461,0.9974,0.0986,0.8711,median,-0.086,0.1187,0.0217,Regime 3 (Parasitic),DANGER,0.719,-0.2361,-0.0092,0.1567,-0.3123,-0.3123,True,True,True
EQIX,"Equinix, Inc.",Real Estate,2022-Q2,2022-06-30,usd,1.25,2.0784,602.3551635742188,1807.300048828125,7.57,1.48,15.46,1.27,54.86,6.44,0.0751,0.1994,0.0109,-41.8,0.303,False,0.6071,-0.1055,-0.1996,-5.577,1.1582,-0.1299,1.0,median,-0.1041,-0.1693,0.0304,Regime 2 (Subcritical),CAUTION,0.55,0.0221,0.2158,0.1976,-0.2274,-0.2274,True,True,
EQIX,"Equinix, Inc.",Real Estate,2022-Q3,2022-09-30,usd,1.25,2.0784,523.7835083007812,1672.0,7.29,1.5,15.14,1.33,48.47,6.32,0.0801,0.1929,0.0109,-51.5,0.3328,False,0.5875,-0.1729,-0.2878,-78.016,1.1432,-0.1785,1.0,median,-0.1171,-0.2842,0.0036,Regime 2 (Subcritical),CAUTION,0.55,0.2799,0.3012,0.615,-0.1115,-0.1115,False,False,
EQIX,"Equinix, Inc.",Real Estate,2022-Q4,2022-12-31,usd,1.25,2.0784,606.0870361328125,1826.199951171875,7.55,1.5,16.65,1.33,56.14,6.76,0.0734,0.1866,1.0399,55.7,0.1859,False,0.6035,-0.16,-0.2845,-3.092,1.2397,-0.1436,1.0,median,-0.1259,-0.2149,0.0695,Regime 2 (Subcritical),CAUTION,0.55,0.1946,0.2399,0.4701,-0.0029,-0.0029,False,False,
EQIX,"Equinix, Inc.",Real Estate,2023-Q1,2023-03-31,usd,1.25,2.0784,670.4055786132812,1969.0,7.57,1.58,16.91,1.54,62.69,6.9,0.0831,0.1803,0.0107,-43.0,0.3455,False,0.6189,0.0519,-0.0737,0.195,1.1137,-0.0839,1.0,median,-0.1318,0.0178,0.0916,Regime 2 (Subcritical),CAUTION,0.55,0.0166,0.1675,0.1593,-0.0592,-0.0592,False,False,
EQIX,"Equinix, Inc.",Real Estate,2023-Q2,2023-06-30,usd,1.25,2.0784,732.3247680664062,1929.4000244140625,7.54,1.63,17.27,1.33,68.52,6.94,0.0704,0.1743,0.0107,-42.5,0.3093,False,0.6332,0.2804,0.1481,2.995,0.908,0.0933,0.8772,median,-0.1346,0.2223,0.0742,Regime 2 (Subcritical),CAUTION,0.55,0.0379,-0.015,0.0433,-0.1257,-0.1257,False,False,
EQIX,"Equinix, Inc.",Real Estate,2023-Q3,2023-09-30,usd,1.25,2.0784,681.5590209960938,1866.0999755859375,7.32,1.62,17.37,1.52,63.99,6.96,0.0801,0.1683,0.0105,-44.7,0.3281,False,0.6215,0.3247,0.181,2.871,0.9333,0.0803,0.8925,median,-0.1364,0.2777,0.0967,Regime 2 (Subcritical),CAUTION,0.55,0.1703,0.2648,0.1443,-0.0427,-0.0427,False,False,
EQIX,"Equinix, Inc.",Real Estate,2023-Q4,2023-12-31,usd,1.25,2.0784,760.0647583007812,2071.800048828125,7.44,1.62,18.6,1.52,71.81,7.29,0.0753,0.1627,0.9572,54.3,0.2229,False,0.6333,0.3052,0.1699,3.227,0.9132,0.0303,0.9566,median,-0.137,0.2462,0.0763,Regime 2 (Subcritical),CAUTION,0.55,-0.0569,0.1782,-0.0088,-0.1411,-0.1411,False,False,
EQIX,"Equinix, Inc.",Real Estate,2024-Q1,2024-03-31,usd,1.25,2.0784,782.6818237304688,2217.39990234375,7.25,1.78,18.51,1.46,74.28,7.25,0.0718,0.1573,0.0103,-43.8,0.3064,False,0.6396,0.2599,0.1206,3.46,0.8807,0.0926,0.878,median,-0.1367,0.1696,0.049,Regime 2 (Subcritical),CAUTION,0.55,0.115,0.0402,0.2795,-0.1342,-0.1342,False,False,
EQIX,"Equinix, Inc.",Real Estate,2024-Q2,2024-06-30,usd,1.25,2.0784,721.3673706054688,2339.60009765625,7.2,1.75,18.61,1.74,68.49,7.33,0.0856,0.152,0.0104,-48.6,0.3096,False,0.6246,0.0864,-0.0544,-0.008,0.9883,0.0797,0.8932,median,-0.1364,-0.0004,0.054,Regime 2 (Subcritical),CAUTION,0.55,0.2532,0.0687,0.4323,-0.0141,-0.0141,False,False,
EQIX,"Equinix, Inc.",Real Estate,2024-Q3,2024-09-30,usd,1.25,2.0784,850.6626586914062,2659.39990234375,7.31,1.74,19.66,1.7,82.08,7.6,0.0794,0.1472,0.011,-47.0,0.3414,False,0.6477,0.2919,0.1601,2.802,1.0605,0.2344,0.7399,median,-0.1343,0.249,0.0889,Regime 2 (Subcritical),CAUTION,0.55,-0.0723,-0.0985,0.2517,-0.1579,-0.1593,False,False,
EQIX,"Equinix, Inc.",Real Estate,2024-Q4,2024-12-31,usd,1.25,2.0784,907.9042358398438,2641.0,6.92,1.74,19.25,1.7,88.33,7.4,0.081,0.1426,0.8133,48.0,0.2567,False,0.6618,0.3314,0.1925,14.277,1.0338,0.0849,0.887,median,-0.1318,0.207,0.0145,Regime 3 (Parasitic),DANGER,0.881,-0.1475,-0.1688,0.1728,-0.2123,-0.2123,True,True,True
EQIX,"Equinix, Inc.",Real Estate,2025-Q1,2025-03-31,usd,1.25,2.0784,789.1788940429688,3122.800048828125,7.02,1.75,20.02,1.83,77.2,7.66,0.0842,0.1383,0.0111,-48.4,0.3451,False,0.6376,0.1151,-0.0163,0.702,1.3186,0.0475,0.9335,median,-0.1285,0.0385,0.0548,Regime 2 (Subcritical),CAUTION,0.55,-0.0302,0.2301,0.3493,-0.0938,-0.0938,False,False,
EQIX,"Equinix, Inc.",Real Estate,2025-Q2,2025-06-30,usd,1.25,2.0784,774.0818481445312,3307.699951171875,7.37,1.8,21.21,1.98,75.76,8.09,0.0859,0.1343,0.0118,-56.2,0.3498,False,0.626,0.1283,0.0016,1.016,1.2442,0.0613,0.9158,median,-0.124,0.1008,0.0992,Regime 2 (Subcritical),CAUTION,0.55,-0.0266,0.3402,0.3756,-0.0761,-0.0761,False,False,
EQIX,"Equinix, Inc.",Real Estate,2025-Q3,2025-09-30,usd,1.25,2.0784,766.8304443359375,3873.199951171875,7.28,1.88,21.9,1.9,75.29,8.24,0.0797,0.1306,0.0112,-56.8,0.2973,False,0.6226,-0.0452,-0.1664,-1.077,1.2548,0.0277,0.9601,median,-0.1195,-0.0863,0.0801,Regime 2 (Subcritical),CAUTION,0.55,0.266,0.3886,0.3886,-0.0674,-0.0674,False,False,
EQIX,"Equinix, Inc.",Real Estate,2025-Q4,2025-12-31,usd,1.25,2.0784,754.6507568359375,4341.10009765625,7.3,1.88,23.58,1.9,74.13,8.66,0.0745,0.1271,0.8096,46.6,0.2375,False,0.6127,-0.2163,-0.3329,-1.112,1.4123,0.0216,0.9685,median,-0.1149,-0.1753,0.1576,Regime 2 (Subcritical),CAUTION,0.55,0.3368,0.411,0.411,-0.0027,-0.0027,False,False,
EQIX,"Equinix, Inc.",Real Estate,2026-Q1,2026-03-31,usd,1.25,2.0784,970.7771606445312,4647.60009765625,7.19,1.78,24.17,2.31,95.74,8.86,0.089,0.1238,0.0115,-60.3,0.3152,False,0.6492,0.1831,0.0691,1.473,1.2793,0.0296,0.9575,median,-0.1108,0.2153,0.1462,Regime 2 (Subcritical),CAUTION,0.55,0.0969,0.0969,0.0969,0.0,0.0,False,False,
EQIX,"Equinix, Inc.",Real Estate,2026-Q2,2026-06-30,usd,1.25,2.0784,1037.43310546875,4038.5,7.12,1.85,25.22,2.66,102.36,9.21,0.0983,0.1208,0.0107,-50.1,0.3151,False,0.6532,0.2815,0.1711,2.318,1.0102,0.0203,0.9705,median,-0.1062,0.301,0.1299,Regime 2 (Subcritical),CAUTION,0.55,0.0264,0.0264,0.0264,-0.0418,-0.0418,False,False,
SPG,"Simon Property Group, Inc.",Real Estate,2017-Q1,2017-03-31,usd,1.25,2.0784,104.34526824951172,1247.300048828125,0.02,0.06,1.0,2.71,32.13,0.95,2.5631,2.5552,0.0157,0.0,-0.3737,True,0.7521,-0.144,-0.1542,1.0,0.8662,-0.0342,1.0,median,-0.0119,-0.1972,-0.043,Regime 2 (Subcritical),CAUTION,0.55,-0.0428,-0.06,0.1618,-0.105,-0.1063,False,False,
SPG,"Simon Property Group, Inc.",Real Estate,2017-Q2,2017-06-30,usd,1.25,2.0784,99.21852111816406,1240.699951171875,0.02,0.05,1.0,2.74,30.55,0.95,2.6082,2.5597,0.0156,0.0,-0.39,True,0.7492,-0.2311,-0.2396,1.0,0.84,-0.0019,1.0,median,-0.0102,-0.2476,-0.0079,Regime 2 (Subcritical),CAUTION,0.55,0.0863,0.1039,0.0839,-0.0602,-0.0602,False,False,
SPG,"Simon Property Group, Inc.",Real Estate,2017-Q3,2017-09-30,usd,1.25,2.0784,99.8797607421875,1281.5,0.02,0.05,1.0,2.76,30.76,0.96,2.6237,2.5648,0.0151,0.0,-0.3916,True,0.7493,-0.1934,-0.1887,1.0,0.8398,0.0145,0.9786,median,0.0056,-0.2101,-0.0214,Regime 2 (Subcritical),CAUTION,0.55,-0.0099,0.1614,0.0725,-0.0587,-0.0587,False,False,
SPG,"Simon Property Group, Inc.",Real Estate,2017-Q4,2017-12-31,usd,1.25,2.0784,107.7781753540039,1306.300048828125,0.02,0.05,1.0,3.0,33.19,1.02,2.8495,2.5705,0.0155,0.0,-0.3202,True,0.7502,-0.0458,-0.0373,0.208,0.9512,0.134,0.8327,median,0.01,0.0098,0.0471,Regime 2 (Subcritical),CAUTION,0.55,0.0123,0.0215,-0.0474,-0.1382,-0.1382,False,False,
SPG,"Simon Property Group, Inc.",Real Estate,2018-Q1,2018-03-31,usd,1.25,2.0784,98.08460235595703,1322.800048828125,0.02,0.05,1.0,2.81,30.21,0.97,2.6727,2.5857,0.0152,0.0,-0.4083,True,0.7478,-0.0973,-0.0868,-2.48,0.9488,0.0628,0.9139,median,0.0119,-0.0619,0.0249,Regime 2 (Subcritical),CAUTION,0.55,0.1827,0.2463,-0.5936,-0.0414,-0.6756,False,True,
SPG,"Simon Property Group, Inc.",Real Estate,2018-Q2,2018-06-30,usd,1.25,2.0784,109.53150177001953,1251.300048828125,0.02,0.04,1.0,2.95,33.73,1.0,2.8273,2.5976,0.0152,0.0,-0.3803,True,0.7517,0.0353,0.0484,1.961,0.8991,0.0421,0.9406,median,0.0147,0.0989,0.0504,Regime 2 (Subcritical),CAUTION,0.55,0.0128,-0.0152,-0.5617,-0.032,-0.7169,False,True,
SPG,"Simon Property Group, Inc.",Real Estate,2018-Q3,2018-09-30,usd,1.25,2.0784,115.05240631103516,1191.5,0.02,0.05,1.0,2.87,35.43,0.98,2.7363,2.6123,0.0151,0.0,-0.3852,True,0.7549,0.0975,0.1142,5.187,0.8039,0.1073,0.8613,median,0.0183,0.1414,0.0273,Regime 2 (Subcritical),CAUTION,0.55,0.0544,-0.076,-0.6011,-0.1364,-0.7311,False,True,
SPG,"Simon Property Group, Inc.",Real Estate,2018-Q4,2018-12-31,usd,1.25,2.0784,110.52985382080078,1278.300048828125,0.02,0.05,1.0,3.02,34.04,1.02,2.8763,2.625,0.0144,0.0,-0.4015,True,0.7513,0.0031,0.0215,6.772,1.0437,-0.0618,1.0,median,0.021,0.0252,0.0037,Regime 2 (Subcritical),CAUTION,0.55,-0.0339,-0.0674,-0.4366,-0.1017,-0.7203,False,True,
SPG,"Simon Property Group, Inc.",Real Estate,2019-Q1,2019-03-31,usd,1.25,2.0784,121.2322769165039,1293.0,0.02,0.04,1.0,3.0,37.33,1.01,2.8955,2.6397,0.0145,0.0,-0.4109,True,0.7559,0.149,0.1666,4.679,0.9107,0.0813,0.8914,median,0.0207,0.2119,0.0453,Regime 3 (Parasitic),DANGER,0.749,-0.1142,-0.6752,-0.2969,-0.7407,-0.746,True,True,True
SPG,"Simon Property Group, Inc.",Real Estate,2019-Q2,2019-06-30,usd,1.25,2.0784,107.54080963134766,1409.699951171875,0.02,0.04,1.0,2.72,33.12,0.95,2.6142,2.6555,0.0151,0.0,-0.4208,True,0.7536,0.0229,0.0408,1.0,1.041,0.0206,0.97,median,0.022,-0.0183,-0.0591,Regime 2 (Subcritical),CAUTION,0.55,-0.0436,-0.5518,-0.08,-0.7104,-0.7104,True,True,
SPG,"Simon Property Group, Inc.",Real Estate,2019-Q3,2019-09-30,usd,1.25,2.0784,106.24085235595703,1465.699951171875,0.02,0.03,1.0,2.82,32.72,0.97,2.7334,2.6654,0.0164,0.0,-0.2036,True,0.7519,-0.0788,-0.0631,1.0,1.2042,-0.001,1.0,median,0.0201,-0.0797,-0.0166,Regime 2 (Subcritical),CAUTION,0.55,-0.6279,-0.5683,-0.0341,-0.709,-0.709,True,True,
SPG,"Simon Property Group, Inc.",Real Estate,2019-Q4,2019-12-31,usd,1.25,2.0784,103.07703399658203,1519.5,0.02,0.03,1.0,3.11,31.74,1.04,3.0108,2.6736,0.0144,0.0,-0.4207,True,0.7468,-0.1027,-0.0879,-3.858,0.9223,0.2442,0.7319,median,0.0183,-0.0698,0.0181,Regime 2 (Subcritical),CAUTION,0.55,-0.5339,-0.3958,0.2029,-0.7,-0.7,True,True,
SPG,"Simon Property Group, Inc.",Real Estate,2020-Q1,2020-03-31,usd,1.25,2.0784,38.54351043701172,1583.4000244140625,0.02,0.03,1.0,2.62,11.81,0.92,2.5492,2.6857,0.0173,0.0,-0.219,True,0.6749,-1.0613,-1.0494,1.0,1.3633,-0.1008,1.0,median,0.0173,-1.1506,-0.1013,Regime 2 (Subcritical),CAUTION,0.55,0.19,1.1891,1.6781,-0.1978,-0.1978,False,False,
SPG,"Simon Property Group, Inc.",Real Estate,2020-Q2,2020-06-30,usd,1.25,2.0784,48.04237365722656,1800.5,0.02,0.03,1.0,1.8,14.7,0.71,1.7523,2.692,0.0219,0.0,-0.2762,True,0.7203,-0.5394,-0.53,1.0,1.2425,0.0122,0.982,median,0.0137,-0.8125,-0.2825,Regime 2 (Subcritical),CAUTION,0.55,0.2858,1.0369,0.5741,-0.0986,-0.0986,False,False,
SPG,"Simon Property Group, Inc.",Real Estate,2020-Q3,2020-09-30,usd,1.25,2.0784,46.36001968383789,1895.5,0.02,0.01,1.0,1.62,14.19,0.66,1.5968,2.6811,0.0204,0.0,-0.4484,True,0.7233,-0.4591,-0.4551,1.0,1.1182,0.0992,0.8705,median,0.0059,-0.8353,-0.3802,Regime 2 (Subcritical),CAUTION,0.55,0.82,1.1493,0.5689,-0.0431,-0.0431,False,False,
SPG,"Simon Property Group, Inc.",Real Estate,2020-Q4,2020-12-31,usd,1.25,2.0784,63.2469367980957,1895.0999755859375,0.02,0.01,1.0,1.85,19.53,0.72,1.8262,2.6562,0.021,0.0,-0.4341,True,0.7397,-0.1137,-0.1183,1.0,1.0728,0.1158,0.852,median,-0.0065,-0.4859,-0.3675,Regime 2 (Subcritical),CAUTION,0.55,0.5767,0.9572,0.5284,-0.029,-0.029,False,False,
SPG,"Simon Property Group, Inc.",Real Estate,2021-Q1,2021-03-31,usd,1.25,2.0784,84.376220703125,1713.800048828125,0.02,0.03,1.0,2.42,27.72,0.87,2.3565,2.6253,0.019,0.0,-0.3905,True,0.7491,0.9275,0.9096,100.0,0.7041,0.3339,0.6663,median,-0.0227,0.8528,-0.0567,Regime 3 (Parasitic),DANGER,0.95,0.2162,0.2234,0.1083,0.0,-0.1609,False,False,False
SPG,"Simon Property Group, Inc.",Real Estate,2021-Q2,2021-06-30,usd,1.25,2.0784,97.85621643066406,1771.5999755859375,0.02,0.03,1.0,2.42,32.15,0.87,2.3507,2.5983,0.019,0.0,-0.3622,True,0.7561,0.6146,0.5876,4.009,0.7098,0.2339,0.7403,median,-0.0354,0.7829,0.1953,Regime 3 (Parasitic),DANGER,0.95,0.257,-0.2272,0.002,-0.2297,-0.2765,True,True,True
SPG,"Simon Property Group, Inc.",Real Estate,2021-Q3,2021-09-30,usd,1.25,2.0784,99.64151000976562,1757.0,0.02,0.03,1.0,2.45,32.74,0.87,2.3834,2.5744,0.0179,0.0,-0.4148,True,0.7566,0.5892,0.558,3.007,0.7237,0.1319,0.8348,median,-0.0406,0.836,0.278,Regime 3 (Parasitic),DANGER,0.95,0.036,-0.2701,-0.0641,-0.2895,-0.2895,True,True,True
SPG,"Simon Property Group, Inc.",Real Estate,2021-Q4,2021-12-31,usd,1.25,2.0784,123.7848892211914,1828.5999755859375,0.02,0.03,1.0,2.37,40.67,0.85,2.3025,2.5537,0.0174,0.0,-0.4187,True,0.766,0.5941,0.5639,4.318,0.7604,0.1941,0.7745,median,-0.0394,0.7338,0.1699,Regime 3 (Parasitic),DANGER,0.95,-0.3842,-0.2191,0.0093,-0.4281,-0.4281,True,True,True
SPG,"Simon Property Group, Inc.",Real Estate,2022-Q1,2022-03-31,usd,1.25,2.0784,103.22496032714844,1949.199951171875,0.02,0.03,1.0,2.48,33.92,0.88,2.4062,2.5346,0.0177,0.0,-0.4088,True,0.7577,0.2121,0.1824,10.367,0.9974,0.0986,0.8711,median,-0.0352,0.2019,0.0195,Regime 3 (Parasitic),DANGER,0.862,-0.3003,-0.0941,0.3451,-0.3142,-0.3142,True,True,True
SPG,"Simon Property Group, Inc.",Real Estate,2022-Q2,2022-06-30,usd,1.25,2.0784,75.621337890625,1807.300048828125,0.02,0.04,1.0,2.51,24.84,0.89,2.4166,2.5182,0.0177,0.0,-0.4097,True,0.7415,-0.257,-0.2853,-9.388,1.1582,-0.1299,1.0,median,-0.0313,-0.2579,0.0275,Regime 2 (Subcritical),CAUTION,0.55,0.2766,0.2966,0.8045,-0.0638,-0.0638,False,False,
SPG,"Simon Property Group, Inc.",Real Estate,2022-Q3,2022-09-30,usd,1.25,2.0784,72.73273468017578,1672.0,0.02,0.03,1.0,2.61,23.86,0.92,2.53,2.5043,0.0171,0.0,-0.4049,True,0.7375,-0.3347,-0.3618,-6.942,1.1432,-0.1785,1.0,median,-0.0276,-0.3162,0.0456,Regime 2 (Subcritical),CAUTION,0.55,0.2857,0.2822,1.0989,0.0,0.0,False,False,
SPG,"Simon Property Group, Inc.",Real Estate,2022-Q4,2022-12-31,usd,1.25,2.0784,96.6664810180664,1826.199951171875,0.02,0.03,1.0,2.74,31.69,0.95,2.6542,2.4938,0.0161,0.0,-0.4166,True,0.7514,-0.3302,-0.3536,-2.4,1.2397,-0.1436,1.0,median,-0.0237,-0.2496,0.104,Regime 2 (Subcritical),CAUTION,0.55,0.0138,0.2918,0.6268,-0.1257,-0.1257,False,False,
SPG,"Simon Property Group, Inc.",Real Estate,2023-Q1,2023-03-31,usd,1.25,2.0784,93.51029205322266,1969.0,0.02,0.04,1.0,2.65,30.57,0.93,2.5577,2.4875,0.0169,0.0,-0.3771,True,0.7507,-0.1342,-0.1521,-2.156,1.1137,-0.0839,1.0,median,-0.0188,-0.1039,0.0482,Regime 2 (Subcritical),CAUTION,0.55,-0.0027,0.4848,0.6378,-0.0957,-0.0957,False,False,
SPG,"Simon Property Group, Inc.",Real Estate,2023-Q2,2023-06-30,usd,1.25,2.0784,98.0511474609375,1929.4000244140625,0.02,0.04,1.0,2.63,32.07,0.92,2.5299,2.4833,0.0164,0.0,-0.4068,True,0.7532,0.2339,0.2202,7.268,0.908,0.0933,0.8772,median,-0.014,0.2553,0.0351,Regime 3 (Parasitic),DANGER,0.884,0.2742,0.3917,0.546,-0.0899,-0.0899,False,False,False
SPG,"Simon Property Group, Inc.",Real Estate,2023-Q3,2023-09-30,usd,1.25,2.0784,93.2563247680664,1866.0999755859375,0.02,0.04,1.0,2.78,30.5,0.96,2.6797,2.4805,0.016,0.0,-0.4081,True,0.7489,0.2093,0.1992,5.307,0.9333,0.0803,0.8925,median,-0.0096,0.2455,0.0463,Regime 3 (Parasitic),DANGER,0.859,0.5372,0.6902,0.9665,-0.012,-0.012,False,False,False
SPG,"Simon Property Group, Inc.",Real Estate,2023-Q4,2023-12-31,usd,1.25,2.0784,124.93521118164062,2071.800048828125,0.02,0.04,1.0,3.17,40.83,1.06,3.0576,2.4805,0.0154,0.0,-0.3079,True,0.7581,0.1496,0.1443,2.322,0.9132,0.0303,0.9566,median,-0.0053,0.2534,0.1092,Regime 3 (Parasitic),DANGER,0.75,0.0892,0.2559,0.4428,-0.0436,-0.0436,False,False,False
SPG,"Simon Property Group, Inc.",Real Estate,2024-Q1,2024-03-31,usd,1.25,2.0784,138.84359741210938,2217.39990234375,0.02,0.04,1.0,2.94,45.25,1.0,2.8371,2.4868,0.016,0.0,-0.2718,True,0.7642,0.3171,0.3168,5.207,0.8807,0.0926,0.878,median,-0.0003,0.3921,0.0753,Regime 3 (Parasitic),DANGER,0.95,0.1211,0.137,0.3405,-0.0867,-0.0867,False,False,False
SPG,"Simon Property Group, Inc.",Real Estate,2024-Q2,2024-06-30,usd,1.25,2.0784,136.4571990966797,2339.60009765625,0.02,0.04,1.0,3.02,44.48,1.02,2.8911,2.4955,0.0157,0.0,-0.2739,True,0.7628,0.2222,0.2273,3.275,0.9883,0.0797,0.8932,median,0.0049,0.3272,0.0999,Regime 3 (Parasitic),DANGER,0.822,0.2025,0.1528,0.68,-0.0065,-0.0065,False,False,False
SPG,"Simon Property Group, Inc.",Real Estate,2024-Q3,2024-09-30,usd,1.25,2.0784,153.85401916503906,2659.39990234375,0.02,0.04,1.0,3.07,50.16,1.03,2.9624,2.5066,0.0154,0.0,-0.286,True,0.7667,0.4131,0.4234,6.719,1.0605,0.2344,0.7399,median,0.0105,0.4974,0.074,Regime 3 (Parasitic),DANGER,0.95,0.0063,0.1658,0.3386,-0.1495,-0.1495,False,False,False
SPG,"Simon Property Group, Inc.",Real Estate,2024-Q4,2024-12-31,usd,1.25,2.0784,158.56915283203125,2641.0,0.02,0.04,1.0,3.34,51.71,1.1,3.2247,2.5202,0.014,0.0,-0.3543,True,0.7656,0.1789,0.1957,5.826,1.0338,0.0849,0.887,median,0.0159,0.2362,0.0405,Regime 3 (Parasitic),DANGER,0.829,-0.0216,0.1294,0.2988,-0.1748,-0.1748,False,False,False
SPG,"Simon Property Group, Inc.",Real Estate,2025-Q1,2025-03-31,usd,1.25,2.0784,154.824951171875,3122.800048828125,0.02,0.05,1.0,2.91,50.52,1.0,2.7705,2.5384,0.0151,0.0,-0.3697,True,0.7681,0.0932,0.1143,100.0,1.3186,0.0475,0.9335,median,0.0205,0.1102,-0.0041,Regime 3 (Parasitic),DANGER,0.793,0.1472,0.1791,0.3302,-0.1548,-0.1548,False,False,False
SPG,"Simon Property Group, Inc.",Real Estate,2025-Q2,2025-06-30,usd,1.25,2.0784,151.83245849609375,3307.699951171875,0.02,0.06,1.0,2.98,49.56,1.01,2.8157,2.5553,0.0152,0.0,-0.3911,True,0.7669,0.0902,0.1144,100.0,1.2442,0.0613,0.9158,median,0.0237,0.1081,-0.0063,Regime 3 (Parasitic),DANGER,0.79,0.1955,0.4574,0.3564,-0.0052,-0.0052,False,False,False
SPG,"Simon Property Group, Inc.",Real Estate,2025-Q3,2025-09-30,usd,1.25,2.0784,179.36048889160156,3873.199951171875,0.02,0.06,1.0,3.25,58.55,1.08,3.055,2.5715,0.0144,0.0,-0.3712,True,0.7701,0.0795,0.1054,3.141,1.2548,0.0277,0.9601,median,0.0256,0.1546,0.0492,Regime 2 (Subcritical),CAUTION,0.55,0.0178,0.1482,0.1482,-0.0763,-0.0763,False,False,
SPG,"Simon Property Group, Inc.",Real Estate,2025-Q4,2025-12-31,usd,1.25,2.0784,179.09002685546875,4341.10009765625,0.02,0.06,1.0,3.56,58.45,1.16,3.3472,2.5894,0.0155,0.0,-0.3613,True,0.7679,0.0404,0.0678,2.24,1.4123,0.0216,0.9685,median,0.0271,0.1225,0.0547,Regime 2 (Subcritical),CAUTION,0.55,0.232,0.15,0.15,-0.0258,-0.0258,False,False,
SPG,"Simon Property Group, Inc.",Real Estate,2026-Q1,2026-03-31,usd,1.25,2.0784,182.5465087890625,4647.60009765625,0.02,0.22,1.0,3.05,59.32,1.07,2.5047,2.6113,0.0154,0.0,-0.3916,True,0.7707,0.0576,0.0868,2.176,1.2793,0.0296,0.9575,median,0.0283,0.1606,0.0738,Regime 2 (Subcritical),CAUTION,0.55,0.1282,0.1282,0.1282,0.0,0.0,False,False,
SPG,"Simon Property Group, Inc.",Real Estate,2026-Q2,2026-06-30,usd,1.25,2.0784,221.27500915527344,4038.5,0.02,0.05,1.0,3.3,71.79,1.09,3.1454,2.6279,0.0152,0.0,-0.3704,True,0.7755,0.2678,0.2969,5.024,1.0102,0.0203,0.9705,median,0.028,0.3707,0.0738,Regime 3 (Parasitic),DANGER,0.918,-0.0693,-0.0693,-0.0693,-0.0829,-0.0829,False,False,True
LIN,Linde plc,Materials,2017-Q1,2017-03-31,usd,1.25,2.0784,101.82556915283203,1247.300048828125,3.12,1.0,11.25,2.27,29.26,4.41,0.1852,0.4492,0.0005,0.0,-0.4369,True,0.5596,-1.6177,-1.7088,0.008,0.8662,-0.0342,1.0,median,-0.1072,0.0136,1.7224,Regime 2 (Subcritical),CAUTION,0.55,0.1922,0.2442,0.5486,-0.0095,-0.0095,False,False,
LIN,Linde plc,Materials,2017-Q2,2017-06-30,usd,1.25,2.0784,114.4627685546875,1240.699951171875,3.12,1.0,11.25,2.42,33.03,4.45,0.1979,0.4074,0.0004,0.0,-0.5148,True,0.5814,-1.4245,-1.5967,0.078,0.84,-0.0019,1.0,median,-0.2047,0.1346,1.7312,Regime 2 (Subcritical),CAUTION,0.55,0.1801,0.2194,0.58,-0.0386,-0.0386,False,False,
LIN,Linde plc,Materials,2017-Q3,2017-09-30,usd,1.25,2.0784,121.39762115478516,1281.5,3.12,1.0,11.25,3.51,35.03,4.72,0.2863,0.3752,0.0,0.0,-30.9096,True,0.5779,-1.3754,-1.6175,0.097,0.8398,0.0145,0.9786,median,-0.2871,0.1728,1.7903,Regime 2 (Subcritical),CAUTION,0.55,0.0329,0.1623,0.4291,-0.0091,-0.0091,False,False,
LIN,Linde plc,Materials,2017-Q4,2017-12-31,usd,1.25,2.0784,135.0718536376953,1306.300048828125,4.02,1.0,11.82,3.54,39.05,5.1,0.2763,0.3545,0.0001,38.2,-865.219,True,0.583,0.3787,0.0862,1.392,0.9512,0.134,0.8327,median,-0.3439,0.3059,0.2197,Regime 2 (Subcritical),CAUTION,0.55,0.0233,0.0202,0.4184,-0.0853,-0.0853,False,False,
LIN,Linde plc,Materials,2018-Q1,2018-03-31,usd,1.25,2.0784,126.69198608398438,1322.800048828125,4.02,1.34,11.82,2.61,36.63,4.95,0.1985,0.3399,0.0,0.0,-255.433,True,0.5773,0.3549,0.1091,1.945,0.9488,0.0628,0.9139,median,-0.2787,0.2245,0.1154,Regime 3 (Parasitic),DANGER,0.95,0.1427,0.264,0.2938,0.0,0.0,False,False,False
LIN,Linde plc,Materials,2018-Q2,2018-06-30,usd,1.25,2.0784,139.5738525390625,1251.300048828125,4.02,1.32,11.82,2.76,40.61,4.98,0.2096,0.3263,0.0,0.0,-280.2821,True,0.5961,0.2915,0.0934,1.824,0.8991,0.0421,0.9406,median,-0.2222,0.2066,0.1132,Regime 3 (Parasitic),DANGER,0.892,-0.0022,0.2946,0.3874,-0.0544,-0.0544,False,False,False
LIN,Linde plc,Materials,2018-Q3,2018-09-30,usd,1.25,2.0784,142.56834411621094,1191.5,4.02,1.27,11.82,3.63,78.56,5.18,0.2772,0.3143,0.0,0.0,-951.6013,True,0.6891,0.8749,0.7134,8.561,0.8039,0.1073,0.8613,median,-0.1772,0.8078,0.0944,Regime 3 (Parasitic),DANGER,0.95,0.0528,0.1702,0.4533,-0.1182,-0.1182,False,False,False
LIN,Linde plc,Materials,2018-Q4,2018-12-31,usd,1.25,2.0784,139.13978576660156,1278.300048828125,43.1,1.27,29.72,12.94,76.14,21.76,0.4178,0.3057,0.3252,29.6,0.2182,False,0.3885,-0.6536,-0.7836,0.46,1.0437,-0.0618,1.0,median,-0.1483,0.6677,1.4513,Regime 1 (Virtuous),HEALTHY,0.95,0.314,0.3904,0.7387,-0.024,-0.024,False,False,True
LIN,Linde plc,Materials,2019-Q1,2019-03-31,usd,1.25,2.0784,157.69137573242188,1293.0,42.76,3.7,29.42,2.44,85.59,19.58,0.0736,0.3029,0.2475,27.4,0.2403,False,0.4648,-0.4287,-0.5268,0.617,0.9107,0.0813,0.8914,median,-0.1152,0.8487,1.3756,Regime 2 (Subcritical),CAUTION,0.55,0.0951,0.0198,0.6376,-0.1347,-0.1347,False,False,
LIN,Linde plc,Materials,2019-Q2,2019-06-30,usd,1.25,2.0784,180.84593200683594,1409.699951171875,42.75,3.72,29.54,2.68,97.76,19.67,0.0805,0.2957,0.2042,24.6,0.192,False,0.4929,-0.4151,-0.4949,0.64,1.041,0.0206,0.97,median,-0.0982,0.8786,1.3736,Regime 2 (Subcritical),CAUTION,0.55,0.055,0.06,0.4793,-0.2509,-0.2509,True,True,
LIN,Linde plc,Materials,2019-Q3,2019-09-30,usd,1.25,2.0784,175.2867889404297,1465.699951171875,42.1,3.58,28.46,4.0,94.16,19.53,0.1249,0.2863,0.2214,26.8,0.174,False,0.4827,-1.0723,-1.1453,0.137,1.2042,-0.001,1.0,median,-0.0933,0.1811,1.3264,Regime 2 (Subcritical),CAUTION,0.55,-0.0791,0.2419,0.5949,-0.2187,-0.2187,True,True,
LIN,Linde plc,Materials,2019-Q4,2019-12-31,usd,1.25,2.0784,193.46263122558594,1519.5,43.16,3.58,29.06,2.62,103.38,19.6,0.0803,0.2765,0.2061,24.6,0.1642,False,0.5072,0.4908,0.41,100.0,0.9223,0.2442,0.7319,median,-0.1004,0.3058,-0.1042,Regime 3 (Parasitic),DANGER,0.95,0.0057,0.2505,0.6689,-0.2921,-0.2921,True,True,True
LIN,Linde plc,Materials,2020-Q1,2020-03-31,usd,1.25,2.0784,157.94546508789062,1583.4000244140625,41.41,3.62,27.42,2.93,82.95,18.85,0.0945,0.2659,0.2463,28.7,0.1614,False,0.4649,0.0969,0.0069,1.0,1.3633,-0.1008,1.0,median,-0.1303,-0.0313,-0.0382,Regime 2 (Subcritical),CAUTION,0.55,0.3783,0.6462,0.904,-0.0701,-0.0701,False,False,
LIN,Linde plc,Materials,2020-Q2,2020-06-30,usd,1.25,2.0784,194.56512451171875,1800.5,42.08,3.18,27.69,2.36,102.22,18.83,0.0766,0.2553,0.3035,32.9,0.1932,False,0.5152,0.1891,0.0883,100.0,1.2425,0.0122,0.982,median,-0.147,0.0445,-0.0437,Regime 3 (Parasitic),DANGER,0.789,0.2322,0.384,0.3964,0.0,0.0,False,False,False
LIN,Linde plc,Materials,2020-Q3,2020-09-30,usd,1.25,2.0784,219.25454711914062,1895.5,42.97,3.22,27.95,3.88,115.08,19.5,0.1244,0.2447,0.259,29.7,0.1996,False,0.5309,0.3102,0.2021,100.0,1.1182,0.0992,0.8705,median,-0.157,0.2006,-0.0015,Regime 3 (Parasitic),DANGER,0.91,0.1859,0.2505,0.1667,-0.0891,-0.0891,False,False,False
LIN,Linde plc,Materials,2020-Q4,2020-12-31,usd,1.25,2.0784,243.5286407470703,1895.0999755859375,44.38,3.22,28.71,3.88,127.44,20.05,0.1214,0.235,1.0917,58.4,0.1566,False,0.5476,0.3024,0.1867,9.32,1.0728,0.1158,0.852,median,-0.1626,0.2092,0.0224,Regime 3 (Parasitic),DANGER,0.852,0.1124,0.3339,0.2753,-0.0782,-0.0782,False,False,False
LIN,Linde plc,Materials,2021-Q1,2021-03-31,usd,1.25,2.0784,260.0108947753906,1713.800048828125,42.03,3.29,26.93,4.85,135.26,19.28,0.1605,0.226,0.2244,27.9,0.1723,False,0.5668,0.5944,0.4664,21.635,0.7041,0.3339,0.6663,median,-0.1624,0.489,0.0226,Regime 3 (Parasitic),DANGER,0.95,0.0752,0.1566,0.3065,-0.0227,-0.0357,False,False,False
LIN,Linde plc,Materials,2021-Q2,2021-06-30,usd,1.25,2.0784,269.271484375,1771.5999755859375,42.11,3.42,26.92,4.57,139.05,19.26,0.1506,0.2184,0.1934,25.4,0.1529,False,0.573,0.4041,0.2854,13.741,0.7098,0.2339,0.7403,median,-0.1561,0.3078,0.0224,Regime 3 (Parasitic),DANGER,0.95,0.2028,0.009,0.3574,-0.0563,-0.0689,False,False,False
LIN,Linde plc,Materials,2021-Q3,2021-09-30,usd,1.25,2.0784,274.1838684082031,1757.0,41.23,3.32,26.18,5.17,140.53,18.97,0.1752,0.2117,0.2015,26.8,0.2042,False,0.5775,0.3387,0.2275,100.0,0.7237,0.1319,0.8348,median,-0.1447,0.1998,-0.0276,Regime 3 (Parasitic),DANGER,0.889,0.0968,-0.0671,0.3069,-0.0855,-0.0855,False,False,True
LIN,Linde plc,Materials,2021-Q4,2021-12-31,usd,1.25,2.0784,324.8445739746094,1828.5999755859375,40.84,3.32,26.0,5.17,165.24,18.83,0.1763,0.2061,0.4884,37.7,0.166,False,0.6101,0.4229,0.3224,100.0,0.7604,0.1941,0.7745,median,-0.131,0.2598,-0.0626,Regime 3 (Parasitic),DANGER,0.95,-0.1697,-0.0439,0.2205,-0.2282,-0.2282,True,True,True
LIN,Linde plc,Materials,2022-Q1,2022-03-31,usd,1.25,2.0784,300.7286376953125,1949.199951171875,40.33,3.35,26.0,5.92,151.35,18.9,0.2017,0.2014,0.1804,26.1,0.1922,False,0.5921,0.2293,0.1321,100.0,0.9974,0.0986,0.8711,median,-0.1152,0.1124,-0.0197,Regime 3 (Parasitic),DANGER,0.779,-0.1493,0.1296,0.4948,-0.1663,-0.1663,False,False,False
LIN,Linde plc,Materials,2022-Q2,2022-06-30,usd,1.25,2.0784,271.69085693359375,1807.300048828125,38.31,3.23,26.0,2.36,135.4,17.48,0.0806,0.1978,0.1621,25.7,0.1406,False,0.5887,0.1597,0.0704,1.0,1.1582,-0.1299,1.0,median,-0.0989,-0.0266,-0.097,Regime 2 (Subcritical),CAUTION,0.55,0.1556,0.3454,0.5687,-0.0771,-0.0771,False,False,
LIN,Linde plc,Materials,2022-Q3,2022-09-30,usd,1.25,2.0784,255.7971954345703,1672.0,36.38,3.22,26.0,6.45,126.46,18.01,0.2208,0.1936,0.1641,28.4,0.1624,False,0.5632,0.034,-0.0536,1.0,1.1432,-0.1785,1.0,median,-0.0893,-0.1055,-0.0519,Regime 2 (Subcritical),CAUTION,0.55,0.328,0.4008,0.8261,0.0,0.0,False,False,
LIN,Linde plc,Materials,2022-Q4,2022-12-31,usd,1.25,2.0784,310.5718688964844,1826.199951171875,38.24,3.22,23.55,6.45,152.85,17.86,0.241,0.1907,0.5157,50.9,0.197,False,0.6043,0.0518,-0.0252,1.0,1.2397,-0.1436,1.0,median,-0.0779,-0.0779,-0.0527,Regime 2 (Subcritical),CAUTION,0.55,0.2059,0.308,0.3463,-0.0404,-0.0404,False,False,
LIN,Linde plc,Materials,2023-Q1,2023-03-31,usd,1.25,2.0784,339.6999206542969,1969.0,39.06,3.43,23.55,7.73,166.54,18.44,0.2866,0.1889,0.2534,37.8,0.1603,False,0.6136,0.1812,0.1201,100.0,1.1137,-0.0839,1.0,median,-0.0641,0.0956,-0.0245,Regime 3 (Parasitic),DANGER,0.781,0.0548,0.3234,0.325,-0.005,-0.005,False,False,False
LIN,Linde plc,Materials,2023-Q2,2023-06-30,usd,1.25,2.0784,365.522216796875,1929.4000244140625,38.97,3.47,23.55,8.04,178.36,18.51,0.2977,0.1887,0.2498,38.0,0.1605,False,0.6249,0.2647,0.2182,4.803,0.908,0.0933,0.8772,median,-0.0473,0.2755,0.0574,Regime 3 (Parasitic),DANGER,0.765,0.0847,0.166,0.2479,-0.0435,-0.0435,False,False,False
LIN,Linde plc,Materials,2023-Q3,2023-09-30,usd,1.25,2.0784,358.32904052734375,1866.0999755859375,38.05,3.38,23.55,8.21,173.75,18.29,0.3049,0.1897,0.2676,41.0,0.175,False,0.6221,0.3235,0.3021,20.432,0.9333,0.0803,0.8925,median,-0.0203,0.3177,0.0155,Regime 3 (Parasitic),DANGER,0.874,0.2618,0.3111,0.3195,-0.0157,-0.0157,False,False,False
LIN,Linde plc,Materials,2023-Q4,2023-12-31,usd,1.25,2.0784,396.4662780761719,2071.800048828125,39.15,3.38,24.55,8.21,190.93,18.82,0.2939,0.1918,0.359,44.4,0.1826,False,0.6334,0.1643,0.1702,4.261,0.9132,0.0303,0.9566,median,0.006,0.2224,0.0522,Regime 3 (Parasitic),DANGER,0.664,0.078,0.0322,0.0729,-0.0219,-0.0248,False,False,False
LIN,Linde plc,Materials,2024-Q1,2024-03-31,usd,1.25,2.0784,449.5423889160156,2217.39990234375,38.29,3.59,24.55,8.38,216.08,18.7,0.2978,0.1946,0.2909,42.9,0.2116,False,0.6535,0.2164,0.2464,18.497,0.8807,0.0926,0.878,median,0.0294,0.2604,0.0141,Regime 3 (Parasitic),DANGER,0.766,0.0411,0.0175,0.0979,-0.1007,-0.1406,False,False,False
LIN,Linde plc,Materials,2024-Q2,2024-06-30,usd,1.25,2.0784,426.20831298828125,2339.60009765625,38.22,3.5,24.55,8.74,203.52,18.75,0.3114,0.1979,0.2805,42.2,0.221,False,0.6439,0.0699,0.1188,10.055,0.9883,0.0797,0.8932,median,0.0474,0.132,0.0131,Regime 2 (Subcritical),CAUTION,0.55,-0.008,0.1075,0.2415,-0.0316,-0.0745,False,False,
LIN,Linde plc,Materials,2024-Q3,2024-09-30,usd,1.25,2.0784,464.52764892578125,2659.39990234375,39.22,3.44,24.55,8.34,221.19,18.89,0.2981,0.2017,0.2737,40.5,0.2317,False,0.6557,0.1494,0.2094,7.549,1.0605,0.2344,0.7399,median,0.0611,0.2414,0.032,Regime 3 (Parasitic),DANGER,0.699,-0.0173,0.0089,0.0023,-0.1315,-0.1699,False,False,False
LIN,Linde plc,Materials,2024-Q4,2024-12-31,usd,1.25,2.0784,409.0795593261719,2641.0,37.27,3.44,24.77,8.34,193.46,18.46,0.2957,0.2057,0.3894,49.4,0.1919,False,0.6384,-0.0411,0.0327,100.0,1.0338,0.0849,0.887,median,0.0701,0.0132,-0.0196,Regime 2 (Subcritical),CAUTION,0.55,0.1462,0.0322,0.1382,-0.0574,-0.0574,False,False,
LIN,Linde plc,Materials,2025-Q1,2025-03-31,usd,1.25,2.0784,456.4913330078125,3122.800048828125,38.07,3.3,24.77,8.74,215.14,18.72,0.3112,0.2099,0.333,47.7,0.2229,False,0.6527,-0.0828,-0.0052,-5.364,1.3186,0.0475,0.9335,median,0.0759,-0.0044,0.0008,Regime 2 (Subcritical),CAUTION,0.55,0.0298,0.079,0.0199,-0.1553,-0.1553,False,False,
LIN,Linde plc,Materials,2025-Q2,2025-06-30,usd,1.25,2.0784,461.4286804199219,3307.699951171875,39.89,3.63,24.77,9.42,216.37,19.43,0.3315,0.2143,0.3359,48.4,0.2096,False,0.6479,-0.0556,0.0258,1.726,1.2442,0.0613,0.9158,median,0.0797,0.0612,0.0355,Regime 2 (Subcritical),CAUTION,0.55,-0.0846,0.1209,0.009,-0.1644,-0.1644,False,False,
LIN,Linde plc,Materials,2025-Q3,2025-09-30,usd,1.25,2.0784,468.642578125,3873.199951171875,39.76,3.73,24.77,9.47,218.83,19.43,0.3321,0.219,0.3283,48.1,0.1827,False,0.6495,-0.1225,-0.0391,-0.377,1.2548,0.0277,0.9601,median,0.0822,-0.0107,0.0284,Regime 2 (Subcritical),CAUTION,0.55,0.0511,-0.0065,-0.0065,-0.1772,-0.1772,False,False,
LIN,Linde plc,Materials,2025-Q4,2025-12-31,usd,1.25,2.0784,422.2325134277344,4341.10009765625,39.8,3.73,28.26,9.47,195.66,20.31,0.2959,0.2239,0.3316,44.0,0.1735,False,0.6238,-0.1704,-0.0846,0.118,1.4123,0.0216,0.9685,median,0.0845,0.0113,0.0959,Regime 2 (Subcritical),CAUTION,0.55,0.2595,0.1027,0.1027,0.0,0.0,False,False,
LIN,Linde plc,Materials,2026-Q1,2026-03-31,usd,1.25,2.0784,492.5751037597656,4647.60009765625,39.55,3.72,28.26,9.76,227.87,20.32,0.305,0.2285,0.3099,46.1,0.1785,False,0.6486,-0.1123,-0.0248,0.698,1.2793,0.0296,0.9575,median,0.0851,0.0575,0.0823,Regime 2 (Subcritical),CAUTION,0.55,-0.0548,-0.0548,-0.0548,-0.0712,-0.0712,False,False,
LIN,Linde plc,Materials,2026-Q2,2026-06-30,usd,1.25,2.0784,517.2366333007812,4038.5,39.49,3.71,28.26,10.22,238.44,20.42,0.3195,0.2331,0.29,44.6,0.1992,False,0.6546,-0.0399,0.0474,1.953,1.0102,0.0203,0.9705,median,0.084,0.0971,0.0497,Regime 2 (Subcritical),CAUTION,0.55,-0.0998,-0.0998,-0.0998,-0.1155,-0.1155,False,False,
APD,"Air Products and Chemicals, Inc.",Materials,2017-Q1,2017-03-31,usd,1.25,2.0784,107.96316528320312,1247.300048828125,1.2,0.77,8.2,2.31,23.51,3.12,0.257,0.3116,0.0062,-21.7,0.3259,False,0.587,0.0705,0.0842,1.0,0.8662,-0.0342,1.0,median,0.0161,-0.064,-0.1482,Regime 2 (Subcritical),CAUTION,0.55,0.1251,0.2059,0.4871,-0.0073,-0.0073,False,False,
APD,"Air Products and Chemicals, Inc.",Materials,2017-Q2,2017-06-30,usd,1.25,2.0784,114.91748046875,1240.699951171875,1.07,0.8,8.32,2.54,25.05,3.18,0.279,0.3046,0.0058,-28.9,0.277,False,0.5951,0.1395,0.1341,1.0,0.84,-0.0019,1.0,median,-0.0064,-0.0027,-0.1367,Regime 2 (Subcritical),CAUTION,0.55,0.1608,0.1173,0.6648,-0.0065,-0.0065,False,False,
APD,"Air Products and Chemicals, Inc.",Materials,2017-Q3,2017-09-30,usd,1.25,2.0784,121.47222900390625,1281.5,1.09,0.8,8.44,2.63,26.52,3.24,0.2849,0.2999,0.0057,-45.6,0.3423,False,0.6021,0.2791,0.2425,100.0,0.8398,0.0145,0.9786,median,-0.0434,0.1141,-0.1284,Regime 3 (Parasitic),DANGER,0.829,0.0649,0.1339,0.5417,0.0,0.0,False,False,False
APD,"Air Products and Chemicals, Inc.",Materials,2017-Q4,2017-12-31,usd,1.25,2.0784,133.39410400390625,1306.300048828125,1.22,0.82,8.63,2.58,29.21,3.31,0.2727,0.2967,0.0056,-22.5,0.2997,False,0.6149,0.1383,0.0804,1.968,0.9512,0.134,0.8327,median,-0.068,0.1635,0.0831,Regime 2 (Subcritical),CAUTION,0.55,-0.0458,-0.0061,0.4911,-0.0816,-0.0816,False,False,
APD,"Air Products and Chemicals, Inc.",Materials,2018-Q1,2018-03-31,usd,1.25,2.0784,130.1938934326172,1322.800048828125,1.26,0.84,8.82,2.6,28.54,3.38,0.269,0.294,0.0059,-20.4,0.2999,False,0.6076,0.1659,0.1146,2.443,0.9488,0.0628,0.9139,median,-0.0582,0.194,0.0794,Regime 2 (Subcritical),CAUTION,0.55,0.0817,0.2527,0.3759,-0.0358,-0.0358,False,False,
APD,"Air Products and Chemicals, Inc.",Materials,2018-Q2,2018-06-30,usd,1.25,2.0784,128.39747619628906,1251.300048828125,1.24,0.81,9.9,2.85,28.15,3.7,0.2664,0.2915,0.0058,-47.7,0.2901,False,0.5902,0.0044,-0.0351,0.769,0.8991,0.0421,0.9406,median,-0.0442,0.1169,0.152,Regime 2 (Subcritical),CAUTION,0.55,0.0403,0.4923,0.5995,-0.036,-0.036,False,False,
APD,"Air Products and Chemicals, Inc.",Materials,2018-Q3,2018-09-30,usd,1.25,2.0784,138.6356201171875,1191.5,1.23,0.81,9.92,2.93,30.43,3.72,0.2731,0.2891,0.0057,-38.9,0.3067,False,0.6031,0.0312,-0.002,0.985,0.8039,0.1073,0.8613,median,-0.0365,0.1375,0.1395,Regime 2 (Subcritical),CAUTION,0.55,0.1418,0.3405,0.8062,-0.1211,-0.1211,False,False,
APD,"Air Products and Chemicals, Inc.",Materials,2018-Q4,2018-12-31,usd,1.25,2.0784,133.7417449951172,1278.300048828125,1.2,0.82,9.96,2.6,29.37,3.64,0.2416,0.2872,0.0059,-26.9,0.2979,False,0.602,-0.0609,-0.0894,0.06,1.0437,-0.0618,1.0,median,-0.0325,0.0058,0.0952,Regime 2 (Subcritical),CAUTION,0.55,0.446,0.5002,0.7599,-0.0339,-0.0339,False,False,
APD,"Air Products and Chemicals, Inc.",Materials,2019-Q1,2019-03-31,usd,1.25,2.0784,160.55026245117188,1293.0,1.23,0.83,10.19,2.85,35.34,3.78,0.2588,0.2848,0.006,-15.9,0.2944,False,0.6267,0.1293,0.1024,1.918,0.9107,0.0813,0.8914,median,-0.0317,0.2139,0.1115,Regime 2 (Subcritical),CAUTION,0.55,0.1604,0.0953,0.5316,-0.0628,-0.0628,False,False,
APD,"Air Products and Chemicals, Inc.",Materials,2019-Q2,2019-06-30,usd,1.25,2.0784,191.31422424316406,1409.699951171875,1.26,0.83,10.43,3.03,42.16,3.89,0.2694,0.2826,0.006,-15.6,0.2935,False,0.649,0.3805,0.3554,8.353,1.041,0.0206,0.97,median,-0.0309,0.4037,0.0483,Regime 3 (Parasitic),DANGER,0.931,0.0346,0.0604,0.3076,-0.2197,-0.2197,True,True,True
APD,"Air Products and Chemicals, Inc.",Materials,2019-Q3,2019-09-30,usd,1.25,2.0784,188.49172973632812,1465.699951171875,1.22,0.83,10.34,3.17,41.55,3.89,0.2839,0.2808,0.0057,-26.4,0.2738,False,0.6466,0.2914,0.2684,7.264,1.2042,-0.001,1.0,median,-0.0293,0.3113,0.0429,Regime 3 (Parasitic),DANGER,0.891,-0.0645,0.3474,0.2173,-0.1995,-0.1995,False,False,False
APD,"Air Products and Chemicals, Inc.",Materials,2019-Q4,2019-12-31,usd,1.25,2.0784,200.635986328125,1519.5,1.23,0.88,10.69,3.07,44.28,3.97,0.2656,0.2796,0.006,-23.3,0.2678,False,0.6532,0.3469,0.3253,4.823,0.9223,0.2442,0.7319,median,-0.0269,0.4103,0.0851,Regime 3 (Parasitic),DANGER,0.847,0.0401,0.1731,0.3433,-0.2479,-0.2479,True,True,True
APD,"Air Products and Chemicals, Inc.",Materials,2020-Q1,2020-03-31,usd,1.25,2.0784,171.54127502441406,1583.4000244140625,1.16,0.88,10.62,3.02,37.89,3.92,0.2629,0.2785,0.006,-20.5,0.2585,False,0.6318,0.0466,0.0311,1.809,1.3633,-0.1008,1.0,median,-0.0224,0.0695,0.0384,Regime 2 (Subcritical),CAUTION,0.55,0.4805,0.4386,0.3068,-0.0652,-0.0652,False,False,
APD,"Air Products and Chemicals, Inc.",Materials,2020-Q2,2020-06-30,usd,1.25,2.0784,208.6783447265625,1800.5,1.18,0.79,11.47,2.88,46.1,4.08,0.2351,0.2774,0.0082,-23.1,0.3926,False,0.6563,0.0536,0.041,1.848,1.2425,0.0122,0.982,median,-0.0184,0.0893,0.0483,Regime 2 (Subcritical),CAUTION,0.55,0.118,0.2156,0.0406,0.0,-0.0678,False,False,
APD,"Air Products and Chemicals, Inc.",Materials,2020-Q3,2020-09-30,usd,1.25,2.0784,258.60040283203125,1895.5,1.33,0.79,11.96,3.01,57.16,4.27,0.2364,0.276,0.0074,-36.3,0.3785,False,0.6777,0.2363,0.2243,3.371,1.1182,0.0992,0.8705,median,-0.0174,0.319,0.0946,Regime 2 (Subcritical),CAUTION,0.55,-0.0457,-0.1217,-0.1816,-0.1459,-0.2477,False,True,
APD,"Air Products and Chemicals, Inc.",Materials,2020-Q4,2020-12-31,usd,1.25,2.0784,238.38644409179688,1895.0999755859375,1.38,0.9,12.52,2.16,52.75,4.24,0.1607,0.2743,0.0075,-31.5,0.3733,False,0.6702,0.123,0.1093,2.659,1.0728,0.1158,0.852,median,-0.0193,0.1751,0.0658,Regime 2 (Subcritical),CAUTION,0.55,0.0682,0.1375,0.1821,-0.0735,-0.1839,False,False,
APD,"Air Products and Chemicals, Inc.",Materials,2021-Q1,2021-03-31,usd,1.25,2.0784,246.78103637695312,1713.800048828125,1.36,0.93,12.63,2.19,54.62,4.28,0.1619,0.2713,0.0072,-33.6,0.3705,False,0.6733,0.3,0.2794,4.233,0.7041,0.3339,0.6663,median,-0.0262,0.3658,0.0864,Regime 3 (Parasitic),DANGER,0.8,-0.0702,-0.0916,0.0706,-0.2117,-0.2117,True,True,True
APD,"Air Products and Chemicals, Inc.",Materials,2021-Q2,2021-06-30,usd,1.25,2.0784,253.6620635986328,1771.5999755859375,1.38,0.95,13.04,2.31,56.15,4.42,0.1651,0.2675,0.0069,-34.9,0.3487,False,0.6728,0.1456,0.118,2.486,0.7098,0.2339,0.7403,median,-0.0364,0.1973,0.0794,Regime 2 (Subcritical),CAUTION,0.55,0.0678,-0.1439,0.0927,-0.2331,-0.2331,True,True,
APD,"Air Products and Chemicals, Inc.",Materials,2021-Q3,2021-09-30,usd,1.25,2.0784,227.1344451904297,1757.0,1.33,0.95,13.25,2.31,50.29,4.46,0.1626,0.2632,0.0096,-60.0,0.3188,False,0.6578,-0.1346,-0.1708,-2.991,0.7237,0.1319,0.8348,median,-0.0472,-0.128,0.0428,Regime 2 (Subcritical),CAUTION,0.55,-0.0131,-0.0682,0.1617,-0.1435,-0.1435,False,False,
APD,"Air Products and Chemicals, Inc.",Materials,2021-Q4,2021-12-31,usd,1.25,2.0784,271.1753845214844,1828.5999755859375,1.34,1.02,13.62,2.09,60.12,4.52,0.1428,0.2586,0.0062,-23.2,0.2678,False,0.6787,0.1114,0.0664,2.031,0.7604,0.1941,0.7745,median,-0.0586,0.1309,0.0644,Regime 2 (Subcritical),CAUTION,0.55,-0.1916,0.0391,-0.0539,-0.2826,-0.2826,True,True,
APD,"Air Products and Chemicals, Inc.",Materials,2022-Q1,2022-03-31,usd,1.25,2.0784,224.1698455810547,1949.199951171875,1.33,1.0,14.1,2.25,49.71,4.67,0.1489,0.2536,0.0064,-27.0,0.2691,False,0.6507,-0.1248,-0.1816,-1.074,0.9974,0.0986,0.8711,median,-0.0674,-0.094,0.0876,Regime 2 (Subcritical),CAUTION,0.55,-0.0664,0.1786,0.0201,-0.1058,-0.1058,False,False,
APD,"Air Products and Chemicals, Inc.",Materials,2022-Q2,2022-06-30,usd,1.25,2.0784,217.1580047607422,1807.300048828125,1.24,0.97,14.13,2.51,48.17,4.71,0.1662,0.2484,0.0059,-28.5,0.2738,False,0.6447,-0.1516,-0.2184,-2.361,1.1582,-0.1299,1.0,median,-0.0739,-0.1534,0.065,Regime 2 (Subcritical),CAUTION,0.55,0.3041,0.2764,0.1217,-0.0769,-0.0769,False,False,
APD,"Air Products and Chemicals, Inc.",Materials,2022-Q3,2022-09-30,usd,1.25,2.0784,211.6389923095703,1672.0,1.17,0.97,14.16,2.51,46.95,4.7,0.1659,0.2434,0.0089,-73.3,0.2595,False,0.6417,-0.0446,-0.1214,-1.302,1.1432,-0.1785,1.0,median,-0.0782,-0.0687,0.0527,Regime 2 (Subcritical),CAUTION,0.55,0.2484,0.2468,0.3489,-0.0147,-0.0464,False,False,
APD,"Air Products and Chemicals, Inc.",Materials,2022-Q4,2022-12-31,usd,1.25,2.0784,281.7900695800781,1826.199951171875,1.24,1.04,15.04,2.61,62.58,4.98,0.1622,0.2386,0.0061,-24.5,0.2622,False,0.6721,0.0229,-0.0568,0.414,1.2397,-0.1436,1.0,median,-0.0807,0.04,0.0968,Regime 2 (Subcritical),CAUTION,0.55,-0.0109,-0.0845,-0.0151,-0.1546,-0.2798,False,True,
APD,"Air Products and Chemicals, Inc.",Materials,2023-Q1,2023-03-31,usd,1.25,2.0784,264.20050048828125,1969.0,1.25,1.11,15.7,1.84,58.68,4.98,0.1094,0.2339,0.0063,-24.8,0.2234,False,0.6659,0.1793,0.1024,2.612,1.1137,-0.0839,1.0,median,-0.0808,0.1659,0.0635,Regime 2 (Subcritical),CAUTION,0.55,-0.0013,-0.1344,0.0642,-0.2361,-0.2361,True,True,
APD,"Air Products and Chemicals, Inc.",Materials,2023-Q2,2023-06-30,usd,1.25,2.0784,277.1792297363281,1929.4000244140625,1.25,1.07,16.51,2.58,61.58,5.35,0.1465,0.2289,0.007,-47.5,0.2197,False,0.6619,0.199,0.1183,1.929,0.908,0.0933,0.8772,median,-0.0821,0.2456,0.1274,Regime 2 (Subcritical),CAUTION,0.55,-0.0744,-0.1212,-0.0141,-0.2719,-0.2719,True,True,
APD,"Air Products and Chemicals, Inc.",Materials,2023-Q3,2023-09-30,usd,1.25,2.0784,263.8624572753906,1866.0999755859375,1.2,1.07,17.47,2.58,58.63,5.58,0.139,0.2239,0.0102,-74.1,0.2258,False,0.6507,0.139,0.0511,1.298,0.9333,0.0803,0.8925,median,-0.0835,0.2222,0.1711,Regime 2 (Subcritical),CAUTION,0.55,-0.1199,0.0986,0.0139,-0.2233,-0.2233,True,True,
APD,"Air Products and Chemicals, Inc.",Materials,2023-Q4,2023-12-31,usd,1.25,2.0784,256.56146240234375,2071.800048828125,1.24,1.06,18.94,2.67,57.03,5.97,0.1334,0.2191,0.0078,-36.2,0.2214,False,0.6382,-0.1906,-0.2748,-0.51,0.9132,0.0303,0.9566,median,-0.0852,-0.0928,0.182,Regime 2 (Subcritical),CAUTION,0.55,-0.0495,0.0771,-0.048,-0.2124,-0.2124,True,True,
APD,"Air Products and Chemicals, Inc.",Materials,2024-Q1,2024-03-31,usd,1.25,2.0784,228.68165588378906,2217.39990234375,1.2,1.06,20.0,2.55,50.84,6.2,0.121,0.2144,0.0084,-41.1,0.2429,False,0.6176,-0.2751,-0.3642,-0.651,0.8807,0.0926,0.878,median,-0.0874,-0.1436,0.2206,Regime 2 (Subcritical),CAUTION,0.55,0.2424,0.2348,0.2486,-0.0643,-0.0643,False,False,
APD,"Air Products and Chemicals, Inc.",Materials,2024-Q2,2024-06-30,usd,1.25,2.0784,243.57656860351562,2339.60009765625,1.19,1.05,21.48,2.95,54.15,6.67,0.1309,0.2096,0.0085,-57.5,0.2385,False,0.6163,-0.2573,-0.3481,-0.585,0.9883,0.0797,0.8932,median,-0.088,-0.1285,0.2196,Regime 2 (Subcritical),CAUTION,0.55,0.1909,0.1613,0.2395,0.0,-0.0375,False,False,
APD,"Air Products and Chemicals, Inc.",Materials,2024-Q3,2024-09-30,usd,1.25,2.0784,282.98150634765625,2659.39990234375,1.22,1.05,23.37,2.95,62.93,7.15,0.1208,0.205,0.011,-55.8,0.2401,False,0.6292,-0.09,-0.1769,0.286,1.0605,0.2344,0.7399,median,-0.0886,0.0707,0.2476,Regime 2 (Subcritical),CAUTION,0.55,0.0026,-0.0613,0.0175,-0.1497,-0.2005,False,True,
APD,"Air Products and Chemicals, Inc.",Materials,2024-Q4,2024-12-31,usd,1.25,2.0784,277.3117370605469,2641.0,1.15,1.06,24.73,2.57,61.7,7.38,0.0998,0.2004,0.0093,-47.2,0.2199,False,0.6241,-0.0385,-0.1326,0.372,1.0338,0.0849,0.887,median,-0.0893,0.0786,0.2112,Regime 2 (Subcritical),CAUTION,0.55,0.0027,-0.1266,0.0383,-0.1841,-0.1841,False,False,
APD,"Air Products and Chemicals, Inc.",Materials,2025-Q1,2025-03-31,usd,1.25,2.0784,283.7089538574219,3122.800048828125,1.17,0.98,24.03,3.5,63.14,7.42,0.1399,0.1957,0.0091,-60.2,-1.4366,True,0.6237,0.1308,0.0376,1.21,1.3186,0.0475,0.9335,median,-0.0911,0.2167,0.1791,Regime 2 (Subcritical),CAUTION,0.55,-0.0714,0.0112,0.0148,-0.2025,-0.2025,True,True,
APD,"Air Products and Chemicals, Inc.",Materials,2025-Q2,2025-06-30,usd,1.25,2.0784,272.99468994140625,3307.699951171875,1.27,0.99,25.64,3.16,60.76,7.77,0.1188,0.1914,0.0094,-56.3,0.2308,False,0.6134,0.0556,-0.0373,0.755,1.2442,0.0613,0.9158,median,-0.0909,0.1151,0.1524,Regime 2 (Subcritical),CAUTION,0.55,-0.1098,0.0673,0.0547,-0.1712,-0.1712,False,False,
APD,"Air Products and Chemicals, Inc.",Materials,2025-Q3,2025-09-30,usd,1.25,2.0784,265.64068603515625,3873.199951171875,1.26,0.99,25.34,3.16,59.13,7.69,0.1201,0.1872,0.0107,-65.3,0.2103,False,0.6108,-0.0429,-0.135,-0.856,1.2548,0.0277,0.9601,median,-0.0908,-0.0623,0.0727,Regime 2 (Subcritical),CAUTION,0.55,0.08,0.0839,0.0839,-0.1483,-0.1483,False,False,
APD,"Air Products and Chemicals, Inc.",Materials,2025-Q4,2025-12-31,usd,1.25,2.0784,242.19747924804688,4341.10009765625,1.27,1.0,26.14,2.94,53.93,7.84,0.1083,0.1831,0.0091,-41.6,0.1822,False,0.5964,-0.103,-0.1946,-2.243,1.4123,0.0216,0.9685,median,-0.0902,-0.1346,0.06,Regime 2 (Subcritical),CAUTION,0.55,0.2651,0.1888,0.1888,0.0,0.0,False,False,
APD,"Air Products and Chemicals, Inc.",Materials,2026-Q1,2026-03-31,usd,1.25,2.0784,286.89776611328125,4647.60009765625,1.24,1.0,26.69,3.01,63.89,7.99,0.1087,0.1791,0.009,-31.5,0.1789,False,0.6178,0.0296,-0.0616,0.161,1.2793,0.0296,0.9575,median,-0.0886,0.0118,0.0734,Regime 2 (Subcritical),CAUTION,0.55,0.0036,0.0036,0.0036,-0.06,-0.06,False,False,
APD,"Air Products and Chemicals, Inc.",Materials,2026-Q2,2026-06-30,usd,1.25,2.0784,291.3699951171875,4038.5,1.24,0.96,25.0,3.79,64.88,7.75,0.1461,0.1752,0.0088,-65.0,-1.1841,True,0.6211,0.16,0.0681,100.0,1.0102,0.0203,0.9705,median,-0.0884,0.0657,-0.0024,Regime 3 (Parasitic),DANGER,0.81,-0.0118,-0.0118,-0.0118,-0.0409,-0.0409,False,False,True
SHW,The Sherwin-Williams Company,Materials,2017-Q1,2017-03-31,usd,1.25,2.0784,94.92737579345703,1247.300048828125,1.38,4.06,1.06,5.37,26.52,2.97,1.0477,1.1254,0.0806,46.5,0.2534,False,0.6076,-0.0797,0.0846,3.66,0.8662,-0.0342,1.0,median,0.122,0.1165,0.0318,Regime 2 (Subcritical),CAUTION,0.55,0.1601,0.2761,0.4142,-0.0059,-0.0059,False,False,
SHW,The Sherwin-Williams Company,Materials,2017-Q2,2017-06-30,usd,1.25,2.0784,107.67594146728516,1240.699951171875,13.18,4.58,1.89,6.95,30.17,6.65,1.0736,1.1194,0.233,61.4,0.1248,False,0.4428,-0.5893,-0.4505,0.355,0.84,-0.0019,1.0,median,0.1166,0.2485,0.699,Regime 1 (Virtuous),HEALTHY,0.949,0.1739,0.172,0.3301,-0.0603,-0.0603,False,False,True
SHW,The Sherwin-Williams Company,Materials,2017-Q3,2017-09-30,usd,1.25,2.0784,110.12957763671875,1281.5,13.39,5.22,1.9,7.61,30.9,7.03,1.0686,1.1137,0.1409,44.7,0.0854,False,0.4303,-0.5118,-0.4761,0.366,0.8398,0.0145,0.9786,median,0.0289,0.2753,0.7514,Regime 1 (Virtuous),HEALTHY,0.95,0.0957,0.2774,0.5577,0.0,0.0,False,False,True
SHW,The Sherwin-Williams Company,Materials,2017-Q4,2017-12-31,usd,1.25,2.0784,126.402587890625,1306.300048828125,12.82,5.22,1.88,7.19,35.6,6.78,1.0131,1.1085,0.167,48.6,0.0578,False,0.4805,-0.3345,-0.3515,0.557,0.9512,0.134,0.8327,median,-0.0136,0.4418,0.7934,Regime 2 (Subcritical),CAUTION,0.55,-0.0105,-0.0408,0.4358,-0.1096,-0.1096,False,False,
SHW,The Sherwin-Williams Company,Materials,2018-Q1,2018-03-31,usd,1.25,2.0784,121.13961029052734,1322.800048828125,12.78,4.86,1.84,6.75,34.0,6.56,1.0073,1.1015,0.1921,54.6,0.0113,False,0.4788,-0.5157,-0.5432,0.314,0.9488,0.0628,0.9139,median,-0.0215,0.2483,0.7915,Regime 2 (Subcritical),CAUTION,0.55,0.1971,0.1379,0.2849,-0.0375,-0.0375,False,False,
SHW,The Sherwin-Williams Company,Materials,2018-Q2,2018-06-30,usd,1.25,2.0784,126.19745635986328,1251.300048828125,12.46,5.23,1.78,8.15,35.35,6.91,1.1636,1.0941,0.1283,44.4,0.131,False,0.472,0.1513,0.1208,4.213,0.8991,0.0421,0.9406,median,-0.0229,0.1584,0.0376,Regime 2 (Subcritical),CAUTION,0.55,-0.0384,0.1371,0.4172,-0.0984,-0.0984,False,False,
SHW,The Sherwin-Williams Company,Materials,2018-Q3,2018-09-30,usd,1.25,2.0784,141.22531127929688,1191.5,12.25,5.09,1.77,8.04,39.67,6.79,1.1725,1.0918,0.1146,39.7,0.1385,False,0.5086,0.3116,0.2847,100.0,0.8039,0.1073,0.8613,median,-0.0199,0.2499,-0.0348,Regime 3 (Parasitic),DANGER,0.862,-0.0531,0.2147,0.5727,-0.1991,-0.1991,False,False,False
SHW,The Sherwin-Williams Company,Materials,2018-Q4,2018-12-31,usd,1.25,2.0784,122.3214111328125,1278.300048828125,12.16,5.09,1.78,6.73,34.17,6.44,0.9799,1.0926,0.1479,45.9,0.0262,False,0.4832,0.029,0.0103,1.0,1.0437,-0.0618,1.0,median,-0.0144,-0.041,-0.0513,Regime 2 (Subcritical),CAUTION,0.55,0.1785,0.497,0.8818,-0.0332,-0.0332,False,False,
SHW,The Sherwin-Williams Company,Materials,2019-Q1,2019-03-31,usd,1.25,2.0784,134.2468719482422,1293.0,12.08,4.98,1.76,6.94,37.18,6.44,1.0299,1.0903,0.2017,56.8,0.0528,False,0.5061,0.1201,0.1072,100.0,0.9107,0.0813,0.8914,median,-0.0103,0.0895,-0.0177,Regime 3 (Parasitic),DANGER,0.67,0.2621,0.1223,0.7533,-0.076,-0.076,False,False,False
SHW,The Sherwin-Williams Company,Materials,2019-Q2,2019-06-30,usd,1.25,2.0784,143.21881103515625,1409.699951171875,12.01,5.33,1.77,8.73,39.64,6.96,1.2292,1.0873,0.1306,43.9,0.057,False,0.5006,0.1144,0.1068,15.112,1.041,0.0206,0.97,median,-0.0062,0.1144,0.0076,Regime 2 (Subcritical),CAUTION,0.55,0.2662,0.2381,0.805,-0.1343,-0.1343,False,False,
SHW,The Sherwin-Williams Company,Materials,2019-Q3,2019-09-30,usd,1.25,2.0784,172.21591186523438,1465.699951171875,11.85,5.38,1.8,8.9,47.69,6.98,1.24,1.0883,0.1158,39.5,0.1361,False,0.5473,0.1597,0.1561,6.54,1.2042,-0.001,1.0,median,-0.0032,0.1842,0.0282,Regime 2 (Subcritical),CAUTION,0.55,-0.1198,0.2948,0.5663,-0.2753,-0.2753,True,True,
SHW,The Sherwin-Williams Company,Materials,2019-Q4,2019-12-31,usd,1.25,2.0784,183.11199951171875,1519.5,11.74,5.38,1.84,7.58,50.62,6.63,1.0499,1.092,0.1596,46.8,-0.0069,True,0.5733,0.364,0.3634,13.288,0.9223,0.2442,0.7319,median,-0.0005,0.393,0.0296,Regime 3 (Parasitic),DANGER,0.95,-0.0049,0.2571,0.8315,-0.3184,-0.3184,True,True,True
SHW,The Sherwin-Williams Company,Materials,2020-Q1,2020-03-31,usd,1.25,2.0784,144.5638885498047,1583.4000244140625,11.54,5.23,1.83,7.56,39.38,6.54,1.0707,1.0939,0.1708,50.3,0.0915,False,0.5151,0.0387,0.0421,3.732,1.3633,-0.1008,1.0,median,0.0033,0.0575,0.0154,Regime 2 (Subcritical),CAUTION,0.55,0.5424,0.6201,0.6567,-0.0859,-0.0859,False,False,
SHW,The Sherwin-Williams Company,Materials,2020-Q2,2020-06-30,usd,1.25,2.0784,182.2227020263672,1800.5,11.51,5.17,1.8,8.84,49.75,6.83,1.2688,1.0948,0.1425,46.8,0.1479,False,0.5626,0.239,0.246,100.0,1.2425,0.0122,0.982,median,0.0068,0.2271,-0.0189,Regime 3 (Parasitic),DANGER,0.839,0.2692,0.4262,0.1817,-0.0031,-0.0031,False,False,False
SHW,The Sherwin-Williams Company,Materials,2020-Q3,2020-09-30,usd,1.25,2.0784,220.15769958496094,1895.5,11.5,5.63,1.78,9.82,59.97,7.18,1.3259,1.0983,0.0852,30.6,0.1766,False,0.5923,0.1912,0.2007,8.077,1.1182,0.0992,0.8705,median,0.0091,0.2291,0.0284,Regime 3 (Parasitic),DANGER,0.791,0.0638,0.2142,-0.1035,-0.0493,-0.1035,False,False,False
SHW,The Sherwin-Williams Company,Materials,2020-Q4,2020-12-31,usd,1.25,2.0784,232.64727783203125,1895.0999755859375,11.52,5.63,1.83,8.51,62.54,6.87,1.1411,1.1045,0.101,32.5,-0.0351,True,0.6094,0.1635,0.1757,5.914,1.0728,0.1158,0.852,median,0.0113,0.2114,0.0357,Regime 3 (Parasitic),DANGER,0.814,0.1289,0.449,-0.0142,-0.1003,-0.1663,False,False,False
SHW,The Sherwin-Williams Company,Materials,2021-Q1,2021-03-31,usd,1.25,2.0784,234.20265197753906,1713.800048828125,11.22,5.3,1.78,8.45,62.27,6.69,1.1925,1.1096,0.1024,34.1,0.124,False,0.614,0.4191,0.436,20.534,0.7041,0.3339,0.6663,median,0.0143,0.4583,0.0223,Regime 3 (Parasitic),DANGER,0.95,0.1517,0.0226,-0.07,-0.0431,-0.1718,False,False,False
SHW,The Sherwin-Williams Company,Materials,2021-Q2,2021-06-30,usd,1.25,2.0784,259.888916015625,1771.5999755859375,11.18,5.75,1.81,9.65,68.43,7.1,1.2763,1.1146,0.0587,22.5,0.0779,False,0.6203,0.2594,0.2802,8.247,0.7098,0.2339,0.7403,median,0.018,0.3188,0.0387,Regime 3 (Parasitic),DANGER,0.809,0.2941,-0.1715,-0.0074,-0.1898,-0.2536,False,True,True
SHW,The Sherwin-Williams Company,Materials,2021-Q3,2021-09-30,usd,1.25,2.0784,267.3216247558594,1757.0,11.07,5.48,1.83,8.56,70.09,6.73,1.1719,1.1207,0.0551,20.0,0.1053,False,0.6339,0.1977,0.2209,100.0,0.7237,0.1319,0.8348,median,0.0201,0.1559,-0.0649,Regime 3 (Parasitic),DANGER,0.748,-0.1041,-0.2617,-0.071,-0.2617,-0.2744,True,True,True
SHW,The Sherwin-Williams Company,Materials,2021-Q4,2021-12-31,usd,1.25,2.0784,337.0951843261719,1828.5999755859375,11.14,5.48,1.87,7.52,88.02,6.5,1.024,1.1259,0.0923,31.1,-0.0245,True,0.6734,0.3758,0.3978,100.0,0.7604,0.1941,0.7745,median,0.0192,0.3418,-0.0561,Regime 3 (Parasitic),DANGER,0.95,-0.3289,-0.3196,-0.097,-0.4246,-0.4246,True,True,True
SHW,The Sherwin-Williams Company,Materials,2022-Q1,2022-03-31,usd,1.25,2.0784,239.49659729003906,1949.199951171875,11.06,5.63,1.91,8.21,62.29,6.7,1.0895,1.1287,0.1022,34.4,0.0904,False,0.6132,-0.0233,-0.0019,0.137,0.9974,0.0986,0.8711,median,0.017,0.0003,0.0022,Regime 2 (Subcritical),CAUTION,0.55,-0.1635,-0.0906,0.4186,-0.1901,-0.1901,False,False,
SHW,The Sherwin-Williams Company,Materials,2022-Q2,2022-06-30,usd,1.25,2.0784,215.32681274414062,1807.300048828125,11.06,6.08,1.96,9.8,55.81,7.22,1.2187,1.1303,0.0794,30.9,0.0847,False,0.5747,-0.2406,-0.2216,-11.465,1.1582,-0.1299,1.0,median,0.0139,-0.2038,0.0178,Regime 2 (Subcritical),CAUTION,0.55,0.083,0.1981,0.3587,-0.0992,-0.0992,False,False,
SHW,The Sherwin-Williams Company,Materials,2022-Q3,2022-09-30,usd,1.25,2.0784,197.37217712402344,1672.0,11.28,6.11,2.04,10.36,51.14,7.45,1.27,1.1326,0.0928,36.9,0.1203,False,0.5469,-0.4319,-0.4163,-3.12,1.1432,-0.1785,1.0,median,0.0106,-0.3153,0.1011,Regime 2 (Subcritical),CAUTION,0.55,0.1035,0.2583,0.9049,-0.0172,-0.0172,False,False,
SHW,The Sherwin-Williams Company,Materials,2022-Q4,2022-12-31,usd,1.25,2.0784,229.3496856689453,1826.199951171875,11.59,6.11,2.21,10.36,59.38,7.57,1.2447,1.1361,0.0541,30.2,0.0741,False,0.5781,-0.5585,-0.5455,-2.59,1.2397,-0.1436,1.0,median,0.0089,-0.3936,0.152,Regime 2 (Subcritical),CAUTION,0.55,0.1152,0.3159,0.4412,-0.1242,-0.1242,False,False,
SHW,The Sherwin-Williams Company,Materials,2023-Q1,2023-03-31,usd,1.25,2.0784,217.8027801513672,1969.0,11.55,6.77,2.36,9.68,56.17,7.59,1.0602,1.14,0.1591,54.7,0.0997,False,0.5638,-0.2421,-0.2279,-0.831,1.1137,-0.0839,1.0,median,0.01,-0.1034,0.1245,Regime 2 (Subcritical),CAUTION,0.55,0.1403,0.5599,0.5385,-0.0113,-0.0113,False,False,
SHW,The Sherwin-Williams Company,Materials,2023-Q2,2023-06-30,usd,1.25,2.0784,257.975341796875,1929.4000244140625,11.38,7.04,2.44,11.49,66.33,8.09,1.2116,1.1422,0.1124,44.2,0.0933,False,0.5871,0.0442,0.0596,1.527,0.908,0.0933,0.8772,median,0.0105,0.1726,0.113,Regime 2 (Subcritical),CAUTION,0.55,0.18,0.1341,0.3247,-0.1131,-0.1131,False,False,
SHW,The Sherwin-Williams Company,Materials,2023-Q3,2023-09-30,usd,1.25,2.0784,248.35305786132812,1866.0999755859375,11.24,7.03,2.58,11.66,63.58,8.13,1.2142,1.1447,0.0998,38.8,0.0864,False,0.5765,0.114,0.1304,2.494,0.9333,0.0803,0.8925,median,0.0106,0.2177,0.0873,Regime 2 (Subcritical),CAUTION,0.55,0.381,0.5282,0.3808,-0.0699,-0.0699,False,False,
SHW,The Sherwin-Williams Company,Materials,2023-Q4,2023-12-31,usd,1.25,2.0784,304.4058532714844,2071.800048828125,11.51,7.03,2.84,11.66,77.47,8.26,1.1827,1.1475,0.0378,23.4,0.0029,False,0.614,0.1643,0.1784,3.037,0.9132,0.0303,0.9566,median,0.01,0.266,0.0876,Regime 2 (Subcritical),CAUTION,0.55,-0.0168,0.1203,0.0883,-0.0382,-0.0382,False,False,
SHW,The Sherwin-Williams Company,Materials,2024-Q1,2024-03-31,usd,1.25,2.0784,339.74212646484375,2217.39990234375,11.4,7.2,3.01,10.12,86.12,7.93,0.9918,1.15,0.1355,45.3,0.053,False,0.6397,0.3709,0.3834,9.724,0.8807,0.0926,0.878,median,0.0087,0.4274,0.044,Regime 3 (Parasitic),DANGER,0.921,0.1366,0.0412,-0.0356,-0.1347,-0.1347,False,False,False
SHW,The Sherwin-Williams Company,Materials,2024-Q2,2024-06-30,usd,1.25,2.0784,292.5716857910156,2339.60009765625,11.3,7.38,3.14,12.25,73.82,8.52,1.1649,1.1504,0.0999,38.6,0.0093,False,0.598,0.0449,0.0552,2.066,0.9883,0.0797,0.8932,median,0.0071,0.107,0.0518,Regime 2 (Subcritical),CAUTION,0.55,0.1651,0.1704,0.1846,-0.0039,-0.0039,False,False,
SHW,The Sherwin-Williams Company,Materials,2024-Q3,2024-09-30,usd,1.25,2.0784,374.9296569824219,2659.39990234375,11.31,7.57,3.34,12.11,94.44,8.59,1.109,1.1508,0.0963,36.2,0.037,False,0.6419,0.3336,0.3408,7.204,1.0605,0.2344,0.7399,median,0.0053,0.3957,0.0549,Regime 3 (Parasitic),DANGER,0.884,-0.0814,-0.0851,-0.1226,-0.1753,-0.2203,False,True,True
SHW,The Sherwin-Williams Company,Materials,2024-Q4,2024-12-31,usd,1.25,2.0784,334.54254150390625,2641.0,11.11,7.57,3.53,12.11,84.07,8.58,1.0902,1.1507,0.0354,22.1,-0.0224,True,0.6215,0.0392,0.0432,2.122,1.0338,0.0849,0.887,median,0.0028,0.0817,0.0385,Regime 2 (Subcritical),CAUTION,0.55,0.0498,-0.0383,-0.0167,-0.0757,-0.1262,False,False,
SHW,The Sherwin-Williams Company,Materials,2025-Q1,2025-03-31,usd,1.25,2.0784,344.4068603515625,3122.800048828125,11.2,7.18,3.66,10.24,86.31,8.07,0.9444,1.15,0.1541,48.5,-0.1333,True,0.6368,-0.0149,-0.0149,0.125,1.3186,0.0475,0.9335,median,-0.0,0.0021,0.0171,Regime 2 (Subcritical),CAUTION,0.55,-0.0137,-0.0738,-0.0449,-0.123,-0.1512,False,False,
SHW,The Sherwin-Williams Company,Materials,2025-Q2,2025-06-30,usd,1.25,2.0784,339.3984680175781,3307.699951171875,11.35,8.05,3.81,12.47,84.61,8.92,1.0524,1.1473,0.117,42.6,-0.1988,True,0.6153,0.0942,0.0905,2.968,1.2442,0.0613,0.9158,median,-0.0026,0.1365,0.046,Regime 3 (Parasitic),DANGER,0.744,-0.0485,0.0122,-0.0308,-0.1387,-0.1387,False,False,False
SHW,The Sherwin-Williams Company,Materials,2025-Q3,2025-09-30,usd,1.25,2.0784,343.00628662109375,3873.199951171875,11.26,7.81,3.91,12.5,85.03,8.87,1.0663,1.1442,0.1133,40.2,-0.1556,True,0.6173,-0.13,-0.1377,-3.206,1.2548,0.0277,0.9601,median,-0.0057,-0.105,0.0327,Regime 2 (Subcritical),CAUTION,0.55,-0.07,-0.041,-0.041,-0.1478,-0.1478,False,False,
SHW,The Sherwin-Williams Company,Materials,2025-Q4,2025-12-31,usd,1.25,2.0784,321.73529052734375,4341.10009765625,12.0,7.81,4.14,12.5,79.69,9.11,1.0463,1.141,0.0408,24.0,0.0093,False,0.5991,-0.1022,-0.1134,-0.891,1.4123,0.0216,0.9685,median,-0.0085,-0.0535,0.06,Regime 2 (Subcritical),CAUTION,0.55,0.0731,0.0224,0.0224,-0.0914,-0.0914,False,False,
SHW,The Sherwin-Williams Company,Materials,2026-Q1,2026-03-31,usd,1.25,2.0784,318.98370361328125,4647.60009765625,11.89,7.88,4.21,11.12,78.66,8.77,0.9204,1.1374,0.1508,47.3,-0.1019,True,0.6038,-0.1617,-0.1765,-1.108,1.2793,0.0296,0.9575,median,-0.011,-0.0928,0.0837,Regime 2 (Subcritical),CAUTION,0.55,0.0313,0.0313,0.0313,-0.0836,-0.0836,False,False,
SHW,The Sherwin-Williams Company,Materials,2026-Q2,2026-06-30,usd,1.25,2.0784,343.5260009765625,4038.5,11.83,8.41,4.22,13.35,83.41,9.45,1.0568,1.1324,0.1092,40.2,-0.2231,True,0.6009,-0.0543,-0.0725,-0.246,1.0102,0.0203,0.9705,median,-0.0131,-0.0143,0.0582,Regime 2 (Subcritical),CAUTION,0.55,-0.0424,-0.0424,-0.0424,-0.0981,-0.0981,False,False,
ECL,Ecolab Inc.,Materials,2017-Q1,2017-03-31,usd,1.25,2.0784,113.19429016113281,1247.300048828125,11.03,4.36,3.42,1.49,32.83,5.08,0.1917,0.2376,0.3706,89.1,0.0589,False,0.5417,-0.1749,0.0082,1.22,0.8662,-0.0342,1.0,median,0.1923,0.0454,0.0372,Regime 2 (Subcritical),CAUTION,0.55,0.0318,0.1064,0.4407,-0.0069,-0.0069,False,False,
ECL,Ecolab Inc.,Materials,2017-Q2,2017-06-30,usd,1.25,2.0784,120.21854400634766,1240.699951171875,11.07,4.46,3.5,1.76,34.79,5.2,0.2206,0.239,0.3146,81.5,0.0641,False,0.5485,-0.1275,0.0592,2.18,0.84,-0.0019,1.0,median,0.1981,0.1094,0.0502,Regime 2 (Subcritical),CAUTION,0.55,0.0167,0.0695,0.5207,-0.0319,-0.0319,False,False,
ECL,Ecolab Inc.,Materials,2017-Q3,2017-09-30,usd,1.25,2.0784,116.79914093017578,1281.5,11.19,4.35,3.62,2.32,33.74,5.37,0.2911,0.2384,0.3198,83.9,0.0742,False,0.5313,-0.1457,0.0011,1.02,0.8398,0.0145,0.9786,median,0.1596,0.0574,0.0562,Regime 2 (Subcritical),CAUTION,0.55,0.0555,0.2138,0.549,-0.0191,-0.0191,False,False,
ECL,Ecolab Inc.,Materials,2017-Q4,2017-12-31,usd,1.25,2.0784,122.22827911376953,1306.300048828125,11.18,4.5,3.71,2.51,35.36,5.47,0.3061,0.2409,0.2883,77.0,0.0771,False,0.5368,-0.0242,0.0464,1.505,0.9512,0.134,0.8327,median,0.0757,0.1381,0.0917,Regime 2 (Subcritical),CAUTION,0.55,0.0494,0.1081,0.4656,-0.0501,-0.0501,False,False,
ECL,Ecolab Inc.,Materials,2018-Q1,2018-03-31,usd,1.25,2.0784,125.23275756835938,1322.800048828125,11.32,4.03,3.78,1.42,36.13,5.14,0.1814,0.245,0.3242,81.4,0.0905,False,0.5618,0.0566,0.0845,8.443,0.9488,0.0628,0.9139,median,0.0307,0.0959,0.0114,Regime 2 (Subcritical),CAUTION,0.55,0.1766,0.3324,0.2301,0.0,-0.0457,False,False,
ECL,Ecolab Inc.,Materials,2018-Q2,2018-06-30,usd,1.25,2.0784,128.57089233398438,1251.300048828125,11.1,4.11,3.76,1.98,37.14,5.24,0.2515,0.2451,0.2909,78.6,0.0772,False,0.5612,0.0341,0.0575,8.274,0.8991,0.0421,0.9406,median,0.0252,0.0654,0.0079,Regime 2 (Subcritical),CAUTION,0.55,0.0352,0.4228,0.4235,-0.0112,-0.0909,False,False,
ECL,Ecolab Inc.,Materials,2018-Q3,2018-09-30,usd,1.25,2.0784,144.0182647705078,1191.5,10.9,3.82,3.78,2.06,41.61,5.14,0.2717,0.2453,0.2951,80.9,0.0905,False,0.5895,0.2269,0.2531,100.0,0.8039,0.1073,0.8613,median,0.0286,0.2095,-0.0436,Regime 3 (Parasitic),DANGER,0.777,0.1279,0.2712,0.2798,-0.1213,-0.1921,False,False,False
ECL,Ecolab Inc.,Materials,2018-Q4,2018-12-31,usd,1.25,2.0784,135.76007080078125,1278.300048828125,10.88,3.8,3.84,2.33,39.06,5.21,0.305,0.2462,0.28,76.6,0.0697,False,0.5725,0.13,0.1492,100.0,1.0437,-0.0618,1.0,median,0.022,0.0995,-0.0498,Regime 2 (Subcritical),CAUTION,0.55,0.3351,0.3226,0.4891,-0.0394,-0.1396,False,False,
ECL,Ecolab Inc.,Materials,2019-Q1,2019-03-31,usd,1.25,2.0784,163.08413696289062,1293.0,11.2,4.0,3.88,1.47,47.0,5.14,0.1863,0.2483,0.3591,87.9,0.0781,False,0.6145,0.2512,0.2627,730.502,0.9107,0.0813,0.8914,median,0.0133,0.2631,0.0004,Regime 3 (Parasitic),DANGER,0.801,0.1122,-0.0878,0.2262,-0.2923,-0.2923,True,True,True
ECL,Ecolab Inc.,Materials,2019-Q2,2019-06-30,usd,1.25,2.0784,182.81399536132812,1409.699951171875,11.01,4.01,3.87,1.99,52.61,5.22,0.2532,0.2483,0.3044,80.3,0.0705,False,0.6306,0.3405,0.3512,100.0,1.041,0.0206,0.97,median,0.0129,0.3482,-0.003,Regime 3 (Parasitic),DANGER,0.891,-0.0161,0.0091,0.0831,-0.3555,-0.3555,True,True,True
ECL,Ecolab Inc.,Materials,2019-Q3,2019-09-30,usd,1.25,2.0784,183.79461669921875,1465.699951171875,10.95,3.85,3.86,2.35,52.97,5.25,0.3048,0.2483,0.2923,78.2,0.07,False,0.6303,0.2103,0.2199,11.193,1.2042,-0.001,1.0,median,0.0122,0.2415,0.0216,Regime 3 (Parasitic),DANGER,0.81,-0.1808,0.0068,0.0941,-0.3644,-0.3644,True,True,True
ECL,Ecolab Inc.,Materials,2019-Q4,2019-12-31,usd,1.25,2.0784,179.56288146972656,1519.5,10.92,3.94,3.95,2.24,51.79,5.26,0.2841,0.2495,0.2835,75.9,0.0853,False,0.626,0.2608,0.2715,26.589,0.9223,0.2442,0.7319,median,0.0133,0.2821,0.0106,Regime 3 (Parasitic),DANGER,0.811,0.036,0.1258,0.2348,-0.3495,-0.3495,True,True,True
ECL,Ecolab Inc.,Materials,2020-Q1,2020-03-31,usd,1.25,2.0784,145.36770629882812,1583.4000244140625,10.82,4.06,3.92,1.59,42.04,5.1,0.1991,0.251,0.357,83.6,0.2298,False,0.5937,-0.1112,-0.1037,1.0,1.3633,-0.1008,1.0,median,0.0107,-0.1115,-0.0079,Regime 2 (Subcritical),CAUTION,0.55,0.2729,0.3862,0.1545,-0.0586,-0.0586,False,False,
ECL,Ecolab Inc.,Materials,2020-Q2,2020-06-30,usd,1.25,2.0784,186.02102661132812,1800.5,8.78,3.15,3.14,0.77,53.09,3.96,0.122,0.2511,0.3897,84.6,0.2298,False,0.6741,0.2775,0.2854,100.0,1.2425,0.0122,0.982,median,0.0115,0.009,-0.2763,Regime 3 (Parasitic),DANGER,0.877,0.0829,0.0446,-0.2115,-0.0751,-0.2558,False,True,True
ECL,Ecolab Inc.,Materials,2020-Q3,2020-09-30,usd,1.25,2.0784,187.2855682373047,1895.5,8.98,3.21,3.15,1.65,53.45,4.25,0.2589,0.2491,0.3261,79.5,0.1898,False,0.6649,0.2197,0.2218,100.0,1.1182,0.0992,0.8705,median,0.0031,0.0091,-0.2128,Regime 3 (Parasitic),DANGER,0.82,0.0759,0.0531,-0.262,-0.0813,-0.264,False,True,True
ECL,Ecolab Inc.,Materials,2020-Q4,2020-12-31,usd,1.25,2.0784,203.20858764648438,1895.0999755859375,8.98,3.24,3.12,1.66,58.06,4.25,0.2616,0.2478,0.3,74.1,0.2137,False,0.6756,0.3326,0.3276,100.0,1.0728,0.1158,0.852,median,-0.0069,0.1143,-0.2133,Regime 3 (Parasitic),DANGER,0.883,-0.0288,0.0938,-0.312,-0.0548,-0.3814,False,True,True
ECL,Ecolab Inc.,Materials,2021-Q1,2021-03-31,usd,1.25,2.0784,201.5082550048828,1713.800048828125,9.09,3.45,3.08,1.19,57.61,4.2,0.1821,0.247,0.3611,83.6,0.2154,False,0.6766,0.5218,0.5086,100.0,0.7041,0.3339,0.6663,median,-0.0159,0.3151,-0.1935,Regime 3 (Parasitic),DANGER,0.95,-0.0021,-0.1671,-0.2082,-0.263,-0.3762,True,True,True
ECL,Ecolab Inc.,Materials,2021-Q2,2021-06-30,usd,1.25,2.0784,194.31838989257812,1771.5999755859375,9.1,3.41,3.08,1.79,55.59,4.35,0.2759,0.2455,0.3107,77.5,0.2166,False,0.6669,-0.0285,-0.0467,0.497,0.7098,0.2339,0.7403,median,-0.0227,0.0461,0.0928,Regime 2 (Subcritical),CAUTION,0.55,0.149,-0.2452,-0.0713,-0.2876,-0.3531,True,True,
ECL,Ecolab Inc.,Materials,2021-Q3,2021-09-30,usd,1.25,2.0784,197.23768615722656,1757.0,9.02,3.33,3.07,1.86,56.53,4.32,0.2912,0.2448,0.2658,71.9,0.1708,False,0.6699,0.053,0.0389,3.278,0.7237,0.1319,0.8348,median,-0.0176,0.056,0.0171,Regime 2 (Subcritical),CAUTION,0.55,-0.1491,-0.2993,-0.1673,-0.3012,-0.3627,True,True,
ECL,Ecolab Inc.,Materials,2021-Q4,2021-12-31,usd,1.25,2.0784,222.2793426513672,1828.5999755859375,12.29,3.47,3.29,1.55,63.77,5.15,0.2294,0.2448,0.3109,72.1,0.1289,False,0.6645,-0.088,-0.0974,0.491,0.7604,0.1941,0.7745,median,-0.012,0.0939,0.1913,Regime 2 (Subcritical),CAUTION,0.55,-0.3234,-0.371,-0.1323,-0.4345,-0.4345,True,True,
ECL,Ecolab Inc.,Materials,2022-Q1,2022-03-31,usd,1.25,2.0784,167.8334503173828,1949.199951171875,12.22,3.66,3.29,1.02,47.95,5.05,0.1466,0.2447,0.3417,77.4,0.1158,False,0.6247,-0.3582,-0.3666,-1.003,0.9974,0.0986,0.8711,median,-0.0095,-0.1836,0.1831,Regime 2 (Subcritical),CAUTION,0.55,-0.1679,-0.0494,0.3411,-0.251,-0.251,True,True,
ECL,Ecolab Inc.,Materials,2022-Q2,2022-06-30,usd,1.25,2.0784,146.67404174804688,1807.300048828125,11.97,3.76,3.26,1.7,41.8,5.17,0.2425,0.2433,0.308,76.1,0.1022,False,0.5928,-0.4511,-0.4597,-1.634,1.1582,-0.1299,1.0,median,-0.0088,-0.2851,0.1745,Regime 2 (Subcritical),CAUTION,0.55,-0.0327,0.2304,0.5855,-0.143,-0.143,False,False,
ECL,Ecolab Inc.,Materials,2022-Q3,2022-09-30,usd,1.25,2.0784,138.2115478515625,1672.0,11.66,3.51,3.26,1.93,39.36,5.09,0.2854,0.2423,0.2992,76.2,0.0966,False,0.5834,-0.5157,-0.526,-2.206,1.1432,-0.1785,1.0,median,-0.0102,-0.3619,0.1641,Regime 2 (Subcritical),CAUTION,0.55,0.1544,0.1883,0.8039,-0.0905,-0.0905,False,False,
ECL,Ecolab Inc.,Materials,2022-Q4,2022-12-31,usd,1.25,2.0784,139.81700134277344,1826.199951171875,11.69,3.69,3.29,1.6,39.78,5.07,0.2287,0.242,0.279,69.7,0.147,False,0.5869,-0.4438,-0.456,1.0,1.2397,-0.1436,1.0,median,-0.0117,-0.472,-0.016,Regime 2 (Subcritical),CAUTION,0.55,0.2763,0.364,0.6285,-0.0162,-0.0162,False,False,
ECL,Ecolab Inc.,Materials,2023-Q1,2023-03-31,usd,1.25,2.0784,159.54615783691406,1969.0,11.68,3.96,3.31,1.41,45.42,5.09,0.1933,0.2416,0.3212,78.9,0.1104,False,0.6116,-0.0497,-0.0629,-6.183,1.1137,-0.0839,1.0,median,-0.0127,-0.0541,0.0088,Regime 2 (Subcritical),CAUTION,0.55,0.0294,0.4108,0.5395,-0.0432,-0.0432,False,False,
ECL,Ecolab Inc.,Materials,2023-Q2,2023-06-30,usd,1.25,2.0784,180.46609497070312,1929.4000244140625,11.7,4.05,3.33,1.94,51.43,5.25,0.263,0.2407,0.2765,72.5,0.1178,False,0.6269,0.2035,0.1919,13.407,0.908,0.0933,0.8772,median,-0.0108,0.2073,0.0155,Regime 3 (Parasitic),DANGER,0.753,0.0687,0.2886,0.4625,-0.1542,-0.1542,False,False,False
ECL,Ecolab Inc.,Materials,2023-Q3,2023-09-30,usd,1.25,2.0784,164.24166870117188,1866.0999755859375,11.63,4.1,3.33,2.26,46.83,5.33,0.3046,0.2403,0.2517,66.6,0.1515,False,0.6066,0.1368,0.1272,3.743,0.9333,0.0803,0.8925,median,-0.0082,0.1736,0.0464,Regime 3 (Parasitic),DANGER,0.637,0.391,0.5408,0.6683,-0.0567,-0.0567,False,False,False
ECL,Ecolab Inc.,Materials,2023-Q4,2023-12-31,usd,1.25,2.0784,192.86878967285156,2071.800048828125,11.64,4.14,3.47,2.36,55.04,5.4,0.31,0.2407,0.239,62.9,0.1471,False,0.6327,0.2665,0.2607,5.062,0.9132,0.0303,0.9566,median,-0.0054,0.3248,0.0642,Regime 3 (Parasitic),DANGER,0.816,0.2067,0.1948,0.3613,-0.0149,-0.0149,False,False,False
ECL,Ecolab Inc.,Materials,2024-Q1,2024-03-31,usd,1.25,2.0784,225.0852508544922,2217.39990234375,11.53,4.31,3.45,2.07,64.28,5.34,0.2669,0.2417,0.2566,66.1,0.1219,False,0.6589,0.2988,0.2994,7.249,0.8807,0.0926,0.878,median,0.0005,0.3473,0.0479,Regime 3 (Parasitic),DANGER,0.849,0.1221,0.1232,0.1908,-0.0429,-0.0429,False,False,False
ECL,Ecolab Inc.,Materials,2024-Q2,2024-06-30,usd,1.25,2.0784,232.55149841308594,2339.60009765625,11.16,4.3,3.42,2.63,66.16,5.38,0.3404,0.2428,0.2151,58.4,0.0948,False,0.6614,0.219,0.2289,11.001,0.9883,0.0797,0.8932,median,0.0086,0.2518,0.0229,Regime 3 (Parasitic),DANGER,0.769,0.0145,0.1555,0.2076,-0.0347,-0.0347,False,False,False
ECL,Ecolab Inc.,Materials,2024-Q3,2024-09-30,usd,1.25,2.0784,250.0476837158203,2659.39990234375,11.18,4.1,3.55,4.18,70.81,5.75,0.5467,0.2447,0.2124,56.2,0.1245,False,0.6606,0.3185,0.3377,5.45,1.0605,0.2344,0.7399,median,0.0182,0.4136,0.0759,Regime 3 (Parasitic),DANGER,0.869,-0.0019,0.0834,0.1077,-0.1116,-0.1116,False,False,False
ECL,Ecolab Inc.,Materials,2024-Q4,2024-12-31,usd,1.25,2.0784,230.0743865966797,2641.0,11.22,4.2,3.75,2.33,65.2,5.37,0.2931,0.2494,0.1968,51.4,0.1744,False,0.6594,0.1351,0.1747,100.0,1.0338,0.0849,0.887,median,0.0356,0.1694,-0.0054,Regime 3 (Parasitic),DANGER,0.685,0.1693,0.1319,0.2039,-0.0345,-0.0345,False,False,False
ECL,Ecolab Inc.,Materials,2025-Q1,2025-03-31,usd,1.25,2.0784,249.57052612304688,3122.800048828125,11.09,4.2,3.78,2.22,70.75,5.32,0.2785,0.2536,0.2524,60.9,0.1752,False,0.672,0.0475,0.0991,100.0,1.3186,0.0475,0.9335,median,0.0479,0.0959,-0.0032,Regime 2 (Subcritical),CAUTION,0.55,0.0817,0.0602,0.1098,-0.1099,-0.1099,False,False,
ECL,Ecolab Inc.,Materials,2025-Q2,2025-06-30,usd,1.25,2.0784,265.89190673828125,3307.699951171875,11.24,4.27,3.94,2.84,75.41,5.57,0.346,0.2572,0.228,56.5,0.2175,False,0.6739,0.0336,0.0947,3.621,1.2442,0.0613,0.9158,median,0.0574,0.1308,0.0361,Regime 2 (Subcritical),CAUTION,0.55,-0.0094,0.0451,0.0417,-0.0808,-0.0808,False,False,
ECL,Ecolab Inc.,Materials,2025-Q3,2025-09-30,usd,1.25,2.0784,270.9043884277344,3873.199951171875,11.25,4.32,4.06,3.04,76.72,5.67,0.3629,0.261,0.2161,55.0,0.2118,False,0.6738,0.0277,0.0948,100.0,1.2548,0.0277,0.9601,median,0.0643,0.0801,-0.0147,Regime 2 (Subcritical),CAUTION,0.55,-0.0233,0.0224,0.0224,-0.0978,-0.0978,False,False,
ECL,Ecolab Inc.,Materials,2025-Q4,2025-12-31,usd,1.25,2.0784,260.4148254394531,4341.10009765625,12.92,4.32,4.28,3.04,73.44,6.14,0.3539,0.265,0.5664,84.9,0.1438,False,0.6575,-0.0758,-0.0137,0.896,1.4123,0.0216,0.9685,median,0.0608,0.1189,0.1327,Regime 2 (Subcritical),CAUTION,0.55,0.0661,0.0636,0.0636,-0.0614,-0.0614,False,False,
ECL,Ecolab Inc.,Materials,2026-Q1,2026-03-31,usd,1.25,2.0784,264.5940246582031,4647.60009765625,12.96,4.41,4.4,2.49,74.46,6.06,0.2825,0.2692,0.2295,54.5,0.0856,False,0.6615,-0.1411,-0.0795,0.391,1.2793,0.0296,0.9575,median,0.0598,0.051,0.1305,Regime 2 (Subcritical),CAUTION,0.55,0.0468,0.0468,0.0468,-0.0763,-0.0763,False,False,
ECL,Ecolab Inc.,Materials,2026-Q2,2026-06-30,usd,1.25,2.0784,277.87176513671875,4038.5,12.87,4.57,4.45,3.03,77.89,6.23,0.3364,0.2727,0.2431,52.4,0.3517,False,0.6635,-0.1403,-0.0787,0.292,1.0102,0.0203,0.9705,median,0.0585,0.0324,0.111,Regime 2 (Subcritical),CAUTION,0.55,-0.0032,-0.0032,-0.0032,-0.0555,-0.0555,False,False,
NEM,Newmont Corporation,Materials,2017-Q1,2017-03-31,usd,1.25,2.0784,25.8345890045166,1247.300048828125,2.14,0.32,12.38,1.61,13.78,4.11,0.1269,0.1097,0.0085,-14.5,0.3239,False,0.4781,-0.3213,-0.1137,1.0,0.8662,-0.0342,1.0,median,0.2444,-0.2046,-0.0909,Regime 2 (Subcritical),CAUTION,0.55,0.142,0.1963,0.1135,-0.031,-0.0895,False,False,
NEM,Newmont Corporation,Materials,2017-Q2,2017-06-30,usd,1.25,2.0784,25.425386428833008,1240.699951171875,2.14,0.36,12.26,2.1,13.56,4.22,0.1661,0.1115,0.0077,-10.7,0.3508,False,0.4609,-0.3381,-0.1187,1.0,0.84,-0.0019,1.0,median,0.261,-0.2206,-0.1019,Regime 2 (Subcritical),CAUTION,0.55,0.1631,0.1775,0.2523,-0.0154,-0.0748,False,False,
NEM,Newmont Corporation,Materials,2017-Q3,2017-09-30,usd,1.25,2.0784,29.502161026000977,1281.5,2.14,0.4,12.17,1.88,15.73,4.15,0.1496,0.1159,0.0076,-12.1,0.3221,False,0.4827,-0.1027,0.0178,1.0,0.8398,0.0145,0.9786,median,0.1429,-0.0351,-0.0529,Regime 2 (Subcritical),CAUTION,0.55,0.0373,-0.1914,0.0573,-0.2105,-0.2105,True,True,
NEM,Newmont Corporation,Materials,2017-Q4,2017-12-31,usd,1.25,2.0784,29.571924209594727,1306.300048828125,2.14,0.4,12.27,1.95,15.76,4.19,0.1538,0.1198,0.0073,-21.4,0.3423,False,0.481,-0.0051,0.0775,3.634,0.9512,0.134,0.8327,median,0.0972,0.107,0.0294,Regime 2 (Subcritical),CAUTION,0.55,-0.0046,-0.0772,0.2044,-0.2179,-0.2179,True,True,
NEM,Newmont Corporation,Materials,2018-Q1,2018-03-31,usd,1.25,2.0784,30.904956817626953,1322.800048828125,2.14,0.37,12.31,1.84,16.49,4.17,0.1448,0.1235,0.0077,-9.5,0.3251,False,0.4907,0.0628,0.1673,14.513,0.9488,0.0628,0.9139,median,0.1185,0.1797,0.0124,Regime 2 (Subcritical),CAUTION,0.55,-0.2245,-0.0739,0.2477,-0.2427,-0.2427,True,True,
NEM,Newmont Corporation,Materials,2018-Q2,2018-06-30,usd,1.25,2.0784,29.93789291381836,1251.300048828125,2.14,0.4,12.35,1.52,15.97,4.1,0.1196,0.1263,0.0085,-15.4,0.2989,False,0.4942,0.0791,0.1905,100.0,0.8991,0.0421,0.9406,median,0.1249,0.1636,-0.0269,Regime 2 (Subcritical),CAUTION,0.55,-0.0738,0.0681,0.677,-0.2109,-0.2109,True,True,
NEM,Newmont Corporation,Materials,2018-Q3,2018-09-30,usd,1.25,2.0784,24.089534759521484,1191.5,2.14,0.38,12.21,1.6,12.83,4.08,0.1274,0.1279,0.0082,-5.2,0.3027,False,0.4698,-0.2782,-0.1886,1.0,0.8039,0.1073,0.8613,median,0.0982,-0.204,-0.0153,Regime 2 (Subcritical),CAUTION,0.55,0.1883,0.3012,1.1853,-0.0247,-0.0247,False,False,
NEM,Newmont Corporation,Materials,2018-Q4,2018-12-31,usd,1.25,2.0784,27.754152297973633,1278.300048828125,0.15,0.38,12.26,2.16,14.79,3.74,0.1712,0.1288,0.0069,-9.5,0.3718,False,0.5265,-0.0134,0.0497,1.0,1.0437,-0.0618,1.0,median,0.072,-0.0634,-0.1132,Regime 2 (Subcritical),CAUTION,0.55,0.1305,0.3052,0.8462,-0.1111,-0.1111,False,False,
NEM,Newmont Corporation,Materials,2019-Q1,2019-03-31,usd,1.25,2.0784,28.76800537109375,1293.0,0.15,0.34,12.26,1.93,23.58,3.67,0.1532,0.1305,0.0079,-6.7,0.3754,False,0.5875,0.4362,0.4834,100.0,0.9107,0.0813,0.8914,median,0.0554,0.3578,-0.1256,Regime 3 (Parasitic),DANGER,0.95,0.1138,0.3533,0.7914,-0.1385,-0.1385,False,False,False
NEM,Newmont Corporation,Materials,2019-Q2,2019-06-30,usd,1.25,2.0784,31.84071159362793,1409.699951171875,2.23,0.45,23.38,1.32,26.11,6.85,0.0556,0.1322,0.0112,-5.4,0.2041,False,0.5366,-0.0569,-0.0203,0.96,1.041,0.0206,0.97,median,0.0451,0.4915,0.5118,Regime 2 (Subcritical),CAUTION,0.55,0.1348,0.5932,0.7216,-0.0367,-0.0367,False,False,
NEM,Newmont Corporation,Materials,2019-Q3,2019-09-30,usd,1.25,2.0784,31.50106430053711,1465.699951171875,3.14,0.51,26.2,2.84,25.83,8.17,0.1065,0.1317,0.0103,-8.7,0.2829,False,0.5007,-0.0169,0.006,1.009,1.2042,-0.001,1.0,median,0.0293,0.6995,0.6934,Regime 2 (Subcritical),CAUTION,0.55,0.2304,0.6795,0.4858,-0.0345,-0.0345,False,False,
NEM,Newmont Corporation,Materials,2019-Q4,2019-12-31,usd,1.25,2.0784,36.22374725341797,1519.5,2.67,0.51,25.28,3.12,29.27,7.89,0.121,0.1308,0.0092,-14.0,0.2625,False,0.5105,-0.0772,-0.0646,0.913,0.9223,0.2442,0.7319,median,0.0155,0.6824,0.747,Regime 2 (Subcritical),CAUTION,0.55,0.4311,0.4146,0.4963,-0.0883,-0.0883,False,False,
NEM,Newmont Corporation,Materials,2020-Q1,2020-03-31,usd,1.25,2.0784,37.8559684753418,1583.4000244140625,2.76,0.37,24.95,3.29,30.38,7.84,0.1299,0.13,0.0105,-14.1,0.3073,False,0.5124,-0.5025,-0.5049,0.334,1.3633,-0.1008,1.0,median,-0.0035,0.2535,0.7584,Regime 2 (Subcritical),CAUTION,0.55,0.3975,0.3641,0.8601,0.0,0.0,False,False,
NEM,Newmont Corporation,Materials,2020-Q2,2020-06-30,usd,1.25,2.0784,51.838863372802734,1800.5,2.77,0.39,24.68,1.38,41.63,7.3,0.0549,0.1295,0.0115,-12.5,0.2487,False,0.5732,0.416,0.4019,7.21,1.2425,0.0122,0.982,median,-0.0205,0.4667,0.0647,Regime 3 (Parasitic),DANGER,0.95,-0.0223,0.0554,0.0285,-0.1099,-0.1099,False,False,False
NEM,Newmont Corporation,Materials,2020-Q3,2020-09-30,usd,1.25,2.0784,53.477901458740234,1895.5,2.77,0.43,24.33,3.36,42.96,7.72,0.1355,0.1278,0.0088,-8.2,0.3336,False,0.556,0.5859,0.5656,100.0,1.1182,0.0992,0.8705,median,-0.0294,0.5089,-0.0567,Regime 3 (Parasitic),DANGER,0.95,-0.0344,-0.1152,-0.2884,-0.1372,-0.3182,False,True,True
NEM,Newmont Corporation,Materials,2020-Q4,2020-12-31,usd,1.25,2.0784,50.8162956237793,1895.0999755859375,2.77,0.43,24.28,3.36,40.65,7.71,0.1358,0.1268,0.0101,-10.1,0.3024,False,0.548,0.3747,0.3523,100.0,1.0728,0.1158,0.852,median,-0.0315,0.3286,-0.0238,Regime 3 (Parasitic),DANGER,0.925,0.0678,0.074,-0.149,-0.092,-0.3266,False,True,True
NEM,Newmont Corporation,Materials,2021-Q1,2021-03-31,usd,1.25,2.0784,51.638755798339844,1713.800048828125,2.77,0.38,24.08,2.24,41.37,7.37,0.0914,0.1261,0.0098,-11.8,0.333,False,0.5644,0.3955,0.3712,100.0,0.7041,0.3339,0.6663,median,-0.0309,0.3087,-0.0624,Regime 3 (Parasitic),DANGER,0.945,-0.0936,0.3636,-0.122,-0.101,-0.3374,False,True,True
NEM,Newmont Corporation,Materials,2021-Q2,2021-06-30,usd,1.25,2.0784,54.71027374267578,1771.5999755859375,2.77,0.4,24.5,2.6,43.72,7.57,0.1044,0.1251,0.0091,-11.7,0.3134,False,0.5665,0.0396,0.0133,1.374,0.7098,0.2339,0.7403,median,-0.0345,0.049,0.0356,Regime 2 (Subcritical),CAUTION,0.55,-0.0249,-0.0255,-0.2716,-0.1515,-0.3746,False,True,
NEM,Newmont Corporation,Materials,2021-Q3,2021-09-30,usd,1.25,2.0784,47.318885803222656,1757.0,2.77,0.4,23.71,0.01,37.73,6.72,0.0005,0.124,0.0094,-5.5,0.1564,False,0.581,0.0317,0.0086,1.0,0.7237,0.1319,0.8348,median,-0.0301,-0.1298,-0.1383,Regime 2 (Subcritical),CAUTION,0.55,0.4881,-0.1957,-0.263,-0.2294,-0.2769,True,True,
NEM,Newmont Corporation,Materials,2021-Q4,2021-12-31,usd,1.25,2.0784,54.57868957519531,1828.5999755859375,2.77,0.4,24.12,0.01,43.23,6.83,0.0005,0.1216,2.7765,-4199.7,-5.5066,True,0.5952,0.2146,0.1828,100.0,0.7604,0.1941,0.7745,median,-0.0415,0.0614,-0.1214,Regime 3 (Parasitic),DANGER,0.865,0.0015,-0.2077,-0.2771,-0.373,-0.4129,True,True,True
NEM,Newmont Corporation,Materials,2022-Q1,2022-03-31,usd,1.25,2.0784,70.41641235351562,1949.199951171875,2.77,0.43,24.07,1.79,55.89,7.27,0.0731,0.1182,0.009,-7.7,0.2618,False,0.6113,0.3693,0.3146,100.0,0.9974,0.0986,0.8711,median,-0.0648,0.3007,-0.0139,Regime 3 (Parasitic),DANGER,0.919,-0.463,-0.3561,-0.511,-0.5141,-0.5958,True,True,True
NEM,Newmont Corporation,Materials,2022-Q2,2022-06-30,usd,1.25,2.0784,53.317630767822266,1807.300048828125,2.77,0.47,24.13,1.55,42.32,7.23,0.0629,0.115,0.0089,-10.3,0.2494,False,0.5741,0.0893,0.0131,1.0,1.1582,-0.1299,1.0,median,-0.0843,-0.0326,-0.0457,Regime 2 (Subcritical),CAUTION,0.55,-0.1862,-0.2526,-0.241,-0.3582,-0.4661,True,True,
NEM,Newmont Corporation,Materials,2022-Q3,2022-09-30,usd,1.25,2.0784,38.05739212036133,1672.0,2.77,0.61,24.15,0.85,30.21,7.1,0.0344,0.1118,0.0102,-12.2,0.1918,False,0.5436,-0.1747,-0.2763,-4.134,1.1432,-0.1785,1.0,median,-0.1035,-0.2225,0.0538,Regime 2 (Subcritical),CAUTION,0.55,0.1913,-0.0836,0.3756,-0.1009,-0.2521,False,True,
NEM,Newmont Corporation,Materials,2022-Q4,2022-12-31,usd,1.25,2.0784,43.24348449707031,1826.199951171875,1.97,0.61,24.07,0.85,34.29,6.88,0.0345,0.1085,0.0371,-78.2,0.1425,False,0.5661,-0.1259,-0.2387,-32.214,1.2397,-0.1436,1.0,median,-0.1141,-0.2315,0.0072,Regime 2 (Subcritical),CAUTION,0.55,-0.1227,-0.1314,-0.2042,-0.2946,-0.3734,True,True,
NEM,Newmont Corporation,Materials,2023-Q1,2023-03-31,usd,1.25,2.0784,45.33762741088867,1969.0,1.97,0.44,24.1,1.4,36.03,6.98,0.0572,0.105,0.0098,-15.4,0.2352,False,0.5662,-0.2858,-0.3983,1.0,1.1137,-0.0839,1.0,median,-0.1181,-0.439,-0.0406,Regime 2 (Subcritical),CAUTION,0.55,-0.2308,-0.2405,0.0423,-0.3722,-0.3722,True,True,
NEM,Newmont Corporation,Materials,2023-Q2,2023-06-30,usd,1.25,2.0784,39.84994125366211,1929.4000244140625,1.97,0.46,24.28,0.62,31.67,6.83,0.0251,0.1017,0.0097,-16.0,0.1572,False,0.564,-0.1132,-0.2334,1.0,0.908,0.0933,0.8772,median,-0.1223,-0.2898,-0.0564,Regime 2 (Subcritical),CAUTION,0.55,-0.0099,0.0155,0.4064,-0.2857,-0.2857,True,True,
NEM,Newmont Corporation,Materials,2023-Q3,2023-09-30,usd,1.25,2.0784,34.8752326965332,1866.0999755859375,1.97,0.49,24.47,0.63,27.72,6.89,0.0253,0.0983,0.0105,-23.5,0.1602,False,0.5544,0.0793,-0.0568,1.0,0.9333,0.0803,0.8925,median,-0.1292,-0.086,-0.0292,Regime 2 (Subcritical),CAUTION,0.55,0.0265,0.5606,1.4968,-0.1515,-0.1515,False,False,
NEM,Newmont Corporation,Materials,2023-Q4,2023-12-31,usd,1.25,2.0784,39.454925537109375,2071.800048828125,3.0,0.49,37.56,0.63,45.45,10.42,0.0166,0.0948,0.0721,-128.8,0.0995,False,0.5644,-0.0005,-0.134,0.678,0.9132,0.0303,0.9566,median,-0.1352,0.2817,0.4157,Regime 2 (Subcritical),CAUTION,0.55,0.0377,-0.073,1.5952,-0.2701,-0.2701,True,True,
NEM,Newmont Corporation,Materials,2024-Q1,2024-03-31,usd,1.25,2.0784,34.433929443359375,2217.39990234375,2.79,0.62,33.56,0.68,39.71,9.41,0.0199,0.0911,0.0094,0.2,0.0622,False,0.5586,-0.0578,-0.2023,0.324,0.8807,0.0926,0.878,median,-0.1417,0.0972,0.2995,Regime 2 (Subcritical),CAUTION,0.55,0.4957,0.3557,2.0792,0.0,0.0,False,False,
NEM,Newmont Corporation,Materials,2024-Q2,2024-06-30,usd,1.25,2.0784,40.4688720703125,2339.60009765625,2.79,0.6,33.66,3.41,46.44,10.11,0.0996,0.0875,0.011,1.3,0.2098,False,0.5436,0.1464,-0.0093,0.976,0.9883,0.0797,0.8932,median,-0.1509,0.3827,0.392,Regime 2 (Subcritical),CAUTION,0.55,-0.0816,0.429,1.3153,-0.102,-0.102,False,False,
NEM,Newmont Corporation,Materials,2024-Q3,2024-09-30,usd,1.25,2.0784,51.912837982177734,2659.39990234375,2.72,0.64,33.7,3.69,59.1,10.19,0.1074,0.0847,0.0083,-1.0,0.2177,False,0.5712,0.5125,0.3665,1.938,1.0605,0.2344,0.7399,median,-0.1488,0.7571,0.3907,Regime 3 (Parasitic),DANGER,0.95,-0.086,0.609,1.4618,-0.3036,-0.3036,True,True,True
NEM,Newmont Corporation,Materials,2024-Q4,2024-12-31,usd,1.25,2.0784,36.364768981933594,2641.0,2.66,0.64,33.55,3.69,40.98,10.13,0.1079,0.0827,0.0125,-7.2,0.2217,False,0.5297,0.0679,-0.0754,1.0,1.0338,0.0849,0.887,median,-0.136,-0.1035,-0.0281,Regime 2 (Subcritical),CAUTION,0.55,0.5974,1.7282,2.5144,0.0,0.0,False,False,
NEM,Newmont Corporation,Materials,2025-Q1,2025-03-31,usd,1.25,2.0784,47.45067596435547,3122.800048828125,2.66,0.61,33.57,7.56,52.81,11.1,0.2213,0.0814,0.0076,-9.3,0.2662,False,0.5252,0.2359,0.1203,1.73,1.3186,0.0475,0.9335,median,-0.113,0.2852,0.1649,Regime 2 (Subcritical),CAUTION,0.55,0.7651,1.2713,1.6933,-0.0849,-0.0849,False,False,
NEM,Newmont Corporation,Materials,2025-Q2,2025-06-30,usd,1.25,2.0784,57.527313232421875,3307.699951171875,2.66,0.54,33.59,8.24,63.19,11.26,0.2415,0.0818,0.0071,-19.2,0.3218,False,0.5492,0.27,0.2009,2.874,1.2442,0.0613,0.9158,median,-0.0676,0.3081,0.1072,Regime 2 (Subcritical),CAUTION,0.55,0.7239,0.6202,1.2216,-0.0156,-0.0156,False,False,
NEM,Newmont Corporation,Materials,2025-Q3,2025-09-30,usd,1.25,2.0784,83.52658081054688,3873.199951171875,2.66,0.5,33.62,7.33,91.15,11.03,0.2147,0.0837,0.0068,-8.5,0.2957,False,0.6148,0.3664,0.3539,5.46,1.2548,0.0277,0.9601,median,-0.0123,0.4333,0.0794,Regime 3 (Parasitic),DANGER,0.95,0.2903,0.5301,0.5301,-0.0674,-0.0674,False,False,False
NEM,Newmont Corporation,Materials,2025-Q4,2025-12-31,usd,1.25,2.0784,99.20967864990234,4341.10009765625,2.66,0.5,33.62,7.33,108.04,11.03,0.2147,0.0865,0.0064,-2.8,0.3429,False,0.6401,0.8393,0.8847,11.459,1.4123,0.0216,0.9685,median,0.0448,0.9693,0.0846,Regime 3 (Parasitic),DANGER,0.95,-0.0615,0.2882,0.2882,-0.1028,-0.1028,False,False,False
NEM,Newmont Corporation,Materials,2026-Q1,2026-03-31,usd,1.25,2.0784,107.77347564697266,4647.60009765625,2.66,0.5,33.62,13.05,115.05,12.46,0.3824,0.0901,0.0054,-12.4,0.3108,False,0.6262,0.5592,0.6635,6.76,1.2793,0.0296,0.9575,median,0.1013,0.7787,0.1152,Regime 3 (Parasitic),DANGER,0.95,0.1858,0.1858,0.1858,-0.1741,-0.1741,False,False,False
NEM,Newmont Corporation,Materials,2026-Q2,2026-06-30,usd,1.25,2.0784,93.20597839355469,4038.5,2.66,0.48,33.62,8.81,98.21,11.39,0.2583,0.0958,0.0064,-17.1,0.358,False,0.6193,0.2641,0.4291,37.13,1.0102,0.0203,0.9705,median,0.1588,0.441,0.0119,Regime 3 (Parasitic),DANGER,0.814,0.3712,0.3712,0.3712,-0.045,-0.045,False,False,False
